,0,1,2,3,4,5,6,7,8,9
0,37519,29518,205961,513,60304,4800,12302,49465,41494,203556
1,42885,13000,203228,12593,9067,8865,8937,202208,20773,42393
2,45906,20001,33080,20926,138398,30983,10242,43081,37390,395823
3,18126,397142,20135,8053,42442,39422,134090,9607,20776,6905
4,13041,25310,50999,1836,23316,3215,43561,37680,206404,202870
5,21283,200567,15744,41589,198471,36817,62000,8879,41009,36492
6,12768,57631,200675,6667,48481,201557,15930,51892,50288,201701
7,43507,19397,17523,50266,62173,46997,13331,131627,15962,59861
8,1955,43413,15962,43542,44712,20676,57069,44712,13188,57707
9,135887,42610,24689,62538,25159,28972,44244,8708,25159,34779
10,25061,17451,199289,62098,8581,208905,196957,14383,20953,25885
11,200272,3212,44375,57971,31549,202562,35323,20634,200862,31204
12,37386,4608,7247,21699,46997,395075,6597,42227,7828,62513
13,132933,45528,27879,13969,8315,48362,17210,134090,9318,7727
14,47794,201290,47524,206313,6510,202583,21283,51018,50710,15796
15,60149,59752,201213,2914,210218,14117,37611,49560,44973,212934
16,51604,61400,209456,13118,35754,3226,8985,50448,31323,5409
17,15962,14949,36909,15895,20473,328358,51773,7514,42000,30784
18,56478,199298,34911,5610,28851,35612,50163,197029,60840,197318
19,9367,2119,56478,16796,9367,28725,13188,43754,2514,35612
20,48585,34245,34622,20657,49902,6720,206006,205976,43910,42038
21,16095,42717,199995,211321,48275,1257,52000,6789,5413,62418
22,327844,4528,4128,3605,31693,30844,7594,786,21699,4787
23,137257,45797,264640,11994,201860,49560,45828,14117,39861,267685
24,12586,8676,18106,61438,39861,57752,201860,29605,8676,51155
25,13246,44285,205112,41354,4713,262239,5377,39351,21127,271885
26,31200,201557,58067,12768,57571,49828,48511,50473,49866,15743
27,50971,264605,201686,1241,39310,10753,35558,7420,39392,50512
28,12859,28972,44002,25192,43413,13045,29504,50971,20880,56427
29,10753,8402,203329,10753,18199,52130,199853,13188,199283,13188
30,35432,39923,37640,15544,16010,134521,44369,3208,57370,1653
31,6866,56433,6849,49403,204994,41696,24837,15516,42393,204564
32,133802,46293,398960,22342,10098,45170,30983,55824,30475,46375
33,23969,21565,27833,27770,48359,34984,8075,37705,55350,18126
34,20965,13280,8311,48943,197269,12496,8339,44788,202196,5377
35,12963,212567,1836,56478,3243,327900,59689,31317,42442,203432
36,49037,28738,49893,48276,25513,58067,15886,56791,208627,35141
37,25234,2510,22355,20904,50266,35558,44651,217,198161,24680
38,34187,199803,25424,42908,25512,15704,205535,62099,62173,48661
39,37002,8764,13188,25429,2552,25512,12859,41998,17506,199853
40,39863,136393,60309,1880,205485,199516,23951,16188,199399,51124
41,41164,56724,39912,35492,15934,48102,201709,35530,25415,12764
42,30844,39886,328162,15088,15879,50446,42227,21699,271885,133802
43,36549,23089,7522,55824,21385,8839,36905,328162,25,7690
44,199165,12479,7992,44974,33083,35661,59441,20766,50287,25180
45,199938,13246,31510,5089,8816,51630,37100,8339,12676,7420
46,57503,13189,15886,50668,35271,61111,25513,5467,43966,203520
47,42306,37336,44217,20686,31042,44776,203432,45170,43541,41798
48,13045,29134,206177,57069,208712,57269,28972,42908,34187,29134
49,14430,15895,8447,37074,9340,15614,60840,15802,681,15704
50,33763,31337,56876,60893,39923,12969,58280,39837,29505,8657
51,8953,28773,48282,43727,60786,43320,8887,48161,199284,34373
52,266858,37090,5483,131995,4804,39886,12276,33097,45267,202940
53,13807,803,25668,135629,5432,60258,37420,54594,269923,17511
54,198722,41364,201971,206065,132199,37611,50392,29119,59689,45184
55,15763,8422,8412,56515,43406,328228,207995,8560,58079,63834
56,41034,12695,60072,201211,60072,204151,59861,12768,29125,197207
57,202618,196621,264605,20676,34936,12778,11815,135150,35592,42132
58,8866,197046,201091,35592,35592,15895,42306,15962,29314,206548
59,199256,15802,42473,48112,44217,25424,8764,16347,15964,3326
60,13273,44369,1113,197706,133959,137409,205544,41046,2018,55145
61,197204,38965,203602,201822,50309,8226,203512,21173,202208,49974
62,328162,21396,34749,62059,50348,12333,45204,9605,199652,27364
63,13728,55350,134111,262913,25054,28760,19016,3596,17306,14868
64,49784,2259,25596,9188,38505,205697,199128,13285,25596,3215
65,21013,199103,42184,39405,196745,5516,13280,13306,58299,1916
66,42148,49478,207788,20848,211101,16300,25478,49866,207788,205614
67,206548,29032,10881,61157,56478,44217,54858,63771,21430,42622
68,24586,39392,202872,21430,62099,39608,47232,204957,48715,199298
69,31798,15788,1955,196621,199283,205535,20764,42473,16796,43996
70,57469,8487,13273,39533,2485,207642,198330,1205,60609,17579
71,34087,17117,41164,3221,8351,59536,30722,45005,205891,198225
72,6058,327844,40788,1916,6373,12276,63318,4128,9269,28000
73,2500,45828,38505,10010,29551,196610,55350,59125,263209,328162
74,5466,56515,31034,205938,278,56990,51395,198471,199165,28130
75,41341,51873,15743,19750,20912,38077,39686,44045,20647,27831
76,56420,42148,8395,15754,31257,12772,51570,50543,9198,8560
77,16019,57929,3597,20485,199853,14949,3450,20057,202605,51669
78,43754,49931,50825,29134,57069,3209,34393,200155,8764,35592
79,14949,8473,31042,199283,62538,25234,24689,12389,17552,60294
80,14453,18209,20741,7489,42580,133189,206484,5488,29008,3816
81,197650,29081,34688,57760,24786,34087,199937,206339,2852,197809
82,2609,63848,6407,13331,64095,19108,21699,22548,12333,209915
83,10381,27833,9161,11090,6703,12874,26610,14868,31404,134341
84,20912,15589,47589,208139,8529,2611,34156,378,44000,12709
85,44045,50585,203201,200043,62227,40285,12390,34224,197540,10013
86,44923,51836,42387,42765,39153,62282,6856,49675,8194,48551
87,50825,14434,263777,2119,12389,18121,37074,196621,44489,50448
88,35612,202872,48417,47232,29321,39310,25424,34911,35612,28905
89,7470,34779,44244,56040,8916,197046,1901,25291,8522,42652
90,51124,137153,28854,29018,2568,25581,60713,39563,199562,199554
91,49223,61399,28681,21479,47330,39563,203478,12923,60781,8298
92,19653,4657,8982,28573,6128,10242,10094,7753,32881,11051
93,53006,32160,63479,12177,206238,199938,11525,6453,23481,8529
94,43142,201366,24482,201240,23031,2818,42707,13041,41000,51561
95,559,197540,12303,15133,31708,327814,49688,24679,41018,25429
96,48511,8416,196638,34602,25478,25513,29069,50166,197078,48821
97,44489,10881,203432,33915,8447,7470,37084,4851,205535,62429
98,15943,198668,30764,198668,204064,24689,200635,208712,3326,25234
99,14618,15704,1901,10838,7122,206177,28685,8632,4538,15802
100,42560,199554,8487,51859,3842,264679,29802,34790,205790,1741
101,47623,21021,48161,6855,21021,28875,20798,57456,58351,34244
102,43442,16,5524,5645,5786,7247,37520,396982,57084,20900
103,15267,24516,45090,327794,15600,200924,10279,34643,104,34643
104,42669,12496,25151,205112,59125,31122,20647,8468,35699,8311
105,42184,62365,39650,12586,28792,7795,41354,48200,12414,2510
106,24680,12993,31213,62282,24921,44507,21453,21453,29124,21283
107,43542,62538,64112,48747,34187,38796,131937,52431,198657,29125
108,60294,29086,44424,197019,47834,29314,197046,199803,719,50825
109,37074,12714,39310,4538,4837,34911,20473,28685,9367,8767
110,16637,28728,47889,136360,44494,207002,57342,64073,28876,29008
111,210140,1680,205515,51164,31143,203937,206012,23242,8271,211083
112,41103,37513,30892,9498,49604,207841,35393,49941,25472,4616
113,55350,15267,264744,9430,50810,5617,17465,2568,395400,32899
114,57695,43950,203231,42961,19016,25019,8879,53169,36236,35426
115,5539,197095,21413,47474,200043,13969,47524,24603,31242,199468
116,42819,48293,42132,41668,28891,56534,43966,39153,16300,12480
117,199803,17819,327707,31148,62336,135150,38064,23523,29134,62282
118,6848,204957,205535,57728,196687,2119,200114,204332,3209,42189
119,10838,35574,15943,7420,36926,12767,43996,58224,44030,62275
120,208814,47283,137431,39555,35369,203315,34554,16232,198864,50877
121,29405,50994,208332,62432,196890,51728,208764,202391,209045,197765
122,45475,9166,30997,63834,266858,10094,20055,6871,36909,131749
123,17623,55785,27770,37670,8308,15798,27668,46303,132796,197269
124,5505,48943,25180,6724,4755,13041,197540,16363,12479,12390
125,56639,29632,12874,2259,207995,27668,5650,206065,3292,12556
126,206066,3327,34574,61111,43478,51035,41843,57227,25381,48359
127,34393,25159,6058,31042,44244,17552,10013,7122,48661,31036
128,34936,202605,43507,25248,197046,34779,56427,5610,61157,25424
129,23523,15943,51468,46997,7420,35613,56478,29084,37074,20473
130,21859,8330,58328,31736,4434,197448,6881,12252,51392,36884
131,42518,2852,42708,204796,9135,35158,58340,12912,201822,35063
132,131995,237,18822,2110,19528,198736,262178,10131,57119,327687
133,18663,37670,26830,131743,49808,44973,7506,12222,4134,10131
134,207176,51561,12496,61958,27879,37693,1836,2486,2200,1101
135,197095,42442,39138,23855,34612,24164,41405,206313,48747,44651
136,60162,8728,12773,5467,43321,34574,39435,24955,12555,6703
137,200155,134220,28573,206479,12322,37002,7514,14430,57728,49505
138,8764,199101,34093,15962,197029,35574,197318,42000,24586,208712
139,8048,16302,24586,20794,25429,25192,51184,33915,36926,3209
140,39555,197331,134351,6939,61174,64238,15955,28728,201814,44735
141,59970,50289,15456,6876,41585,211083,41585,12757,45005,60767
142,32,52362,23752,199468,10075,133800,41103,12276,11232,11776
143,204170,132933,45820,3596,35003,12346,1289,23719,28768,135629
144,53184,2914,39605,12941,27883,1850,21473,20965,35833,39405
145,199412,198249,553,12628,37100,26793,1103,210103,50324,17356
146,60415,50449,47764,47764,39578,57214,42148,48511,43321,206065
147,43413,263777,27733,13045,12793,28109,19397,37074,44712,56649
148,62275,44002,8251,8251,50163,8866,198161,30764,199524,48417
149,48112,3209,202422,37336,681,48661,41998,56478,10838,13045
150,35227,15401,15368,209700,207036,41495,57469,51806,207992,41771
151,31017,198930,35731,204754,48437,207671,203687,60876,42673,42695
152,7828,13319,63848,262178,38064,16509,208590,328114,10796,16353
153,42615,264744,7850,39891,50585,207306,3676,140726,328228,23719
154,43655,203623,28792,199846,24164,11492,29413,57752,12586,34612
155,42442,21283,48152,31708,209,55350,29396,8262,8365,63771
156,42610,49505,204671,208627,8515,25515,12695,24921,42132,31287
157,44002,45345,10753,45009,43942,9367,16,2510,28972,39028
158,51468,13036,48661,43507,205535,35320,28905,39392,24904,12767
159,398355,42652,39608,35558,199256,29504,6848,60840,10753,8632
160,197669,20860,197706,6364,11317,262691,36290,395214,207642,206484
161,39912,35063,208006,50247,51929,57963,49601,208006,20555,200519
162,37187,327750,133802,5738,40098,36874,132905,203457,17501,4844
163,27833,24164,58765,17804,62023,20677,30938,27790,21565,53006
164,43950,15542,200434,48821,18196,51495,12874,6677,3262,199389
165,43341,21413,3333,199188,9268,42120,31898,198726,57214,37054
166,57128,196638,48089,49866,8641,51836,39087,44507,198068,29551
167,31246,14430,56099,8767,62275,5692,2527,14618,28851,31214
168,13188,34393,198657,25424,206177,8767,29134,29321,20904,8251
169,54412,39608,56622,4837,196621,44712,60294,1901,397168,58224
170,198260,9829,59775,5379,44431,15457,18809,13110,3912,23951
171,48956,60396,8788,205891,43557,207790,197809,39862,34525,16202
172,11215,15826,45170,398355,11426,48294,6373,16591,2907,395748
173,55960,26347,12231,262239,39257,680,207036,4809,27833,63848
174,33988,852,2200,12897,13728,8676,21161,50903,41095,3333
175,39310,201860,41009,51375,51375,2500,37693,34372,680,19397
176,43478,51346,57571,42610,41668,50448,201588,15930,48089,34549
177,28972,199256,15964,15943,20880,8522,8916,397168,35613,57044
178,20845,42908,50971,39790,197318,12322,42908,206420,44303,43708
179,25543,43754,8881,18199,60288,28905,2119,15704,25543,62173
180,47165,39093,22438,201494,60409,35444,35444,39910,17726,133159
181,206228,38949,34081,199150,49775,8559,57760,49974,205515,8788
182,22742,6871,21699,50348,9500,16591,34749,20815,49604,7642
183,12231,18196,39762,131749,35258,49100,38220,6905,20255,23523
184,37693,42612,208261,35378,44647,29527,198570,9008,11845,2611
185,201367,43350,56665,8362,2818,38926,11664,51873,6724,37336
186,34533,49675,59494,44943,12543,48089,28891,57503,196847,39310
187,197029,35518,3549,8866,42473,45906,12119,27017,48417,51819
188,20473,57069,29086,204064,43709,15943,206420,200635,51515,42306
189,57929,56478,25291,25543,60983,57707,42610,8764,51773,33915
190,13489,1835,37136,57558,39602,29317,9829,16735,199554,24764
191,39857,59665,197686,57963,25579,197892,199995,20773,60767,33823
192,43081,10094,27651,28109,24806,9785,12826,45671,3927,6597
193,6453,26610,56166,11708,9145,8283,132796,327900,17465,393522
194,37680,39180,49784,42669,135756,3265,198228,16668,4713,3352
195,62023,57497,5409,34695,41589,45355,9008,203201,8717,271354
196,196847,8641,59861,49828,49828,201776,3216,43321,5468,50629
197,25512,198060,57084,44045,199524,8916,197732,16,197046,13189
198,39608,21430,15614,49931,43541,33915,206177,43708,15788,25192
199,11815,3326,60294,44030,23523,8251,33915,719,8916,61157
200,25412,48072,34660,139994,30041,1267,51124,210329,53667,47377
201,60767,197301,39216,35323,3303,206314,17117,28773,206718,60042
202,18881,63056,24560,21396,4128,239,23655,19750,6181,327844
203,393275,17625,28330,17072,52000,13032,12629,199064,13490,41881
204,31493,200129,5631,44034,263689,24776,34953,1200,42831,3269
205,8788,45009,21473,16668,198721,15108,5607,29632,59507,14618
206,12555,41275,49403,48503,8985,49800,49377,12668,50448,42885
207,29504,56055,199256,31317,35320,29032,4766,3597,43709,33837
208,3209,43709,196687,48417,56427,16302,196687,57069,12322,198657
209,196621,41998,16347,44776,31424,50971,58224,24689,60983,58057
210,51810,22122,47227,12975,34960,27411,49272,21859,6867,4800
211,16331,51728,61189,41424,58313,25374,198415,198611,42717,24589
212,4,6128,22742,3597,37084,60426,10961,12333,6407,16409
213,263703,34643,38926,4697,24603,44285,39762,131269,2549,200386
214,2852,6830,35661,56611,45355,5603,1140,2613,9105,39647
215,51483,13101,200801,25441,12496,196621,31122,1140,198570,56933
216,203296,208627,24877,16300,49800,44673,31036,35239,25133,3274
217,196687,27678,37074,201701,29084,17356,45345,16796,204332,42919
218,25291,52130,56427,42306,202872,8402,50825,50825,6848,44489
219,8522,3320,12389,17552,15964,199298,29314,57269,35518,8447
220,393886,134877,210025,6877,25581,2470,51918,204165,21176,47698
221,21299,12886,60833,35382,202032,15598,41451,24786,50247,204786
222,262149,52431,6373,1237,22742,40809,15954,9166,20115,53184
223,39891,27770,62184,200386,21013,20853,9607,45838,33788,25
224,51495,41405,205775,203953,2549,1270,51873,4922,47217,8220
225,204880,42961,42313,3352,34695,15165,3245,41009,29208,18199
226,42676,35754,12768,3226,41302,42303,25515,50668,49377,42905
227,57707,4804,63771,8881,51184,52,30298,6360,49931,206066
228,14907,198977,43709,43541,13036,1955,29086,204064,8447,202605
229,17819,16347,34779,31798,7470,198161,12714,62275,45935,1901
230,137120,29399,64073,134877,47132,37153,34553,41096,204708,200761
231,48379,30851,57199,208764,28753,39083,40961,16247,8208,31138
232,4474,395075,16637,64112,267,12556,14988,812,11427,2259
233,4755,54594,328049,26347,41327,25220,63479,27828,23181,212647
234,199758,16004,5603,31461,2504,39931,20694,199181,29396,43142
235,47447,47116,31027,9268,8311,263209,36924,208210,42961,7782
236,41843,49472,45025,198068,35598,49673,44943,8728,51032,208139
237,34093,37074,11815,60840,28685,134220,22458,1237,29504,57503
238,58224,206177,50163,199298,198657,199853,201091,197318,44244,47834
239,681,24904,8708,27733,10753,197029,29084,12322,7122,44303
240,43888,15540,26292,21079,208425,21859,15372,61174,395853,58475
241,51255,43727,49169,35432,48282,29247,35352,29624,16331,34525
242,23881,10098,24550,40809,37187,39384,46293,19255,15879,42455
243,7690,28768,328228,19016,9147,25255,52361,7850,27879,11708
244,4713,56611,42009,201155,11708,209,208139,15133,1273,9026
245,50324,199846,50392,35600,50343,17804,29119,15605,207306,18403
246,49673,43097,50166,8641,29226,57843,35754,28891,44417,15600
247,25248,60983,34760,15763,8402,25543,57929,3663,200114,57571
248,43942,200155,5610,28851,200155,51184,206548,202605,12793,200635
249,2552,60294,8764,198060,31798,204957,8881,12714,25429,12714
250,327813,200334,31337,9182,37640,1887,52468,34659,39544,15544
251,43016,208422,34878,34687,2852,55805,49223,51960,25106,203478
252,54858,4616,63927,4844,24550,30892,17934,31727,10961,10242
253,8636,17804,50818,28330,34568,202870,17488,23031,64230,299
254,7642,37100,59689,31250,40285,50673,204880,1101,8311,43205
255,48217,12346,28760,43406,11664,210303,9268,35320,9050,9506
256,8369,56791,49779,48642,208627,44769,8674,201211,33991,25054
257,28851,398355,27800,39310,44395,20794,198060,3927,198668,51836
258,60840,12426,39392,205535,21430,719,12767,196687,20845,5610
259,45935,62275,3326,60288,4538,35592,15943,34936,59504,8473
260,41872,64238,202078,21409,44332,11172,513,33185,49254,8670
261,8648,8763,60470,48969,30722,35348,197765,29512,48328,5588
262,27831,43442,43442,15301,47787,201126,6407,17054,37126,31727
263,39551,395400,132796,39861,35368,197317,8346,55,201843,28099
264,39931,43205,199181,50392,209198,31898,59507,62105,8758,37611
265,8427,48152,51395,36236,51263,27660,12779,42093,203953,32425
266,56534,42303,9198,41727,39775,42819,51346,205246,48642,44024
267,30764,46997,12271,197207,61157,4766,11426,59504,50163,41722
268,43996,44712,60810,16019,29504,16347,25192,47232,16302,200114
269,16796,6848,20676,11815,59504,43541,13045,43942,23523,51184
270,43557,210329,44684,207151,133159,34622,201106,53488,56876,25581
271,8285,15693,202228,29247,6789,201822,199284,60213,202391,199071
272,1797,14754,198736,35559,133481,328114,198736,398447,3663,41495
273,36817,45766,64230,197164,13101,8427,9161,26827,22438,42003
274,208261,56647,57695,25054,2500,5392,59752,16004,6661,2914
275,13306,41341,20853,5377,29396,45194,203641,196819,12843,18881
276,3226,6667,43097,201557,44923,208627,50222,12555,51570,42313
277,47834,51773,20794,43341,48715,33363,36926,24390,200155,59494
278,3326,43507,206420,43413,25192,51468,28851,39790,199853,201091
279,7420,199524,2119,44217,35558,202605,20676,20676,60288,12859
280,205028,49586,16333,399924,60471,29278,61211,63199,8821,208854
281,33980,34743,12996,6805,20783,34056,8542,40961,16247,61189
282,37577,18403,49638,197529,44651,38195,30036,60924,4608,63311
283,45355,12177,13728,52455,13032,35067,45194,8346,63479,139331
284,18106,378,3262,197227,35819,43950,3274,50620,15133,4922
285,8445,205112,197738,34790,197422,53755,6661,212567,43341,263777
286,3327,35598,31200,209456,13194,49813,48293,48642,41798,49588
287,42000,5786,217,48359,24586,197732,27839,131995,206177,211101
288,1901,28851,202618,35046,16019,48747,39392,43542,20764,204064
289,25429,56622,34936,9340,37074,15962,58057,2119,199256,34936
290,49404,25061,31736,197448,48155,21466,21079,210118,44735,8991
291,49601,48328,9211,9125,197686,60042,51057,41360,208183,49745
292,54613,12083,60924,37054,49638,51718,55569,32329,4721,15826
293,6905,6510,28073,134341,50030,29484,4134,27272,9735,45194
294,11492,701,2486,34569,56166,51018,42431,41090,39020,199758
295,44395,12611,62336,5378,5377,11525,50999,12605,29413,56040
296,62282,34123,21412,49779,201588,34602,51225,35754,56649,57214
297,197046,17552,16796,51184,31148,37336,4538,4771,34093,12555
298,16347,43541,28725,31246,204332,202422,34911,16019,3320,199101
299,2514,12322,199524,397168,10838,29134,44303,31042,5692,20676
300,49902,47889,48437,5397,24651,208069,43260,138195,17055,51896
301,207934,33984,35816,61343,28773,12990,25521,51929,203993,61109
302,36937,52336,15826,17378,10886,2128,18822,17934,40497,17072
303,140726,54869,139002,14522,35277,5432,11994,45090,24164,9299
304,41354,60798,43957,59795,28545,205555,201155,35661,64478,21309
305,62371,201213,42729,20712,31493,8376,1136,197317,205614,7122
306,51892,51570,12552,50166,197078,6667,48276,44050,45025,51862
307,202605,11815,47420,199853,8866,56040,39542,271354,202618,201211
308,33915,56427,206548,202618,35046,56622,60810,21430,51468,206177
309,135150,24586,20473,7470,397168,42908,48715,199524,31798,50266
310,15836,1880,35913,5408,327831,21928,20783,41771,49981,48390
311,5479,56912,44158,50633,208422,203474,197650,31069,25184,39878
312,51718,11488,36444,15954,64116,327750,34587,35393,28118,39093
313,135760,134868,15142,17210,12931,41009,51630,207464,33182,21565
314,201333,12392,196745,199103,34643,205775,35378,20900,26615,196745
315,3292,23242,48683,50287,2613,6510,62105,208139,12303,22458
316,42317,56649,29125,24955,200953,43321,51669,49813,25513,12414
317,208712,3597,31798,51468,3209,1916,64112,52285,13036,8515
318,28685,200635,39790,50825,42306,29084,35613,25424,8767,198161
319,51773,51184,8767,23523,35518,35046,8402,20904,135887,719
320,53488,27845,4589,31543,38074,34553,196742,207790,9304,33796
321,12570,197572,40975,44691,197765,31143,29329,41164,15456,51417
322,37513,27901,14102,10094,132003,203457,46609,37199,131995,46609
323,5516,327794,679,59128,5539,49588,38505,17072,51630,52361
324,42612,56990,41695,62023,104,204279,31148,31493,12496,16218
325,48200,20485,198385,201971,43957,28768,10745,13246,44285,4538
326,31370,49377,12772,44417,42148,42676,39007,44053,201825,44973
327,25192,10838,2510,42652,2119,1221,6535,327707,12767,21453
328,35574,25424,35592,12767,48661,6848,15614,197019,57269,204332
329,27843,20473,34187,59504,2514,198657,12322,51515,14618,3320
330,34154,37989,200460,41652,198260,31727,201430,29614,211398,206594
331,202228,33980,3267,8226,45102,52029,210140,49824,35368,25534
332,4766,14593,27901,8982,62416,39326,19108,6407,43442,327750
333,139002,17072,135328,29962,25220,34814,55785,5416,33097,45355
334,41695,29550,50620,12824,20776,39122,6799,12779,25376,200043
335,41327,197738,41710,50710,205775,26457,21309,57214,21476,4049
336,50448,49371,25515,44507,13189,33837,29124,29226,64429,24961
337,25424,9506,4049,8402,35244,10838,199256,34749,196687,42668
338,202422,25512,16019,200635,28905,58224,198977,25512,1955,44712
339,17552,8767,29314,271354,14618,201091,51468,15943,35558,202422
340,395354,8821,209523,26292,15401,327849,26292,9123,134521,9123
341,39704,20773,49036,56402,201011,59970,20634,51234,203478,2593
342,395685,393249,45267,15806,25472,37126,45942,52362,142616,37474
343,27660,299,395965,23483,16316,12480,17639,36549,31922,132796
344,31712,12430,212882,35067,393552,25180,200462,48146,15169,31122
345,25229,15366,43437,3491,5505,31404,25596,50469,196819,33588
346,61111,201499,51604,42289,42919,33991,8395,60415,35239,20694
347,35046,199283,64116,60294,33915,138398,1930,9340,57069,43826
348,8767,29504,57069,48661,28725,203329,43542,43507,34936,15614
349,4837,50266,42652,5692,271354,43708,8708,12859,48112,8708
350,398065,50156,34897,51943,27845,60471,55805,2485,21859,62024
351,8470,51426,42695,60833,49469,34019,39375,211613,31725,42682
352,15806,267,24851,398960,63311,132199,133661,9824,16591,13925
353,9161,200386,327794,27828,198570,52212,8376,45797,10381,27828
354,35426,29605,12586,56550,23481,30781,15815,15435,47794,209097
355,45009,39702,198127,3265,7922,263157,5603,200801,6821,9340
356,43826,16117,48511,42919,57843,39775,196638,200953,8587,21413
357,12426,135150,17551,1955,58224,25159,27800,3450,43507,60986
358,29314,44489,199803,201091,15962,1901,57728,35592,39310,29321
359,35558,43942,199853,14618,135887,28851,3209,8881,2552,8866
360,137909,42730,57342,202536,58317,48072,1120,13026,9119,49163
361,50030,58280,34347,40994,43749,205679,49788,49601,60016,34878
362,39886,39384,395152,1930,52336,13925,1909,10961,23881,11260
363,17518,17488,19009,35819,34288,47678,36549,133982,32899,267797
364,200043,4739,51263,8339,15344,212882,56639,200409,25019,202583
365,51395,12931,8391,39180,5396,64230,49367,21476,41341,52
366,5468,41843,31257,59702,44769,24921,50448,35807,50512,13306
367,198161,22458,54390,34953,8632,18199,44217,4837,15614,49377
368,8402,48661,197318,52130,43507,3292,48661,197046,31042,28972
369,9340,31042,35574,17506,48112,42189,15788,20845,9340,24586
370,210036,12735,29802,43284,42968,208585,60011,12423,209137,49642
371,204994,60042,12990,197119,43380,49788,13055,58340,5518,12406
372,4128,36874,63774,16881,39326,4657,60036,47787,24173,37199
373,27879,4697,31922,34705,15815,62365,53166,14813,42455,42120
374,29462,39020,6830,42093,27796,36236,198249,8362,60798,47217
375,5432,197317,34568,4713,203641,33182,20766,31287,34568,134220
376,51819,8985,48149,41843,12993,200953,35125,8416,13189,12897
377,31349,64095,44776,14907,29314,11232,17523,3,16019,34123
378,2119,206548,204332,200155,34093,35244,15962,199101,35574,197029
379,36909,57269,62173,199256,25543,197318,20880,8402,44217,34187
380,34705,50877,50277,11317,17072,132203,201220,44381,42298,201852
381,50247,43232,47992,49478,59908,49225,61343,201709,208041,38949
382,131627,4434,32100,5786,10242,24642,24642,11525,50195,5769
383,17804,53006,56728,11830,51873,12731,396515,263209,26347,20255
384,200409,51263,31712,8763,399748,2856,25054,29396,37680,36924
385,202077,8400,44974,44788,23855,131269,41695,201701,49100,3597
386,201825,20910,13118,50543,49779,56791,57503,48166,205246,15844
387,47232,327875,25543,12859,8473,10013,681,18403,25192,25406
388,51515,31349,35046,25512,31349,42610,202872,56427,25291,42908
389,35518,719,58057,135887,11815,200155,43754,61157,31424,20904
390,37457,58475,39555,197669,207841,52063,399105,25447,44185,2698
391,29512,200590,47251,3267,8905,8937,33837,199837,49640,8937
392,52314,328411,12703,212934,50446,199993,1246,132003,30997,24560
393,25668,13781,14638,4812,42093,58299,139331,37420,17623,11814
394,55002,2200,8265,42337,263824,4922,20853,205645,16004,31708
395,42729,3274,39257,8816,328453,267685,4739,48217,15743,4773
396,200675,8674,35754,57128,8194,15930,35239,49472,8334,201860
397,50163,37002,27831,3320,203329,62538,60983,22458,42306,41733
398,8632,60810,43708,44002,199298,42473,31349,47834,34779,43507
399,37336,20845,14907,36909,44030,43413,8632,24586,196621,199524
400,207156,12975,49272,41046,55699,14773,48756,47889,26827,197448
401,35348,202032,39927,34559,202329,51813,35753,49469,15598,39673
402,198985,58473,7303,55392,5483,11404,40328,132199,4764,21699
403,40029,264640,28545,45528,8391,34372,53907,9443,26046,17378
404,41589,8426,29119,12963,28885,16276,50810,34971,41354,201806
405,8412,6724,12897,24691,51155,64444,203231,559,35378,16796
406,51032,12768,25513,31200,8416,211101,12773,13178,51836,56550
407,35592,131995,57929,39257,16302,7782,19653,45345,42908,52000
408,56622,48417,29504,28972,34393,44244,43708,198161,58057,21430
409,7122,34936,48715,2552,37002,57069,62275,8473,4837,20764
410,15751,53667,38074,48918,15703,12735,53055,34958,3130,12488
411,49377,31069,45005,208751,197667,47242,35382,35065,43888,50304
412,2527,32437,12876,63770,61506,1797,33080,1111,11039,577
413,23031,11814,17465,57084,42313,44134,64238,209620,200386,45725
414,12430,198722,39020,12618,26457,6908,12312,1850,6677,41354
415,196610,199412,44395,7922,2486,197269,3265,34984,31272,11426
416,35401,206066,25406,42387,35000,15673,29114,8359,57128,44066
417,57728,27,24398,56639,44303,19653,56055,212934,47834,49828
418,62173,196687,52130,34911,44489,61157,29321,49931,12859,52130
419,10881,44303,29084,681,8522,25248,15802,44244,20794,39608
420,24016,21390,200031,35567,1967,56910,21260,328039,31863,34410
421,42622,40961,205100,60786,198709,61349,42541,50418,34087,206314
422,11232,2495,37090,24768,15954,266858,25472,209792,9605,17054
423,9600,263824,27790,20135,198385,198249,263209,37123,55990,55785
424,199389,11492,5650,16342,13969,12008,15366,50710,2856,39534
425,198570,680,29580,51263,47794,45838,197422,8893,29014,18420
426,34123,51604,24955,20910,44417,41034,34574,49505,59494,205112
427,198977,17506,199283,719,203520,9340,38796,52,8251,51604
428,20880,15962,43542,30764,29134,20764,199298,29134,203329,60810
429,17506,13045,20904,8048,54412,198668,8866,12793,37002,16302
430,138195,42557,34554,16188,327935,20875,60610,41953,31394,208069
431,60786,50316,59686,41753,49465,3249,39399,44341,203687,33980
432,1403,10796,140443,267,4766,53184,32881,2381,4049,39326
433,28073,26457,4750,42455,15763,48926,199064,15450,37670,25668
434,2860,56472,34612,21131,327900,3262,50585,27882,23855,56329
435,12360,203520,6821,36692,49367,201843,39533,553,3333,8551
436,25515,6856,12668,196847,3226,15886,48481,13118,35754,8764
437,43541,55392,7122,8632,58057,2716,33582,557,199298,204151
438,24904,16019,43541,42189,31246,8473,13036,52130,56622,62099
439,56040,1955,43942,15964,17506,206548,8473,48715,54412,15943
440,56456,135134,201814,56635,42863,34594,25441,7684,6893,50857
441,25408,49036,5518,42717,198561,206718,12808,15556,49036,6735
442,12083,8151,20001,11404,11727,2907,47787,33438,24390,37532
443,327707,679,51044,394972,49100,24679,137576,53591,396515,28545
444,31115,58291,7018,34867,42615,35699,1241,25509,51561,22047
445,12931,35067,197540,43950,3215,133982,28130,44066,24725,35518
446,15870,50448,35239,25406,6856,50512,34533,49037,24722,48200
447,56427,64112,27843,43942,25291,63834,2716,56055,199101,12668
448,15704,198657,61169,202872,201091,41998,8251,35046,39608,57728
449,17551,1901,43996,37002,5692,199803,62173,3209,7420,24689
450,25091,213230,12306,38182,5408,29152,52697,20565,55805,201072
451,201776,12637,203687,50288,35714,64475,31461,48139,57254,44574
452,264811,3741,21659,3,3549,63770,11776,45942,12556,395611
453,52455,327814,19045,40764,15557,15763,399748,262239,64444,394972
454,39405,48292,60798,59507,6134,12392,680,56647,48147,12628
455,42093,8319,199846,53169,8362,45725,45014,198127,34156,7303
456,15493,8395,57044,12555,2586,59861,31514,51604,42387,49560
457,34911,14618,19653,12480,8708,7420,264605,15879,31349,39435
458,29084,62099,25512,25234,60810,31042,28725,29086,12389,16019
459,60983,8632,3320,54412,51773,43507,34936,62173,11815,8402
460,21277,702,5379,29399,137576,39636,42580,39616,201072,5576
461,20561,197119,211321,30886,41723,30782,25417,200561,33824,8953
462,1909,328358,2018,6373,12556,4713,33097,23655,6057,41095
463,41881,15344,42003,53166,30889,58322,210,64444,327900,58765
464,8676,1136,3245,21476,132796,9105,62336,47956,49784,48846
465,208139,15743,51862,51561,11845,18663,199389,198385,13065,54858
466,56791,201588,21282,28891,13178,62040,201776,50911,201499,199128
467,199298,3450,8916,39608,60840,12271,57084,60288,35046,51319
468,3320,42000,47834,29504,35613,8764,61169,43541,33915,28725
469,25159,203329,15802,2514,45935,30764,35574,202422,62538,51468
470,30971,15399,25447,44512,14371,61211,13046,208808,43619,15502
471,51960,207803,206339,198611,57456,25408,64475,43148,12816,56630
472,1307,32097,59676,37468,4773,10075,265721,20926,4844,135190
473,11525,197269,45528,201072,15626,6799,40285,29962,9607,9916
474,56515,44788,39180,35710,51044,206067,8319,59689,31673,51871
475,20485,30889,8262,44684,31122,33582,201366,6799,5539,1930
476,43321,20848,49828,49800,48511,5467,42317,35804,31370,15366
477,28725,44776,18199,58224,201701,45935,56099,54412,60810,20910
478,719,30764,200114,198657,204957,48715,42189,34093,41998,196687
479,31424,20880,42610,9367,20794,42000,199524,35574,7470,57269
480,50919,9111,327798,137409,31169,205220,197331,207910,201106,25273
481,211613,34569,34927,197467,205891,43566,51167,8285,49711,3221
482,52362,9245,132268,394256,201126,25472,24173,22742,263157,6327
483,23118,63479,26046,37406,201155,12931,15450,28073,7690,132933
484,49367,200043,31122,58322,17623,47589,44285,205775,15038,12779
485,9145,47447,21283,5650,15435,52361,210218,4788,62113,7594
486,41733,16300,42303,61400,41034,196847,57571,8369,43826,62371
487,198657,6167,27699,1901,8764,27699,5692,6167,43708,44053
488,57269,31246,204957,197029,44424,44303,43507,44424,51184,25248
489,44217,58224,20845,35518,17552,56427,39608,60294,18199,56622
490,34758,50300,3238,200031,12727,42760,29287,15368,196957,29007
491,60664,61958,51483,35065,13026,42038,12307,209974,6846,201035
492,9269,202042,38158,2609,49941,20055,21396,36874,201686,30997
493,45194,9607,207036,2470,198228,49808,139759,208907,9916,12629
494,56329,8820,9008,20766,55960,34695,43341,5410,6327,13285
495,24725,25229,201155,8220,200030,16629,202130,50324,12963,34760
496,49800,31323,31370,50473,206845,8331,49371,49377,201211,34814
497,42189,131937,55392,58057,3274,17506,4771,199283,42189,202164
498,20676,197318,47232,44424,199101,20473,43413,44489,43996,57069
499,44651,8708,43754,31424,16796,29086,12793,15895,271354,51515
500,51392,20741,44365,59554,211398,21176,39616,44735,42560,4780
501,38965,39526,48972,47992,35489,44000,31034,39617,59908,31549
502,55569,133481,9471,133800,11215,23700,9498,30892,2128,198725
503,30707,140726,17306,207464,8400,5409,140726,19016,18419,38220
504,43406,53184,12008,9070,17625,5378,13306,15542,198721,203641
505,44974,48957,5432,31898,42263,4785,6908,205614,48551,20057
506,42765,201776,51032,12389,35125,25417,48670,42317,59861,203329
507,197019,56933,39756,51515,6848,3597,12778,36909,57707,23242
508,12322,47834,198161,199101,200114,8881,21430,50163,56478,200155
509,271354,20676,50266,25159,56017,204064,61157,20764,46997,42610
510,3208,29018,60610,32181,47286,48756,210118,136393,47155,209137
511,51207,42682,43320,35753,3927,9026,8615,204564,198225,206186
512,32329,5483,46309,1797,205614,1734,37468,4685,34760,22342
513,43652,19016,200386,11814,7690,48821,328137,48252,28073,17639
514,8816,5607,47474,199412,24776,29119,48200,5377,29169,206238
515,12374,15557,29632,42953,41682,23118,2518,48551,6799,34749
516,24955,24921,44539,42317,24689,29114,30784,47764,31036,35378
517,57069,9186,197732,12714,198668,4771,28109,6057,31246,44257
518,20764,201091,43413,57707,8657,13188,43709,43413,8473,198668
519,2510,33915,8402,8916,198225,47232,35612,15788,35567,15895
520,35362,207156,57187,212815,32,198781,208574,209553,50467,211552
521,12620,206314,60664,50242,8427,2602,8489,28753,2609,16188
522,16814,38158,262178,6871,395089,4616,62059,57943,54869,12496
523,14522,20776,63920,7795,206509,208942,262239,37406,8468,55536
524,15796,1850,45184,12605,56791,207176,48152,198452,42729,15535
525,43561,21013,60316,37100,20676,3596,205775,50585,25478,15088
526,57044,50166,42289,25381,57728,50222,49037,12695,200635,31317
527,48661,31424,3450,42473,2152,7514,198290,20794,15802,35239
528,42652,35613,28851,43708,202094,62173,204064,8251,12083,29086
529,198060,35612,3209,60983,56040,44424,3326,16302,13127,2119
530,30782,41489,27845,20612,28748,23860,208098,197889,56055,34705
531,197227,25490,15556,41451,46690,35237,31286,39651,41230,48282
532,23752,25472,135190,262792,41695,264608,62416,11051,208261,43442
533,27947,134090,37420,15165,205246,16097,2504,7506,42093,26793
534,206701,208877,1103,35368,15895,1133,6703,28130,3216,60396
535,199128,201701,206065,51495,15614,19045,47956,31242,29321,60288
536,16300,39775,62360,8194,8399,57044,24955,44923,50266,206610
537,200114,37084,142616,12731,205028,13331,37386,36937,204234,15493
538,44244,29321,57707,50971,2510,44395,30764,28725,12759,49931
539,3597,48715,41998,198290,16097,49931,14907,50266,30036,24904
540,133189,27611,50998,202454,35908,209523,15547,38229,395257,5416
541,25106,8508,3221,12578,206701,16298,42708,60042,1270,207300
542,59,16814,36351,7782,9198,24399,203457,3741,48957,23700
543,15450,2500,13490,32890,1955,34953,27928,56166,25515,32890
544,15133,25460,8820,51873,57707,701,34788,8220,56427,51495
545,39138,24940,206610,205818,9208,5738,7018,29208,14907,64112
546,25381,41668,51815,5468,47623,20626,204151,57044,209523,20485
547,202872,56040,27883,15844,271885,557,27843,57084,47654,35807
548,15802,42189,44489,62099,12303,34187,200155,206177,45170,43413
549,22355,13188,12859,45935,28073,39392,16347,51468,48252,35574
550,43848,197975,18809,15540,31673,44544,198225,22122,39122,207002
551,49469,208751,1680,207300,44257,51088,35710,56568,60149,28753
552,32437,10143,19255,6181,20764,16637,394256,205311,48848,22742
553,328262,45820,8029,23031,52130,34224,32160,393552,208712,15267
554,203641,51871,39122,198385,209523,5650,61094,41405,15943,44000
555,29551,35141,1140,1850,202228,23719,29550,35141,23862,201686
556,8395,41727,197078,56420,2497,16117,24722,200161,204994,35258
557,42908,12119,4837,62336,58322,40098,37336,28109,44141,12543
558,61157,50971,199101,50163,63318,8632,49931,34393,328162,44424
559,397168,8866,13045,8522,47524,199101,12389,51184,22773,43942
560,202716,35371,16296,207609,196847,205036,7684,50998,21379,42968
561,49825,57456,34373,15673,13045,49825,50247,206813,8395,31725
562,10075,32100,11051,61468,48417,208590,137818,46309,34393,262691
563,209864,52322,394197,26827,9009,50629,5738,263703,42473,59128
564,13037,206509,61044,34393,39567,45014,12963,34119,50937,56472
565,49420,34788,8763,199165,33080,12684,23855,12480,30836,264605
566,1759,203296,25133,44539,8717,35598,43317,48503,9245,201367
567,60810,4766,138466,42184,262239,10881,46997,6058,327687,12768
568,41998,57728,200635,34093,205818,12859,35046,60810,41405,43541
569,18199,29314,61157,7122,12552,29321,25291,3326,198249,12389
570,12847,24651,48585,50999,24904,21079,15751,22884,42622,35913
571,8302,48327,34038,35734,50825,206813,34762,12307,206548,57760
572,265721,17054,3605,265721,3329,1909,30640,46609,202422,57187
573,4134,40029,35819,1109,12579,8400,31922,12684,13121,24164
574,5391,5505,24691,25220,32100,15169,8445,35426,35382,43350
575,57214,58322,60149,33988,202040,45638,205697,28785,36198,18121
576,35271,49403,42676,48848,14813,198612,44257,35401,8075,15626
577,205535,53046,327875,8473,50178,198060,27725,18121,701,15930
578,8881,5610,29134,44712,5467,60294,39790,25192,12337,31246
579,59504,8881,60840,51773,60294,197019,42473,20880,31213,20880
580,204165,29317,13830,34971,42908,36352,24889,44684,204957,29037
581,200561,63473,41966,9063,51776,49402,28979,28875,43754,12374
582,24851,398447,133661,45671,211321,5524,12812,22927,207156,19750
583,11814,132400,64314,202625,45345,198726,5416,25668,60833,17456
584,20900,41589,20965,48551,29014,15589,197738,64478,4787,50903
585,206065,5432,51873,3215,4758,399748,205479,57675,52341,7514
586,51836,57044,42317,43478,55836,12552,43097,35125,48386,20647
587,29134,48112,38064,41998,29069,135887,134220,39886,60316,15870
588,203329,50163,198668,196687,8767,28685,42000,31246,25417,15962
589,39542,62173,15788,36926,25248,200114,43942,3320,197318,29314
590,201887,31394,20953,209523,12361,134351,15457,28831,8708,35332
591,39526,207790,207423,24739,12662,59414,43016,42695,44914,8285
592,46562,60426,11427,12271,36909,60036,59238,395685,35158,60924
593,263824,52455,3213,207036,559,20766,32899,33876,395611,327741
594,31034,12586,35266,15557,132400,10745,44034,200043,395662,37693
595,34814,3333,6730,39069,13009,23481,200129,13065,197696,36909
596,12543,44604,42668,51032,57227,51225,44050,44257,8339,198127
597,35613,27699,60288,8447,16347,51458,25159,38796,197467,6856
598,12793,204332,49931,29321,25234,12389,34093,201091,50825,43542
599,271885,51468,31148,35332,5576,5610,20845,44303,12714,31042
600,43619,9119,48284,34878,48351,133809,203556,41872,197669,16010
601,50345,15716,41046,263157,42227,41360,48351,49225,33823,15576
602,20057,132255,23655,27883,21131,11215,20001,4528,2495,60362
603,200386,3676,15344,29484,45235,1140,44297,134325,30707,210303
604,34695,25151,5377,39931,39180,56647,6724,2611,42263,5396
605,680,8560,58322,12773,33991,39762,12392,200567,62371,135887
606,41668,35271,44034,44303,20904,24955,57044,206845,1759,35067
607,206177,63834,7828,42000,206420,19397,10838,57929,62099,62360
608,8447,197019,197029,133809,208585,43942,197029,57728,8866,35613
609,20794,199853,719,33885,42893,61169,57269,8767,206774,48715
610,25365,49163,8657,54613,197732,197889,132453,201474,35328,1835
611,20677,44365,42893,26046,21473,3221,201396,6805,21396,39216
612,24768,207841,20055,6659,1289,36149,12083,239,36905,26615
613,17072,396515,37123,3262,205645,16342,395400,264640,5410,10381
614,45014,57356,52039,8334,48670,16363,39351,31122,43437,203231
615,25019,43341,203520,56622,14907,104,2860,48152,204671,5692
616,199860,20626,41733,199803,29086,48293,47764,43478,201091,41341
617,62099,217,3927,198225,16353,4804,45935,4766,62275,42765
618,48715,50825,21430,8648,39673,12793,197019,48417,19693,30764
619,62538,202422,51515,7303,7782,196687,50266,42610,41696,12322
620,43260,33923,136119,1111,207306,39767,29169,49402,36444,6736
621,47992,8937,33824,44285,4785,48971,24956,41897,44647,48971
622,50348,28000,42970,31493,8676,812,23752,23700,203231,18779
623,55824,9161,36905,8492,44507,8339,131210,54869,8412,37123
624,51263,136972,200780,15704,3292,58308,12303,207995,42148,205775
625,8823,20647,28748,39392,61169,327707,50178,35277,202872,45204
626,48276,8334,8334,206637,139195,1759,52048,28917,2119,28760
627,49931,57084,11232,198672,51057,37074,64095,37084,5602,42819
628,24689,35592,202605,28000,30475,24586,199803,13036,197765,50971
629,8916,60840,12793,45797,20647,44489,16302,39608,264640,12793
630,212972,14080,141371,203993,64314,19009,207642,50979,63848,25365
631,59829,205100,15683,42009,50673,5567,39029,8245,199610,48289
632,40788,15699,9269,25513,48089,131743,133481,131743,20485,2495
633,23483,137576,9318,34779,56622,39257,13969,327741,44539,2504
634,27882,212882,22773,47834,47232,200129,49420,3215,25234,1850
635,31272,203953,49420,200460,35913,9443,1850,15969,42610,31798
636,48089,49673,49813,59686,60893,25478,51819,208627,205493,51792
637,199101,47420,52314,18822,23655,16796,9340,46997,31017,49472
638,42473,25192,25234,64238,200801,203520,44002,61169,6373,28851
639,46997,20764,24904,20853,679,204332,24586,58057,62184,1955
640,47869,199571,57219,20965,200129,206157,39837,3842,30781,208448
641,206012,13030,39647,51319,42303,2588,38965,199937,57407,212003
642,56055,56099,38195,12322,202422,135190,327947,16637,60879,198260
643,262913,7690,10279,15614,49931,20750,17439,396515,43542,48252
644,57734,3245,44000,35362,23860,41695,25255,3262,29084,210218
645,15669,62336,43341,51978,29405,36549,51263,39310,135755,54390
646,28738,196847,59702,17523,395152,200161,49779,12543,203602,34372
647,39790,4049,6535,208149,47589,2552,16881,135887,198290,8674
648,51184,208712,25192,9050,135328,34936,12426,48661,15165,39392
649,60288,58057,15704,13041,200780,12426,719,29314,1133,20845
650,53055,24186,198725,39087,51815,204092,56894,50926,200567,60350
651,16322,13127,8437,35244,15788,43749,12637,13335,12993,39835
652,205311,39756,18779,197046,5610,28118,133802,17501,28905,11478
653,17488,395965,24164,12400,49920,15743,37705,40029,42652,17804
654,12479,2611,16363,201011,12593,56329,12843,136972,47381,5410
655,63949,51395,29208,4766,262149,394197,42612,5409,196616,27839
656,44539,60072,51319,25668,9136,56649,13118,51669,24550,62023
657,5610,3549,37315,44973,32899,7828,131995,201686,9600,209456
658,15895,43542,34393,207960,13041,31148,199101,35613,7992,198977
659,15964,12793,8866,57214,49505,16019,56622,13045,4788,25291
660,209553,20609,395214,21473,12714,199064,139994,202940,50222,60011
661,42252,8580,47626,198977,198161,206339,51417,199995,25424,51207
662,32425,49638,3663,7203,9119,44431,52362,18779,1901,56300
663,29962,14615,9607,49469,210278,57353,263689,4812,60924,31404
664,44684,41354,25310,37386,11478,41589,35179,198721,43016,207960
665,31317,35003,48747,18663,13065,29933,328453,204880,9166,133579
666,35239,3226,13194,47217,27272,39087,43132,206066,55,12337
667,52130,37386,12119,203231,6739,31424,25429,56030,31493,47438
668,31042,205535,29321,16117,48848,58057,198657,57707,24971,29504
669,5692,28685,12322,25291,43754,34093,203329,199853,41727,16347
670,60016,12775,61174,31349,34911,8029,197712,25412,197019,8029
671,29624,47237,33980,15685,21396,208189,200519,61109,28685,60111
672,6057,12778,55569,47330,35530,47787,62267,37578,20911,52362
673,26046,18534,45355,45475,264811,201806,61215,20255,15683,327707
674,16276,31493,12390,63242,28785,53169,3292,8265,6871,29605
675,20810,34372,42961,20694,45194,25,47331,12312,264744,37315
676,44096,15886,201499,5631,15796,60072,62429,25381,200030,44285
677,28905,8522,27725,29125,199860,24806,14949,1221,50550,43132
678,34779,61169,57728,553,35612,210103,202605,42306,58086,199803
679,44030,61157,51184,29086,39392,208712,1955,56622,50971,6848
680,8821,24951,7684,30793,50156,61110,28854,24848,60294,17726
681,60213,50467,35158,208563,35348,61343,6866,48926,136393,200272
682,64095,18420,23473,7594,54632,263779,12876,132255,8245,31712
683,24309,13969,20776,35913,1101,35141,396969,134868,37468,4697
684,25460,9268,15557,35141,204170,213279,12931,51561,42120,36692
685,42313,24603,20750,56472,48146,33083,42009,43437,6739,15964
686,51669,205246,33991,58086,203296,48276,15754,62429,43561,28785
687,61169,10753,63834,24904,20845,4851,59,131937,51815,44507
688,8708,43708,42000,43709,12767,20845,25234,198977,206420,197019
689,27733,24689,44303,200736,201924,50825,8447,34779,8881,14907
690,41953,25542,2568,58351,49745,9829,199159,33771,2568,43619
691,202652,3249,43749,4385,18420,3244,59397,57760,201240,203065
692,49941,4844,9785,1246,199412,33080,2259,26615,398447,52063
693,38505,31922,55785,8427,202625,28979,8029,17439,27928,46416
694,15542,198471,10745,51918,35661,31712,12360,8816,205818,41695
695,12337,50324,15605,24722,5518,17306,39122,48362,201860,39886
696,48166,60879,206066,3292,15943,8194,204671,48276,48276,50585
697,206420,15964,17506,198161,8251,64095,6058,27,44424,16300
698,50266,25234,198977,57910,48072,3320,31246,31349,15895,42000
699,217,44244,57269,15474,39647,21430,42652,14907,5078,15788
700,15547,38195,197669,32425,16881,43384,205961,25538,49465,13004
701,50309,197765,197301,38926,31027,6735,57199,33922,59,51395
702,3605,46609,46293,35179,15165,50348,237,20055,14813,12703
703,327687,45609,29933,34245,15542,15669,5516,131210,21309,132400
704,8426,199758,57734,41709,209456,197422,20686,52039,13306,47794
705,50629,62113,41341,16302,35574,17639,15589,20485,41722,36937
706,49866,44257,41034,206420,39790,8359,29125,61111,39790,62336
707,201091,142616,16881,34177,327844,212934,27733,12556,43942,48276
708,44303,47232,44712,28854,39563,8412,44424,25248,47408,34393
709,44776,51515,8632,266858,4685,39790,20904,8447,34285,56478
710,47451,132203,49920,44297,50324,2568,15566,14708,30298,34553
711,47203,204786,52191,39138,200386,42518,207423,16086,14773,35297
712,327750,61468,37126,202196,22047,55536,10886,174,2611,266858
713,28768,395748,8376,51604,200161,48359,201686,38008,34605,8075
714,39180,21309,31673,20473,42610,198722,9136,206404,44622,6752
715,31027,1101,34372,204957,43542,14813,47589,206479,25512,11404
716,209456,51319,16300,62418,49254,42132,41034,58067,20676,12611
717,13036,23523,30298,41676,34081,36926,30475,19653,4780,43478
718,199524,206420,199298,11051,37520,50266,5610,198668,20783,34911
719,36926,25291,20764,59125,203201,202872,51515,203329,393249,41998
720,200736,57809,14383,8437,9916,15836,136988,1835,15011,33923
721,28840,212815,28857,205697,39533,61344,33824,35224,198722,39308
722,11404,45170,134341,29114,45025,13319,132255,37390,35179,9166
723,6510,2519,139759,16347,39608,12303,202625,38220,56420,45235
724,2914,31712,43205,206177,199803,62000,13246,58291,30764,2860
725,205614,6821,57214,52029,131210,197164,24904,201367,8632,36926
726,33991,198068,51225,34354,48139,24638,8359,24722,199159,45009
727,15614,25543,61468,17054,9605,15964,11727,62538,51698,12757
728,8473,42306,42908,328137,20750,60840,16019,199298,33582,205535
729,198290,42473,28685,35277,27660,60810,15895,35612,4785,60840
730,24186,201924,9119,17705,12741,42685,206774,42968,27882,36352
731,20555,43888,50309,43132,48149,13030,42252,206314,1547,44156
732,1237,11427,2110,3274,8881,40328,37578,34587,35804,13156
733,37420,42455,9430,60810,50971,20647,3596,327687,29086,55990
734,47956,5769,44384,138195,20510,43957,202040,47794,20473,328453
735,8839,34549,24725,29355,34916,41881,58291,30889,211552,5739
736,56649,48511,206845,30983,55391,28738,41727,44417,20561,680
737,204064,31798,16,204847,197095,14434,217,10013,1909,42676
738,199853,15614,208712,12591,17804,3326,198668,29504,199064,197046
739,12119,14907,33915,207176,62290,31246,15704,43996,8220,29084
740,14371,62642,8386,51892,56535,39568,25538,59554,16316,26347
741,41723,205891,16125,24586,719,59397,47203,205046,42919,25431
742,63771,54858,395075,13036,43708,37390,395611,201773,43413,35661
743,63920,6453,16629,31263,61102,31272,395748,35908,24689,4785
744,8265,49688,39931,6829,25431,3352,34549,56329,204232,49784
745,20750,21127,42431,36149,32329,7908,56611,44974,43148,10753
746,29124,50512,41843,9051,207141,29124,42289,25515,6128,43437
747,21430,63771,39542,48446,53166,5786,9186,40098,132933,51234
748,15788,198161,204064,48386,13287,20904,44712,202872,8820,44002
749,4538,12859,58224,44604,48166,42306,8767,1955,49560,8881
750,41026,202536,30041,8412,34779,9905,203476,211722,15493,136988
751,201011,48275,197572,200114,12426,31286,48344,12301,44002,205938
752,13925,132905,1213,49920,52697,46375,43442,17378,13045,7545
753,26793,139002,8346,25534,44506,199103,27947,201072,51776,24516
754,174,209097,208877,57929,9498,56472,20485,56990,200519,13287
755,15798,6703,206957,37963,44973,133289,207960,28748,135132,32
756,15754,31213,44417,31017,7850,41722,58086,59861,45235,203953
757,200635,5692,11727,29605,207176,3450,14434,142616,15542,50222
758,12714,25248,31349,49505,31514,20880,208712,25234,34984,202618
759,199283,29084,16302,62275,15704,50163,202422,42652,203296,28685
760,8581,41437,5408,197318,197019,20612,58475,205220,25248,24909
761,12668,35007,42673,57187,209987,47654,25408,15673,31148,201240
762,37578,51458,25472,209045,47692,23752,49638,141235,196714,46562
763,54869,263157,28099,10881,56055,43341,13807,263824,8240,327900
764,134326,8816,8426,28545,25184,20965,35320,49784,217,31898
765,44024,61094,35067,9136,135629,135328,3333,51395,4434,52431
766,31514,202164,48293,47794,56329,60879,34123,60879,51155,197095
767,29321,17551,27839,56649,57044,271354,17552,11815,12312,12552
768,58057,34911,28972,3209,8412,14907,47834,28851,44943,35046
769,50857,43996,15895,35613,44002,47834,3320,8866,61169,42473
770,12316,199289,208425,59253,211772,29449,45050,133959,8402,14773
771,62059,60664,20956,200590,12996,197765,60781,33980,61110,205934
772,265662,4721,33588,395075,11488,394256,20926,14593,61958,50446
773,3491,27747,23481,63848,12414,21385,13781,2549,17819,6510
774,12605,15435,55002,43437,19045,201971,35277,4739,62759,12392
775,39028,44034,31287,701,6908,11994,34695,42337,15435,14430
776,12767,5468,44923,205246,39028,39435,60415,49779,41327,559
777,212485,38796,212934,15788,57269,64116,62538,17551,34123,12772
778,8208,200114,35613,28725,42189,15802,25512,42189,198977,202872
779,15088,20904,20880,33185,24909,31349,31042,20473,58224,61135
780,34643,197451,17747,205206,203602,50277,197580,39923,9829,35734
781,45184,57199,29670,33438,9534,43197,13194,43727,5588,208520
782,199846,199993,37054,45090,8763,237,27901,61506,20057,202625
783,41722,15011,44494,50316,7522,35378,43915,12177,11090,201290
784,204332,24482,202130,33920,44384,852,15744,9158,43142,265721
785,199484,201806,15774,39153,49478,15011,20712,61094,48152,200462
786,211321,51819,51035,8560,1901,8395,48642,41733,200675,44622
787,6407,37315,14949,204332,202605,22458,1237,44651,34911,12426
788,201072,202618,42189,29050,15594,24904,57707,28972,16347,206549
789,196745,8447,35612,48351,34757,43542,9208,6848,208814,12816
790,42337,43915,45899,4721,3450,16628,3221,60011,34743,201126
791,59861,49788,44869,26592,197207,25106,9605,8520,201126,23031
792,204957,46375,40328,198228,55536,3462,58698,11215,8636,206509
793,28878,17623,328262,201366,49784,20485,24725,327859,50620,199256
794,20773,2860,51561,48511,50911,136972,34971,203231,28785,5539
795,32881,16342,35141,24689,51468,19165,49813,6821,3327,21211
796,12629,42919,8492,206548,198977,49377,34760,34123,52130,25512
797,39533,27843,27017,48804,29037,61468,43541,2497,15704,61344
798,24679,57707,25248,1741,51978,15788,33796,198657,50919,24751
799,35807,12389,8473,58717,52314,34393,29670,24904,56402,766
800,198668,33185,34977,51044,43561,42298,63056,35332,55392,63479
801,49719,34757,35224,39702,36549,35489,3213,25579,45766,205479
802,51935,7727,59617,196745,36692,6373,42905,33080,2516,62538
803,2497,8053,134090,57044,12757,31317,50287,36817,57675,8365
804,64230,31708,20912,20845,3320,48846,48089,56472,29069,5467
805,2856,34814,200462,208712,42000,53591,9506,34788,5610,39790
806,12480,43317,51570,48635,1205,204671,25248,20848,12306,42207
807,12772,138466,4771,207803,60111,36909,44084,37336,50289,44869
808,44424,204064,62099,24398,23752,51515,20561,200114,40328,39522
809,15955,8218,62275,198208,41018,62099,23881,41620,265662,2519
810,206314,43939,41435,28785,40029,50926,19693,16375,12390,12430
811,36149,394256,60213,59689,34971,202652,5432,133802,12360,3450
812,9329,393552,32097,15930,44053,24851,200780,7908,13118,56639
813,25509,207960,42615,44531,51515,21131,49893,200129,28725,5518
814,35141,35320,3352,44489,25424,42831,56040,39702,15782,34093
815,201499,39153,13246,50998,21466,24516,52130,51570,203512,34362
816,43709,37187,50448,51935,513,35000,27845,61468,33080,34285
817,20510,39790,262149,33080,58431,60983,16110,206548,209198,14102
818,8865,48220,42306,55536,42729,25291,786,12361,8426,28330
819,398960,203478,12714,21263,40764,206420,28768,42673,15557,62113
820,14813,18779,21351,136972,17705,21232,44973,58431,35000,53824
821,766,135328,51698,44923,15673,39216,39605,30707,204064,49420
822,20686,18106,10796,203329,15802,4,49505,20712,49920,48149
823,48503,42093,11090,61169,200635,15605,199283,29484,43197,13036
824,197318,8194,199610,197580,13004,48943,44489,41722,40809,34916
825,8559,30475,48217,43380,58340,4755,48585,33582,2519,28857
826,6855,34093,44943,46293,55392,31213,213024,12426,210218,6373
827,263777,197580,46997,264679,20810,1237,30607,201814,39138,18534
828,133736,206813,200155,47513,9161,56478,7418,56912,47764,43366
829,6908,58431,6848,3257,57752,57728,201806,37468,199803,11215
830,12303,29962,204847,48166,42676,44369,51495,9161,20510,43561
831,29114,43406,30798,28685,42652,209040,206845,2914,1764,60879
832,43708,12303,17676,56427,206548,37577,3597,39138,34587,61169
833,13026,41798,52322,15451,59789,51792,48417,31514,18534,13489
834,21221,56030,53169,35805,25374,31673,44558,56933,25180,33922
835,21659,35046,62023,239,35559,59128,47217,205535,44395,30983
836,16629,13830,50449,33097,48957,39153,19528,34705,48511,803
837,41000,197892,36198,6703,15011,39756,23483,29252,47232,5603
838,49100,266858,31246,53184,20900,62336,12414,9471,9069,33363
839,200161,37420,7896,196638,29114,202618,56329,42120,47836,59441
840,44712,204279,207439,202422,12859,37492,50911,38001,4771,49724
841,208425,21379,201126,12426,28972,206873,35518,8823,395748,50163
842,47304,201211,4785,11776,396105,6939,62099,3327,134326,205893
843,8781,52314,56329,39878,56635,60316,201494,34760,197207,34858
844,40764,8251,21379,23881,10796,197696,204467,44002,39775,9605
845,30781,33788,200953,134868,34224,39273,199993,2614,197029,4750
846,43350,197288,198060,24679,2519,197467,33182,42622,24186,136972
847,57571,41103,197019,6739,2518,39542,12611,36351,197572,40328
848,29086,11097,34916,60415,51836,43996,198471,26457,14434,6659
849,204619,29396,8245,20647,15886,13036,51836,197696,133289,8369
850,8905,1836,7545,202605,202618,55286,327875,5617,39405,31349
851,27800,207788,13969,137909,20769,205028,50971,31214,50810,15457
852,269923,6535,58291,204274,41676,45267,60493,14949,5467,33819
853,7992,44424,8319,27725,20815,21473,60396,202618,12426,11039
854,44066,12727,41798,278,49560,56611,262691,34553,55286,132245
855,35754,8905,17518,57675,262913,17511,27747,59970,48289,3265
856,39392,7594,197046,51018,41354,51604,61438,50446,199468,5524
857,29305,42615,28683,49675,28917,53046,13009,23483,3676,49624
858,59536,34971,200350,8839,3326,201701,49675,11492,6830,42065
859,37390,24961,37532,34772,30764,44002,18121,12414,20750,204957
860,45638,15673,263824,25486,7506,211552,204332,48670,42765,34622
861,206404,18121,48147,16591,49825,43888,37492,2716,45011,47654
862,1101,12767,49800,33182,46309,2381,202090,12767,206813,34245
863,42303,50926,201557,42442,20766,8823,134341,25353,37315,63242
864,48417,39878,11426,15589,1109,56911,35908,200519,328049,16668
865,35369,32363,13036,43826,42612,395662,58322,63770,11492,4721
866,3244,4785,15630,50810,44050,35271,48147,62759,49800,44045
867,27699,203231,56568,205028,41341,203432,49478,12637,60072,56534
868,396515,51862,8047,6849,21176,42652,61468,198570,210025,43709
869,13005,50911,26793,3663,1200,200635,202618,199860,198901,211670
870,39650,44651,15542,199064,205311,39637,202539,27678,237,41931
871,24638,197029,49100,8953,208139,203380,44600,43709,38505,9824
872,8251,198725,12695,8468,45820,24560,39326,57935,33920,38008
873,203591,5413,25159,41682,8220,12963,4812,50467,39702,8896
874,35158,52285,12767,42431,42387,8311,206313,41103,5547,6058
875,10961,396969,33185,202242,41998,23316,39069,10010,48918,200801
876,24164,50178,34590,206339,393856,15754,42303,1273,21021,48089
877,31708,34156,24399,30892,38987,59504,27831,29580,7247,206420
878,44973,31257,4812,29933,46375,41341,204957,196847,9051,198288
879,8331,22355,5391,50585,201367,43709,17747,39542,9008,39704
880,208183,28725,58299,8265,327687,7506,43727,15614,59441,395075
881,59397,25002,48166,3216,10745,203065,36351,39568,6856,10279
882,396507,57552,6167,43754,56420,4764,327794,31633,49902,16342
883,4785,32881,12426,25365,43996,8763,16097,57119,213024,48112
884,56911,45725,786,58212,29385,5607,50673,24164,32329,8422
885,8365,2486,30851,36444,28878,35819,41722,6908,137576,44096
886,59702,34224,266858,17488,30607,31036,398721,62336,51018,47232
887,47889,50222,26610,47524,203953,263777,35592,3216,42431,206774
888,48351,3,213279,6752,25,12714,41096,56099,50543,12306
889,15022,37406,5539,28917,8680,48417,209045,57187,41771,212972
890,10010,5567,42819,8369,42065,27947,40788,51417,49225,134090
891,39534,40328,29032,205344,13188,41424,267797,133800,27733,47331
892,34953,135756,1267,202090,3208,57119,48747,62184,15699,20055
893,8334,26615,43380,9785,199551,205614,50343,25180,20965,6799
894,203315,43437,48294,133736,14102,52039,42132,62371,25220,35271
895,21211,31214,5516,41009,24971,11097,50195,41682,211101,56655
896,26167,27800,48386,12479,45725,49779,205813,27883,12110,15456
897,18534,20612,48551,35125,13280,4049,8508,21277,48446,17934
898,5378,57670,49673,34187,60415,8447,202288,15974,138466,26830
899,35320,12812,59,55145,209553,198977,206008,33835,29933,5391
900,201211,64230,35332,213024,45011,44549,29208,263689,199758,17551
901,134697,201080,49402,9506,212934,29140,8220,33920,206957,49800
902,44673,42431,11193,8466,8262,398447,60879,51792,48503,8587
903,11351,43826,133289,34605,201843,42885,138466,48293,207002,206291
904,327900,10013,56990,52039,8820,33920,8612,33363,59665,28788
905,46609,56894,15600,56534,41275,4750,41723,25310,18121,35456
906,50667,28812,29226,20764,17747,20848,19969,34285,209864,6453
907,41682,1797,10838,60432,58280,27839,17623,56300,47956,5607
908,31204,263689,264679,202652,11404,43754,197207,397142,47513,2514
909,42695,206067,196616,19397,208210,33771,30781,203641,12757,50324
910,32100,63949,11404,49604,45828,199071,49472,31148,12361,196638
911,9318,13178,3676,13101,701,56300,12271,20910,39375,141371
912,50287,5739,29527,29550,44622,34156,137120,8916,32425,59536
913,49624,43260,34156,48293,25135,8220,31029,135377,12177,9930
914,44507,47242,57503,206610,42209,28885,15806,33824,201971,63774
915,28857,11193,28109,30999,18822,8641,59125,202288,8763,59715
916,61349,20255,39587,29182,1140,6535,31287,53755,35271,49941
917,2381,64478,28875,263777,4809,199524,12479,30781,28929,8391
918,52361,56665,31727,135756,2516,207464,28738,197207,51234,49893
919,202196,31200,39891,34814,35239,208814,24390,201499,7594,5379
920,43437,44217,5378,8676,201887,3605,12508,9367,267685,43380
921,25513,15547,205614,2586,29081,21476,8520,15566,62290,55824
922,206287,40994,35807,13188,398447,6830,52285,12593,44974,37705
923,57456,43081,131937,5576,12337,263689,18419,4713,60986,200030
924,3,7418,37519,51685,264640,29125,12897,36905,NaN,27725
925,396878,42669,25408,3741,6677,4837,12008,12392,NaN,12931
926,34285,49420,50858,139759,201499,62275,58067,20750,NaN,200161
927,47678,200953,34643,2108,702,20741,17518,204671,NaN,25091
928,31036,135887,136972,31122,40994,39648,204708,8636,NaN,8763
929,200334,2614,206238,203296,133802,61506,42673,60362,NaN,63056
930,50994,16218,34602,203520,58299,39686,55430,198967,NaN,63318
931,55391,15879,398355,44369,28330,8228,23118,37090,NaN,3257
932,132905,51044,45758,25431,13122,18419,198385,8529,NaN,31424
933,64478,8362,1200,201773,48276,49371,48846,198722,NaN,56665
934,60258,12824,28000,55350,NaN,22355,198068,47447,NaN,44673
935,49779,42668,197164,16110,NaN,8708,271885,51319,NaN,204234
936,13004,8636,48292,25151,NaN,25365,136119,36926,NaN,34019
937,58351,47132,20810,29226,NaN,57169,31017,33962,NaN,60426
938,40497,8778,15673,8764,NaN,27651,62513,15830,NaN,11097
939,327814,12333,7782,60493,NaN,44974,36817,2609,NaN,12586
940,47583,8346,205220,206813,NaN,56515,6730,43915,NaN,17819
941,201701,51018,3301,812,NaN,8075,208261,33988,NaN,29580
942,39087,12897,855,8529,NaN,24722,41798,6659,NaN,29114
943,NaN,56420,45766,44066,NaN,6057,52,8395,NaN,43284
944,NaN,4538,200030,12741,NaN,135134,41872,328358,NaN,43451
945,NaN,28854,59752,39028,NaN,1200,31323,16010,NaN,328114
946,NaN,52191,8331,35574,NaN,262792,13319,35323,NaN,27883
947,NaN,3367,19397,NaN,NaN,62371,394972,39093,NaN,50999
948,NaN,26830,33894,NaN,NaN,13122,198726,399748,NaN,27
949,NaN,205697,44769,NaN,NaN,199652,33988,39931,NaN,207141
950,NaN,50667,62267,NaN,NaN,31257,51892,62023,NaN,51349
951,NaN,41034,2504,NaN,NaN,199283,25543,28738,NaN,29317
952,NaN,6058,3215,NaN,NaN,204708,60976,39756,NaN,60876
953,NaN,57469,201367,NaN,NaN,20555,25184,23860,NaN,42953
954,NaN,49169,62429,NaN,NaN,30600,8982,31461,NaN,137818
955,NaN,9930,681,NaN,NaN,12618,19045,19108,NaN,1136
956,NaN,36817,197975,NaN,NaN,28130,16342,137257,NaN,135150
957,NaN,201333,203065,NaN,NaN,134325,43142,47524,NaN,196610
958,NaN,57407,395089,NaN,NaN,197159,13189,15798,NaN,28891
959,NaN,49779,265662,NaN,NaN,20057,2510,34533,NaN,57777
960,NaN,397168,12576,NaN,NaN,207609,2613,44217,NaN,51978
961,NaN,6939,9031,NaN,NaN,49601,49824,203315,NaN,14754
962,NaN,203817,52048,NaN,NaN,53356,63927,44375,NaN,4758
963,NaN,44141,35518,NaN,NaN,200567,52322,8551,NaN,16004
964,NaN,23719,21040,NaN,NaN,20900,31317,269923,NaN,58717
965,NaN,34612,61109,NaN,NaN,395400,5089,36692,NaN,57497
966,NaN,42337,15038,NaN,NaN,201211,20910,12618,NaN,8641
967,NaN,47764,12177,NaN,NaN,36937,397168,44034,NaN,NaN
968,NaN,44030,206404,NaN,NaN,59622,NaN,134220,NaN,NaN
969,NaN,NaN,56639,NaN,NaN,29182,NaN,NaN,NaN,NaN
970,NaN,NaN,12757,NaN,NaN,41000,NaN,NaN,NaN,NaN
971,NaN,NaN,135150,NaN,NaN,50667,NaN,NaN,NaN,NaN
972,NaN,NaN,NaN,NaN,NaN,44384,NaN,NaN,NaN,NaN
973,NaN,NaN,NaN,NaN,NaN,131583,NaN,NaN,NaN,NaN
974,NaN,NaN,NaN,NaN,NaN,50911,NaN,NaN,NaN,NaN
975,NaN,NaN,NaN,NaN,NaN,57084,NaN,NaN,NaN,NaN
976,NaN,NaN,NaN,NaN,NaN,60672,NaN,NaN,NaN,NaN
977,NaN,NaN,NaN,NaN,NaN,50309,NaN,NaN,NaN,NaN
978,NaN,NaN,NaN,NaN,NaN,9245,NaN,NaN,NaN,NaN
979,NaN,NaN,NaN,NaN,NaN,9188,NaN,NaN,NaN,NaN
980,NaN,NaN,NaN,NaN,NaN,199758,NaN,NaN,NaN,NaN
981,NaN,NaN,NaN,NaN,NaN,23523,NaN,NaN,NaN,NaN
982,NaN,NaN,NaN,NaN,NaN,8369,NaN,NaN,NaN,NaN
983,NaN,NaN,NaN,NaN,NaN,131995,NaN,NaN,NaN,NaN
984,NaN,NaN,NaN,NaN,NaN,NaN,NaN,NaN,NaN,NaN
985,NaN,NaN,NaN,NaN,NaN,NaN,NaN,NaN,NaN,NaN
986,NaN,NaN,NaN,NaN,NaN,NaN,NaN,NaN,NaN,NaN
987,NaN,NaN,NaN,NaN,NaN,NaN,NaN,NaN,NaN,NaN
988,NaN,NaN,NaN,NaN,NaN,NaN,NaN,NaN,NaN,NaN
989,NaN,NaN,NaN,NaN,NaN,NaN,NaN,NaN,NaN,NaN
990,NaN,NaN,NaN,NaN,NaN,NaN,NaN,NaN,NaN,NaN
991,NaN,NaN,NaN,NaN,NaN,NaN,NaN,NaN,NaN,NaN
992,NaN,NaN,NaN,NaN,NaN,NaN,NaN,NaN,NaN,NaN
993,NaN,NaN,NaN,NaN,NaN,NaN,NaN,NaN,NaN,NaN
994,NaN,NaN,NaN,NaN,NaN,NaN,NaN,NaN,NaN,NaN
995,NaN,NaN,NaN,NaN,NaN,NaN,NaN,NaN,NaN,NaN
996,NaN,NaN,NaN,NaN,NaN,NaN,NaN,NaN,NaN,NaN
997,NaN,NaN,NaN,NaN,NaN,NaN,NaN,NaN,NaN,NaN
998,NaN,NaN,NaN,NaN,NaN,NaN,NaN,NaN,NaN,NaN
999,NaN,NaN,NaN,NaN,NaN,NaN,NaN,NaN,NaN,NaN
