,0,1,2,3,4,5,6,7,8,9
0,35352,212647,43847,9506,41937,197732,60798,197095,213151,39555
1,15456,136972,20804,43910,61102,8319,15830,8365,43317,29317
2,25478,8641,211552,30036,33922,49342,35000,8520,8916,25509
3,1955,50857,12555,8515,203231,12496,49931,207841,1200,35237
4,4589,35332,5738,48804,208332,50673,42541,34574,34244,56990
5,35158,12812,44034,202562,200460,206114,16086,206264,197318,40994
6,48972,20900,3249,5410,208069,2852,57219,60316,207841,60493
7,49601,64314,44365,201822,20810,3367,44431,29405,35393,210104
8,29605,207788,263779,201814,59970,12741,136393,34393,41931,45050
9,201838,2818,24904,9340,35007,208069,203352,212815,132905,200460
10,131749,206549,6453,48102,55536,63927,34587,206774,20001,17451
11,397412,20804,197695,196957,28891,61111,198068,63927,209987,197650
12,208422,57670,559,34960,19750,52212,51918,49734,31069,35530
13,15955,34758,28929,41364,12271,50277,201852,16637,206291,60707
14,31115,34410,28773,35913,28831,47232,35297,4181,16735,59414
15,198068,8758,198415,41897,198288,34911,25353,5397,208323,3262
16,198754,48089,25234,48943,57707,29449,198864,34743,59861,39767
17,13026,1739,9166,44002,198901,56630,197318,39608,37705,15699
18,8362,14988,29114,10620,7828,49037,12735,198385,39435,27411
19,134697,200155,29933,37457,13121,39560,51806,1886,5391,34911
20,264676,54869,197046,5578,37009,10620,209,7203,50446,43413
21,43132,48390,327821,13969,3367,62416,37640,213230,61169,327900
22,6752,200142,203752,264676,5576,2510,11525,43708,37537,15165
23,33097,40788,6400,35816,26167,53488,21565,208712,24642,11492
24,2381,33182,681,7506,200386,29069,48379,22894,57069,41437
25,43754,20776,12479,6360,200953,10796,278,200030,205775,21479
26,394972,11607,39699,719,139002,31841,41828,25381,8151,2381
27,31200,56649,49100,60609,39699,20798,199853,395089,5547,36444
28,11097,25184,7594,16322,16247,44045,6364,133612,15108,2527
29,22548,6739,48642,59908,201240,4,39650,59397,200334,39699
30,8427,2914,11097,132245,205645,34285,51255,23316,27,197207
31,34410,31200,33185,41843,33185,41668,8048,2698,206065,58698
32,61449,27901,8982,16796,42682,11664,24516,18126,270014,26615
33,18126,137120,136360,200334,137084,394972,139195,48289,56166,27660
34,8820,42676,22047,24560,237,24550,264679,52468,17948,12772
35,40029,53184,396878,57128,49404,197075,1257,50543,45355,49404
36,9069,2519,60840,12231,57254,27747,61343,9829,9600,24186
37,5468,399105,8248,59125,21500,202716,47438,12849,23031,41034
38,134341,8670,198561,263209,7684,51515,2514,51813,61399,8820
39,56017,766,134220,5408,27792,2107,15630,52322,11232,22047
40,198859,13331,264744,198524,5391,7684,15301,33185,5470,58322
41,8580,9245,202078,57722,48155,393886,3216,24909,59397,16629
42,264640,201270,9600,3216,63479,20055,203602,2107,56030,42922
43,399748,35592,14813,53166,13489,45475,132268,59494,201270,15344
44,263824,264640,58057,45475,14117,35567,58322,34553,264744,32
45,202536,62024,19171,202078,13055,50222,7418,24398,269923,17705
46,212934,269923,63771,42615,262239,262239,7506,41771,2485,24806
47,196843,53356,35592,22927,36959,262178,8580,27699,398447,21183
48,4755,15806,202536,15344,28545,399748,264811,158,201106,135760
49,24324,131269,135262,11404,13925,16019,19165,27725,196843,393522
50,33876,60304,39762,271354,134220,197706,204165,53356,209465,15964
51,14430,15964,7908,3329,54390,4755,15924,39790,131269,39762
52,37406,198208,15457,134325,3329,20794,9430,60471,47787,14430
53,44558,14430,37123,24768,134325,2860,42580,8220,263157,327707
54,1205,22355,4697,21859,20609,22884,37123,24309,30298,1853
55,17501,6720,1113,44558,199484,327707,263157,15964,37236,395823
56,13490,395214,134090,1853,17072,6720,1205,23481,12991,9443
57,45090,30607,64095,207002,24768,327844,398721,36909,4851,27883
58,17819,4851,140726,58473,25543,45828,37578,1853,131995,64095
59,132003,37074,577,135328,1853,38064,395954,2500,4812,37963
60,63770,131995,3243,4134,17306,17962,136994,131995,9367,38074
61,56030,17962,34878,2501,4,2504,38064,45090,211772,28109
62,3597,38635,27790,3597,134090,39891,17962,14754,19653,202329
63,28545,208854,396503,2128,56055,13728,208974,397168,135150,16796
64,396503,27790,37074,28545,37963,27790,27790,23181,3597,26347
65,13280,396503,60288,23181,2501,29614,37074,37074,13280,37074
66,37074,60288,17623,60288,271885,60288,60288,60288,26347,60288
67,60288,55960,28556,17623,54412,17623,17623,55960,29614,17623
68,28556,28556,36926,28512,25441,28556,28556,28512,60288,28556
69,7122,36926,37002,139331,60288,36926,7122,36926,55960,36926
70,36926,37002,45935,36926,55960,37002,36926,37002,28512,37002
71,37002,45935,39891,37002,28512,45935,37002,45935,36926,45935
72,45935,39891,7420,45935,36926,7420,45935,39891,37002,39891
73,39891,16509,10753,7420,37002,10753,39891,7420,45935,7420
74,7420,7420,42003,10753,45935,42003,7420,10753,7420,10753
75,10753,10753,135629,42003,39891,135629,10753,42003,10753,42003
76,42003,42003,8075,135629,7420,8075,42003,135629,42003,135629
77,135629,135629,23523,8075,10753,23523,135629,8075,135629,8075
78,8075,8075,7122,23523,42003,7122,8075,54412,8075,23523
79,23523,23523,62538,7122,135629,62538,22884,23523,23523,62538
80,62538,7122,56728,62538,8075,196621,23523,62538,7122,56728
81,196621,62538,196621,56728,23523,197269,62538,56728,62538,196621
82,210303,196621,197269,196621,62538,210303,56728,196621,196621,210303
83,51773,197269,210303,210303,196621,51773,196621,197269,210303,51773
84,199064,210303,51773,51773,210303,199064,210303,210303,51773,199064
85,199283,51773,199064,199064,51773,38926,51773,51773,199064,199283
86,31404,199064,199283,199283,199064,199283,199064,199064,199283,31404
87,199256,199283,31404,31404,199283,31404,199283,199283,31404,199256
88,133289,31404,199256,199256,31404,199256,31404,31404,199256,133289
89,4758,199256,133289,133289,199256,133289,199256,199256,133289,4758
90,139331,133289,4758,4758,133289,4758,133289,133289,4758,139331
91,41881,4758,139331,41881,4758,41881,4758,4758,139331,41881
92,18199,139331,41881,18199,41881,18199,41881,41881,41881,18199
93,48112,41881,18199,48112,18199,48112,18199,18199,18199,48112
94,35558,18199,48112,35558,48112,35558,48112,48112,48112,59504
95,25159,48112,35558,25159,35558,25159,35558,35558,35558,35558
96,39762,35558,25159,39762,25159,39762,25159,25159,25159,25159
97,19045,25159,19045,19045,19045,19045,19045,19045,19045,19045
98,26457,26457,26457,26457,26457,26457,26457,26457,26457,26457
99,396969,396969,396969,396969,396969,396969,396969,396969,396969,396969
100,21161,41710,134326,3352,31042,34772,44788,198183,20849,204151
101,31143,17551,47447,3221,203520,21385,206313,31143,61344,15763
102,8492,12539,31712,31017,20764,45025,28891,62365,12775,45009
103,197580,8228,23242,20764,35008,327813,28728,203315,39587,12847
104,44384,39686,6167,43081,20857,51088,43996,23242,44381,16353
105,207934,62371,38965,205617,199339,199339,42675,198203,20555,62105
106,15703,328411,8473,13193,39405,197357,15969,12324,12826,203380
107,197448,7713,39816,1653,32425,53006,204279,1967,41090,13000
108,39405,1653,56837,42717,62282,42968,37989,203556,35807,35661
109,31708,47227,57199,55350,200272,199758,13193,44141,63848,41753
110,4844,53755,10094,61094,132400,4800,59795,41753,14754,45102
111,3663,197572,56740,49223,50911,12570,41931,131743,197650,3269
112,204064,47678,61174,43284,210329,6703,42831,201281,198754,31148
113,39544,209137,47242,8265,11351,21466,1267,35369,39544,29286
114,21309,35371,52191,210118,20912,47727,30886,262792,6079,199811
115,34187,1836,41691,206339,25581,206548,31736,20912,28857,46562
116,197738,29355,203937,59789,57069,47242,8676,41018,50911,47956
117,37386,1764,199652,16246,1759,12591,59686,24689,7203,48155
118,201924,37154,21282,5006,57929,201430,50710,24889,56420,203432
119,7575,43708,803,37126,48683,8339,211398,198736,41897,197029
120,394380,16796,50971,196687,37513,36884,13830,201887,20545,25234
121,25381,57929,16637,34553,13807,48072,328162,395748,29321,42473
122,48846,13036,42729,18809,202042,4128,63318,204064,15022,46416
123,46416,26793,134521,34467,4685,4922,7018,56427,3927,11776
124,1289,393275,5739,12119,22122,50449,35401,394380,42000,25429
125,197207,11381,206404,299,5547,6167,2152,12430,57269,35804
126,30041,278,201587,2586,4771,40497,201240,35401,264676,11317
127,41843,42610,201227,51806,43382,198936,29680,40328,205515,15133
128,28073,58224,133736,48715,50810,44285,395965,45671,40029,7690
129,4713,5505,39028,15954,8339,2698,197207,51164,3245,6667
130,47165,4685,8053,132255,39069,203457,206873,38796,104,202391
131,16232,50716,11814,31036,6407,51035,6057,237,48359,23719
132,26592,10881,62290,397168,51255,53166,17551,4697,11664,7303
133,9600,45528,17747,34984,134944,33185,23752,48359,17465,6407
134,208927,57214,52314,136360,55,9498,14868,26610,39273,51570
135,63479,28130,395089,8427,56791,16232,3301,206873,136972,12764
136,50195,9370,61399,14291,203937,264608,15540,23752,63834,134868
137,57631,6364,199993,4785,35362,9067,56791,29399,20255,8369
138,132453,6855,20875,27833,2527,50166,17676,21127,56791,25038
139,23316,8248,9245,48155,27770,8253,8581,27792,14773,52455
140,3274,22799,5692,20545,56681,4697,11404,40098,8581,202632
141,57552,17705,197331,197448,6867,212934,20848,47381,3274,61468
142,27828,8580,131937,49825,20055,25668,39699,48155,24398,201270
143,208590,61110,263824,52468,262691,132268,45475,57631,43148,262178
144,27725,3816,398447,4049,270014,47451,5391,19171,267797,397990
145,16010,197564,11404,33894,50222,21365,3816,131583,262149,4049
146,7828,28545,59105,64238,27828,267797,2501,31286,16360,28905
147,61110,42615,58220,267797,29614,263689,197331,18881,398960,202536
148,134325,25441,60471,269923,264811,13925,15344,8240,22799,9430
149,9500,45194,45235,13331,398065,39790,399748,23089,204165,11404
150,15457,3329,206008,1916,9245,50973,50348,29962,3329,211772
151,398355,9186,398355,209465,28854,24309,47420,20609,132933,12735
152,327707,43260,33876,23860,197706,205790,135760,60304,24768,40285
153,198208,23481,328114,8346,45235,43652,49941,20794,40285,327875
154,12991,25543,2500,14430,48417,40285,328114,4755,212934,1113
155,17625,42685,1205,206008,198208,37315,23481,9186,37123,34553
156,15108,32160,58473,39837,263157,2488,2488,11888,1853,4851
157,55990,54613,45345,29614,49941,37578,212934,327794,134090,264608
158,45828,4608,4812,45828,37406,136994,36937,1120,38064,56055
159,64095,207002,19653,38064,1111,131995,53591,4685,55990,45090
160,38635,38220,8657,17962,23181,45090,17819,132003,2907,63770
161,132268,4134,208974,17523,681,9367,132003,140726,15457,27790
162,28109,17523,28109,27790,4608,34878,4812,2722,39891,208974
163,18734,34878,23181,25441,38220,26347,39762,16796,135887,397168
164,23181,271885,29614,3596,17962,3597,28109,26347,271885,396503
165,2110,23181,60983,396503,63770,37074,29614,29614,25441,29614
166,29614,60983,55960,60983,28109,60983,60983,60983,23181,60983
167,60983,17623,28512,55960,397168,55960,55960,17623,37074,55960
168,28512,28512,8529,28556,13280,28512,28512,28556,60983,28512
169,16796,50226,51792,135756,60983,52285,16796,41620,17623,57269
170,6659,17117,39122,4788,17623,48918,17408,52285,28556,199412
171,202113,39087,49828,13045,28556,24651,200761,39257,33771,34878
172,12847,51207,395748,12508,5432,327687,8515,211552,8331,35640
173,8953,1140,210103,25133,34549,9158,44549,57456,41000,43081
174,13037,10961,31642,51918,39153,45011,29462,49981,61349,49784
175,35754,35393,6805,39704,45014,19255,12996,15540,58317,205544
176,8283,136119,35227,57943,42707,11478,50661,56457,35179,15744
177,1887,34244,208069,8285,30880,51944,12620,43939,201396,50858
178,205555,25460,138195,199846,197732,20766,131749,24904,64444,42303
179,15751,3292,52048,55933,12727,9905,50818,34705,31323,7642
180,64314,8508,15716,52048,39392,204467,39534,132796,137409,20794
181,14618,49223,8265,13032,28785,28773,35807,28683,196745,12593
182,61169,28929,56433,15955,131743,59622,61337,327987,60049,43205
183,21232,50919,8402,200043,8416,197892,200043,6327,8779,24889
184,25002,39910,42000,30741,201474,43451,8788,200409,39910,201333
185,197695,50345,201843,8670,13830,210278,199554,51124,62513,51495
186,48471,209553,41302,49163,202094,56910,42227,202657,3320,203457
187,327750,25429,19397,29504,6772,201123,48661,25353,49711,37090
188,2613,42908,202605,27800,198668,15994,208425,8362,12586,202605
189,63920,10796,37537,33763,198183,13280,37136,48252,56981,25248
190,22894,201924,31394,15685,39384,35467,36149,11351,20875,2018
191,28812,198161,12177,63318,31272,53591,37670,8887,201843,63242
192,12479,46416,55,8151,327987,33080,15165,50163,47232,4739
193,10381,208520,12430,42317,15011,5547,7545,11215,328039,29032
194,557,35908,42885,199610,3208,27272,34467,203641,40809,25490
195,44285,299,57497,2381,35559,13490,217,21479,43507,7896
196,3450,35401,45355,198936,36352,43382,39560,396515,8657,36149
197,50716,60631,56420,47787,44341,42337,12430,139002,11492,2514
198,53166,34285,5786,31549,138466,23483,14453,719,201776,43382
199,55391,24642,14291,49638,35382,9009,47330,54613,32899,207141
200,21127,43097,212485,135150,39308,41727,43478,217,198524,4764
201,50710,57695,135190,48511,209553,11097,52431,38635,395400,61506
202,52341,133661,26592,855,34760,48252,134111,50810,59441,1403
203,62184,47286,15011,48292,11232,56166,135755,6535,1916,51035
204,25038,23031,47237,135755,34533,201852,53055,41682,24560,60840
205,8047,18121,766,20485,134285,22047,5518,135755,141371,23752
206,137,15038,47451,40098,217,24909,5483,201852,4804,39775
207,34038,9146,55850,2497,50166,15774,42393,33991,62184,5603
208,137084,9069,27733,52341,199846,15630,9607,61449,27883,64116
209,396105,25668,25513,2107,41435,9607,1930,399105,34858,25365
210,43016,137257,17506,50919,63834,27411,11090,35567,22458,5692
211,31286,197331,265721,39673,264679,40029,48275,20965,48155,202078
212,27699,20609,399748,57631,198561,64073,59397,29125,198859,262149
213,398065,27839,46997,263777,15630,5391,134220,22799,132268,399748
214,14638,158,2501,45267,34553,33894,9146,132268,8359,137257
215,209465,262178,61110,57552,53046,3816,16629,12668,27699,204165
216,30298,398960,209465,19165,7303,269923,17523,27733,27928,8386
217,35592,6871,134325,18881,44257,208590,13055,206114,24786,17439
218,23860,4755,1967,23089,264744,204165,28545,265721,53356,33588
219,24398,16010,22884,22799,42863,202536,58057,13925,33588,9186
220,327741,36905,211772,27831,14813,45235,202872,196843,16019,206008
221,21859,12735,37315,21183,32329,60493,16010,16010,21183,399924
222,36909,399924,55391,4755,137257,24768,18196,50156,135262,37123
223,205961,327707,39837,15457,49604,398355,33876,23860,42612,12991
224,2488,1113,4608,263157,16010,25543,22355,33876,399924,11090
225,45820,14102,131995,198208,24309,1120,11888,7908,32160,17819
226,19653,23316,4837,42685,50348,36959,679,327875,37187,27833
227,37963,58473,397168,15525,1967,134090,397142,1111,1111,135328
228,134090,327947,15525,4851,23481,135328,327844,7506,136994,4134
229,56055,56055,553,132003,15964,55990,30607,38220,64095,9367
230,2504,37963,3597,37963,22355,2907,138562,37963,17962,3597
231,45475,9367,26347,2907,679,202539,45345,271885,2501,202539
232,27790,202539,196847,28109,396503,394256,45090,7122,327741,7122
233,3596,28109,21385,13280,7377,271885,34878,396503,54412,23181
234,26347,19045,42831,18734,17819,36924,3597,15943,4809,60781
235,2128,139759,34602,26347,45345,12611,43942,17356,27790,56622
236,35714,138466,35913,31461,140726,29226,35710,29037,2128,25291
237,63199,49505,39686,34568,9367,41103,206066,8676,396503,48481
238,30784,15502,47155,6181,27790,44034,57469,24722,9182,45014
239,201240,15435,37386,41722,16796,2843,28685,38965,25406,36692
240,35432,62113,12586,13005,2110,39533,24751,9067,39522,8220
241,48139,58308,39405,203065,29670,5650,49601,208764,206264,50661
242,1136,140443,9340,34659,63199,38987,48804,206186,197288,197692
243,50994,200460,43888,204652,50473,39180,45725,205555,60713,29695
244,57734,9105,34781,200272,51561,38001,208069,41424,43289,4750
245,205220,133136,29449,38001,50343,48102,199188,209792,203476,201852
246,133802,200272,49824,199860,60213,21390,39216,2110,56566,13032
247,64230,208139,34038,43384,212815,59414,56478,48943,10094,9070
248,49985,39636,208329,59622,199468,34393,41327,2568,202454,20612
249,21466,12849,43542,199324,41046,16509,42905,60049,60409,36290
250,30722,15716,211613,52063,42490,34758,212865,49223,197738,197975
251,44923,49403,13319,204564,17451,211670,41103,199860,6772,29119
252,34814,39857,29321,50226,201123,49711,34393,51395,23473,30938
253,41437,327987,2018,30764,15451,31394,43019,205818,203752,59970
254,198725,42306,35369,44384,10961,14593,47787,26830,49037,50994
255,17551,55145,30707,327987,5392,205818,11402,60011,27800,14988
256,55286,198736,23483,57069,34960,55391,37513,29504,51035,10381
257,35816,202228,200030,13490,31246,27796,396878,43542,56681,11172
258,48386,26292,211722,31863,57507,201588,11381,52362,211398,29056
259,36817,7922,197207,25515,199244,12271,28812,206404,62099,25381
260,10886,7545,136972,9916,35297,40788,3,205246,33763,3676
261,59441,24390,51035,4,37519,39699,43957,32890,7018,17310
262,14949,60833,53166,203296,10381,44531,5505,24516,208712,4721
263,41727,9147,5645,211398,205893,299,19016,39699,12479,198024
264,263777,15704,16232,42337,7018,49638,44244,7795,11830,44375
265,35559,25412,133658,34760,394380,31036,41733,23483,13118,132255
266,196742,206873,6568,136972,42038,5786,26610,7684,13807,6535
267,48292,271354,32890,12768,134697,40098,24390,44691,61135,22458
268,64116,9829,51515,11814,51935,137120,132453,53166,52,50716
269,4785,34858,9069,34971,49100,60409,6568,12772,207141,47438
270,206549,27833,41075,9829,208323,52322,39648,45609,26610,17465
271,11090,17506,133579,33991,205775,12579,197269,25472,131210,21299
272,8253,27364,18881,3450,14291,58067,47165,12764,18399,15451
273,8416,41897,29497,10010,56420,12423,18126,14868,138466,53055
274,133661,48155,59125,11193,133658,2519,9069,30041,2497,8670
275,17456,54594,263689,42207,278,7828,46997,56681,61449,267797
276,58340,9790,397990,209620,60879,63018,51234,8248,15673,13055
277,202078,42922,63479,30851,205679,131583,51164,12543,30041,14638
278,3816,48417,62184,20848,50012,29278,9245,40029,47623,398447
279,58057,27733,50348,14117,7690,41771,29278,64073,58340,131583
280,1246,49604,60304,24324,3549,27839,262239,31138,45475,50348
281,12361,27725,45194,197331,24909,28545,38635,7418,29497,12302
282,13728,32329,12735,32,8991,7247,42922,197564,7418,133982
283,20609,8916,11888,27733,395823,58220,27928,262149,264605,8047
284,135760,135262,42580,265721,16735,12302,32329,398447,42730,49941
285,55785,8386,327875,19171,52336,135760,20609,206287,32329,198208
286,42580,211772,2510,262320,8359,52088,50973,12302,27017,17072
287,7908,44558,1853,197706,27699,15964,131269,42730,24806,37236
288,328114,40285,38796,17439,327947,263157,43652,58765,47420,1109
289,9121,37406,38064,42580,14434,37406,37406,327741,23860,40029
290,1853,1111,55990,17072,42615,679,14383,22884,30983,4608
291,9430,13728,54412,8466,45475,25429,12991,37406,7908,264679
292,40764,53591,207002,1111,210140,9443,396503,6720,397142,45345
293,4837,138562,208854,37074,12302,64095,29032,55391,25543,140726
294,58473,3243,271885,17819,23860,140726,10131,56055,6720,2907
295,38064,38064,55569,45345,24806,38074,45828,4837,4608,271885
296,9367,45090,15763,4812,39762,208854,131995,28109,38220,208854
297,133579,2504,51263,63770,40285,396503,4837,197732,45090,12876
298,271885,202329,8641,271885,327741,28109,208854,23889,38635,34970
299,51978,3597,5769,2110,328114,58291,271885,49588,42580,209915
300,62418,29125,59795,134326,1113,38968,15474,61337,397168,15930
301,35000,205100,1653,62023,397142,60072,59752,31214,133736,12488
302,33823,34687,62418,3663,299,20712,49037,39563,28109,210103
303,60672,205891,3352,35237,58473,3333,50919,202040,2110,202914
304,207464,208332,200836,47227,64095,34385,35224,42120,31204,30851
305,1101,9268,9299,212882,4134,42263,197288,196890,5538,328411
306,43709,30781,12406,8839,38074,26827,16342,199758,12390,12578
307,59689,45102,31736,41753,3597,35063,201396,204847,35332,7713
308,45014,13189,12835,197318,7122,212972,135014,45102,39642,42669
309,9930,208907,12963,17948,2128,4773,41652,12488,50247,43312
310,22342,3352,205515,44158,2852,16066,3927,208323,198717,15669
311,34093,28785,59686,43312,203329,39422,42676,22438,29605,12307
312,51873,35362,39756,20634,24638,8302,197669,20811,57033,2609
313,2593,199324,48503,201806,198722,198977,41364,28681,9506,3596
314,34867,31042,40788,393856,52000,1221,34605,21412,33182,199399
315,47283,42760,34911,33788,202914,208808,39616,58299,202975,30298
316,36937,51309,37611,31394,34958,8982,39326,32160,34743,44002
317,205818,42252,25255,206420,56912,51032,198161,25441,13030,208712
318,45838,37513,12252,28573,209974,62276,16232,701,22438,328453
319,11215,49931,299,14988,44914,47887,44377,62099,197269,40328
320,60833,15088,205697,35046,209792,20926,64230,15685,51669,16628
321,203457,43915,44506,36817,41302,38796,16637,12252,26830,49163
322,32890,50994,44045,36352,208098,12177,46416,203457,41682,205515
323,2495,63318,23719,13118,14618,13118,20776,60042,202632,557
324,48289,393856,39435,10013,200583,46303,25381,31841,48072,6167
325,22438,10279,16814,17055,12307,393552,2722,4851,12426,7514
326,51819,7377,19108,16302,200155,1741,56635,2586,37100,59397
327,6057,50979,34984,203432,33796,202391,205775,8943,26167,48551
328,2914,43754,18209,44045,8362,7896,18516,2495,25192,135887
329,15673,39069,27668,204234,39399,43655,50810,142616,12430,11815
330,200334,46293,62759,23719,37670,42682,57044,39650,11381,19016
331,264679,25408,8749,51570,803,270014,27901,27678,44341,51255
332,9824,52431,48155,17306,51018,27660,38195,51604,54594,50166
333,4809,45609,35567,42473,20057,131210,56166,134341,34410,137120
334,20055,42393,9500,134944,134521,5397,27668,205893,17934,5468
335,8248,27883,28099,42393,41691,52341,210140,8427,44244,47295
336,8402,63771,12668,19016,136972,5603,25038,6568,6535,52341
337,24560,14773,17676,9600,201557,34858,41341,14773,139195,5391
338,7203,5483,269923,6568,48289,5408,59128,201686,23881,22927
339,203602,8991,398065,20965,39560,9600,3314,378,133189,25513
340,13055,201106,54858,15544,15699,395748,394197,51234,9607,263689
341,262239,64073,63770,29305,27364,11404,202164,8047,264608,29962
342,32329,31138,206287,33819,206873,55785,201557,55785,8749,9245
343,265721,16019,21183,8053,17465,41075,133579,50222,21928,48417
344,21183,7418,18196,64073,22742,8359,41897,264744,50195,50973
345,15142,51349,44558,31138,58067,22927,27828,47698,198936,131269
346,24806,263824,14430,13925,50550,27725,2500,262178,9500,27017
347,135262,207609,36905,27699,30886,397990,202078,64238,12668,42580
348,131583,199588,327794,262149,9824,20609,264605,28905,3816,8466
349,8346,9430,4685,394197,27747,3329,29962,8386,1246,11888
350,399924,202536,1111,13489,8670,133982,24806,2485,15368,327794
351,37187,8346,9443,60304,5516,8220,60304,45235,397990,6720
352,12735,205961,56055,135262,19171,8346,45194,211772,54858,19171
353,1120,6134,37963,2860,53006,6134,15457,17072,202872,136994
354,45528,37123,27272,23481,8048,37123,37315,22355,197706,27770
355,15011,1205,327947,12735,29497,1109,21859,1109,134325,132003
356,17623,17306,202329,12991,28099,30844,1853,4713,62416,55990
357,138562,9471,29317,8657,37578,4608,17306,64095,22884,17523
358,131995,45828,20676,4608,265721,56055,37336,4812,398721,5738
359,2907,8657,44684,131995,19165,4812,9471,27790,327794,12843
360,134220,132003,28917,4837,64073,17523,4851,50629,39837,7590
361,15962,4812,15133,38635,34385,553,38220,35061,138562,201211
362,35574,38074,16298,12662,39861,397142,4134,44974,132003,35266
363,28917,208974,16117,30823,132933,35540,202539,13122,37963,35332
364,28760,59494,60955,198095,204165,15594,8167,8905,2504,60767
365,12322,133189,396190,62360,9121,8331,200567,3265,36905,198611
366,31642,51892,200906,206509,22884,16353,56568,198570,6058,199422
367,34373,12874,4773,50266,36905,49544,31042,34772,1221,199150
368,51155,41696,41710,35661,37187,48139,199937,205036,34568,55933
369,209097,205678,199554,42303,1205,50999,31642,197422,35598,31263
370,60610,49920,199837,210104,398721,212647,42401,29100,36874,15626
371,38077,55430,57670,133959,23483,35323,208574,17884,36692,15544
372,11402,197301,57503,199103,9443,198507,135134,10310,204274,51873
373,29086,59676,25192,43380,131995,55699,24776,37457,203556,20912
374,24951,12579,62416,8271,45090,35807,21700,265662,200129,11426
375,16141,39375,20848,60049,2504,57670,6877,199324,39405,5379
376,28840,31148,398721,21699,203488,29222,207960,48683,48481,211398
377,196957,21034,204332,35432,39083,29086,2593,31323,9930,47110
378,37519,212485,32437,201686,196638,45797,15683,15716,327831,42000
379,6893,34781,50226,42000,31472,56550,42346,30938,5602,328137
380,10143,48503,7545,198260,50266,51392,5413,2609,35362,62759
381,200386,49866,10364,16637,5479,29329,50163,12271,42346,53488
382,50979,328039,5505,198977,24904,25255,61135,206548,13319,8437
383,34285,197029,42252,11525,198781,12508,35467,43413,48943,43132
384,10242,27272,9147,55286,199860,42970,7922,4922,207423,10364
385,7896,50446,135150,206718,9085,4713,42473,205775,12508,53755
386,58224,197318,12768,54613,59253,31863,15108,15934,51604,9824
387,19016,10381,7303,10364,31143,12389,53488,15267,44558,42885
388,48511,23118,22438,39699,51871,11402,60042,45838,28768,16322
389,6535,11830,211670,39384,19528,15267,557,20904,44489,133736
390,3927,2698,24550,25184,47217,6667,42557,58431,327935,8053
391,56791,42387,27879,9009,42760,62173,35699,11039,209915,21928
392,5576,39650,15301,58698,25424,3676,11051,18121,44424,50543
393,27879,204234,21127,56420,208927,39020,59441,206065,15954,60879
394,2497,2500,2107,14453,203596,50512,50512,1797,7727,137153
395,5603,12772,29278,25145,34056,6057,1916,31036,60833,33819
396,395152,52468,4049,133661,327813,27364,23719,9498,34553,12579
397,2108,137084,27843,206012,15108,18209,9829,3269,34984,27668
398,3216,206012,13055,15038,198524,206701,27833,15774,10364,41897
399,23752,3549,2497,62184,4128,14868,56588,27833,44045,264640
400,30640,9600,27928,53184,17378,5483,53755,6407,263777,21365
401,51164,394972,19165,5516,50979,47237,51813,44651,24186,27928
402,31138,25365,394197,201924,136988,378,63771,50195,133959,13925
403,16629,2108,17523,205036,20904,62184,8253,33819,17551,45475
404,207609,27017,202872,200590,44691,19397,7782,393522,142616,35592
405,269923,9500,197706,6535,28760,395152,33819,137257,3549,39861
406,15924,41771,132933,56030,199853,55850,211722,25513,21127,23860
407,32160,58220,8466,21365,14453,198561,4771,28099,33185,63479
408,16019,267797,263157,397990,41843,29497,41075,56588,8991,33876
409,24309,28854,24768,264744,132453,264744,264640,14434,201557,44558
410,137257,14638,25543,27725,11317,27928,7514,6939,134220,7908
411,9186,6939,4713,394256,51515,398960,21365,202872,25513,37406
412,23481,1213,1120,11097,201091,50348,27725,197706,27839,2488
413,327794,23860,4851,202536,51943,60471,13925,52088,27947,395152
414,206008,209465,135328,18196,4785,17439,61110,133982,29018,45828
415,679,49941,45090,327741,27879,16360,12361,15457,29962,11193
416,18209,199484,16796,11888,20875,33876,133982,398355,20055,38064
417,13969,21859,42863,199159,9069,17072,211772,37187,206287,17962
418,55960,327875,202539,1113,33588,328114,36909,2488,60304,2501
419,4851,12991,15669,3243,262792,42685,6134,17518,133982,206114
420,135328,398721,199551,134090,8053,36937,1113,45345,8346,43341
421,38074,396105,25310,38220,31286,4851,26347,17962,17072,16347
422,9790,38796,42893,45090,27839,132003,30844,3597,17306,28738
423,29670,15525,262792,38074,37386,4134,396105,41937,37406,13037
424,205597,135328,49981,205790,1246,38635,38796,39935,1109,38965
425,8636,140726,44869,29624,398960,208974,64095,204052,38796,211083
426,28728,2907,199571,37406,132268,23181,55990,202454,56055,50247
427,62098,553,15540,12555,31337,5378,202329,48166,4837,13193
428,47698,55805,39605,199165,8386,12306,10098,42707,63770,45011
429,40994,33824,131749,50309,135262,57843,44084,34154,15964,133959
430,206957,200350,42668,52075,58220,35008,61400,34916,16796,206701
431,197422,44332,15576,1835,199159,60876,202605,35007,201011,47678
432,206067,38965,62275,50550,398355,1835,1101,203352,47654,15836
433,17726,37474,43380,4657,42580,48821,208627,198901,20712,34960
434,31922,59689,44341,25106,37236,6079,39673,140443,8315,3257
435,206548,18403,5610,15683,12991,203556,199468,49855,8473,22342
436,199562,42622,198725,21040,212934,208585,9735,37153,34688,6867
437,8816,206509,201211,5396,25,4616,34019,62513,396982,20953
438,39216,44946,14102,22342,45828,60470,20057,31115,16363,199298
439,31272,197667,8778,57507,135328,51943,62282,52212,15669,56427
440,37153,197738,2470,44651,4837,12333,15510,41710,47583,30999
441,47110,60409,3212,200635,2907,44002,21034,8758,5650,40764
442,197564,44185,7018,210329,9009,133189,48438,37090,29449,35908
443,22122,15576,6510,327707,201011,12779,61174,47169,41009,8412
444,35401,39568,199853,28905,56534,34779,44176,23118,25581,49724
445,57910,41437,2586,803,13005,34757,197892,8778,5645,17934
446,15165,37009,25184,22894,38965,28760,20657,42189,37336,397412
447,59,8778,38195,12389,198612,201887,201924,395954,20848,2497
448,48715,4181,25408,2914,328411,41589,3596,34285,56515,20798
449,12231,3213,8048,395400,35371,199610,328039,33962,56588,60786
450,43478,51426,11051,51728,44923,263779,395611,40497,39762,24324
451,8053,10242,50710,199652,43939,198415,11776,45638,20926,28000
452,55392,18663,45609,48359,131749,14522,42038,203602,204332,203020
453,5567,17378,64116,205645,44096,63242,1909,30607,327859,56981
454,34984,1289,10381,138466,37705,51319,29287,26046,17054,47286
455,28130,205246,15673,41727,11402,31549,48846,63771,204957,135190
456,9607,48289,8253,27411,21176,2381,7029,16322,206404,51234
457,61343,49638,8670,16232,50170,15699,16322,28073,20776,197269
458,54858,35559,56030,134868,49931,25408,41668,41727,28812,14522
459,378,48511,262239,51515,204847,6535,11097,139195,25668,20510
460,20848,16814,42922,11232,199652,54412,45671,42473,199246,3816
461,135190,133658,18121,131937,12662,133661,135190,41341,1909,31286
462,20473,33991,27725,61449,37457,5396,61449,53055,44531,263824
463,44506,263209,32329,3314,31841,64116,34354,14291,16814,42615
464,33894,9824,22799,35467,29286,21246,35227,13046,17747,55850
465,264744,21928,38074,12741,9916,196742,8427,199399,138195,56456
466,64238,29278,39790,29125,11830,199993,2519,56535,45838,197706
467,27947,3314,3329,11664,60042,9370,8991,395152,9824,58765
468,50973,396507,23860,131583,7594,398721,40029,23655,27833,13331
469,17306,138398,199159,50222,198024,11090,12543,201270,47438,24768
470,28905,50222,14383,207609,48147,23655,20904,6147,40098,1967
471,18196,196843,15964,262239,42557,58322,137257,62024,15630,263157
472,45267,27828,36909,262178,48386,12668,25365,263689,20904,328114
473,43652,3246,17518,20055,3450,7418,27699,7247,4049,42685
474,11888,264605,1109,53046,43478,14638,55392,58220,50222,54594
475,25543,398065,138562,8386,45609,32,31286,47420,27843,138562
476,47331,5466,38220,133982,4385,28905,23089,197712,14638,52314
477,1113,134325,17962,9186,47438,15924,398065,131269,43847,38220
478,131210,12302,6058,14383,208329,45194,28972,24768,58057,4812
479,396878,42580,9211,47331,48471,50926,12302,399924,46997,2504
480,4812,8466,200924,1120,63774,211772,4755,37123,28972,25455
481,4608,7908,20712,39891,27833,14430,2860,1205,50973,60294
482,45345,37236,29182,9443,57760,327794,25543,10013,24309,51859
483,2501,2488,32425,64095,2107,1111,398355,38064,33876,29182
484,9245,27411,202196,55990,25668,37386,42685,55990,6134,25135
485,21131,395954,200675,2504,28000,58473,15142,51978,15142,50673
486,50345,136994,25220,198672,18822,38220,36959,56568,327707,35361
487,197686,42863,15480,8520,201270,37963,23316,1241,1205,21021
488,12303,64095,44097,8245,27733,2501,4608,44332,9443,59689
489,203315,4837,134116,201211,38926,202329,56055,57843,135328,50304
490,13189,2501,62282,56990,15344,23969,140726,205617,140726,4773
491,204754,9304,48971,49544,207609,35833,553,50937,17523,28929
492,57254,57407,199181,207642,133579,28738,5617,203512,43652,51124
493,199758,62360,31069,200460,57084,13285,12346,48956,8422,47697
494,60426,62267,48275,51426,12361,15703,57843,212972,56649,39910
495,4780,1133,31349,45725,133982,42675,42729,50304,59617,13287
496,14615,135150,51806,43888,206287,205678,207176,7642,39637,6058
497,52029,44494,51669,48683,44558,36149,207788,30633,39857,47623
498,203969,4434,11727,205678,6134,35378,197448,42557,205036,9166
499,60409,199150,43708,197650,2860,205344,58243,25885,201220,43708
500,16066,203231,33763,10961,327875,134116,63848,5602,41653,29086
501,21379,198260,25447,42622,39837,28840,39180,52191,209974,327935
502,37537,12618,395954,51417,26347,197738,24971,25532,140443,19653
503,37136,39399,4385,44712,5739,58299,41709,31424,2552,22122
504,133159,31115,29680,41303,138562,60810,24851,57929,60432,62276
505,20776,50710,1739,327794,132003,8887,31263,47887,52212,205246
506,8615,31736,44285,199803,4812,12874,8779,33182,25353,55
507,13287,34559,1221,11090,17523,44549,39910,41046,21659,14615
508,13319,25447,206873,12177,197078,28891,786,25192,12579,9600
509,11607,32437,6535,205515,1241,42557,208329,27796,43232,44506
510,44244,12426,22458,38796,31370,9038,202042,57269,201333,202468
511,14453,12271,61135,104,206067,32437,48390,21017,34385,137576
512,57044,7828,45820,201587,15435,2914,6167,63318,39567,5786
513,1916,203937,27833,8362,3238,12008,328049,137576,25273,33185
514,20057,17210,33097,59441,44494,48848,35891,196655,202605,41668
515,47286,2552,33991,203641,43289,393856,11172,209915,328049,61399
516,34971,22894,3314,137576,199103,33097,35816,55,2500,139195
517,14868,52,20510,41733,30851,51935,11039,59105,201091,20848
518,7690,50449,131583,5645,55430,48359,49163,48715,49638,202716
519,5483,44531,27839,5576,50345,25,13287,53046,17378,61449
520,19171,48386,43148,45528,15894,12479,15038,51819,50979,30836
521,5516,9916,7690,8749,14522,51819,44531,24186,32890,7418
522,58086,51255,264811,20135,47242,8048,34533,5576,34296,31138
523,17747,2716,29962,7522,8302,18516,270014,57214,59,28545
524,10131,17747,8047,27770,50971,134868,7575,264608,16322,398960
525,51935,196742,38635,199993,8285,60432,18209,22458,7303,23655
526,21365,27792,196843,6893,20545,26592,52341,30836,137084,58220
527,22927,4697,12361,35378,199995,15540,28854,5379,9340,15924
528,42615,7029,24309,8402,15022,20485,51417,200590,45638,132933
529,14813,47381,9121,27901,62759,5516,15974,15301,2519,18516
530,8386,199399,23481,133579,57935,2527,142616,134220,52322,2860
531,398721,11404,327741,201270,39551,14102,766,44257,20485,43260
532,56456,134220,37236,32329,7727,15301,54594,264640,14291,6134
533,45235,21365,10013,7418,35401,17705,24837,57084,2107,25543
534,55850,202872,2488,14434,24390,25365,43016,28545,51728,1120
535,49941,16629,136994,46997,198859,25513,17705,19165,9790,396507
536,263157,34385,132003,6057,48715,27843,34594,204165,8580,38796
537,22355,14813,4134,12302,41437,264811,5692,39861,262239,27792
538,1967,208590,52088,135760,205697,58057,63770,16360,14813,131995
539,39837,2110,42968,15964,22458,28972,8359,135760,50156,4837
540,9829,133982,15510,6134,50716,8386,269923,8346,32,38635
541,26793,50973,31214,1967,24560,18196,398960,14430,63479,49432
542,4134,327741,15088,1205,59,197712,28905,37236,58220,39083
543,9443,47331,203474,327947,64429,327741,8386,39837,60471,42409
544,38220,263157,47304,136994,43709,23481,45235,7514,18196,29226
545,17523,37187,41494,56055,8779,37236,36905,135328,13156,197669
546,51859,679,27800,140726,18126,12991,37236,4134,14383,56611
547,12312,26347,16363,9367,11193,37336,399924,28753,14102,42009
548,49775,209864,9735,60924,47451,17819,1109,17625,328114,50550
549,35805,134090,42676,20773,20965,45345,23181,44512,1120,212815
550,13122,29614,60016,208764,393522,4837,25429,205311,17819,31027
551,198901,45345,49640,6697,53169,63770,54613,48149,45345,23951
552,198203,55990,15626,34119,52431,48217,58473,205938,4134,209137
553,29314,63770,60833,201709,31138,208210,135328,62416,38074,43380
554,33835,51495,204957,198290,6147,59494,37963,3244,202077,44544
555,42831,33988,203432,204151,25429,37537,35593,29314,31214,28875
556,139994,39494,43197,41026,269923,42707,56665,21409,41495,33438
557,209,35819,14453,17451,397990,198901,48670,3249,1133,211552
558,16246,49784,200114,44943,56030,559,199128,4800,204151,34977
559,59414,33920,37640,44600,56588,20326,50343,63949,196890,8362
560,202870,49688,39560,15623,21183,16110,30798,1764,9208,202618
561,44673,9930,18809,28929,17439,62000,8726,28186,197422,206177
562,1820,1835,26046,202454,35592,139331,48294,16004,21211,37153
563,29287,41354,29119,200434,43260,35263,55430,61297,45766,396878
564,3213,51417,198936,5483,7908,50392,43142,16066,24757,27796
565,24516,15744,48359,50971,33876,39544,5377,199811,47217,28857
566,6400,6876,133189,133136,327794,204957,52048,212047,48683,28812
567,198415,60432,50512,327935,42685,8778,39522,210329,34288,1909
568,35699,34296,52431,24806,15142,59829,5397,10838,55145,701
569,62759,21232,21928,31841,52,31287,196957,12426,47295,4713
570,17055,12406,60707,11776,38796,9198,21040,57707,34757,2586
571,60786,198024,134341,200953,38064,209553,8426,10279,395354,47330
572,40098,33763,52322,4685,55990,6597,204064,15954,41424,45797
573,51035,29321,11090,2722,38635,2613,43260,44341,205961,16814
574,53046,6128,49404,51164,208764,25412,198725,23473,205818,14949
575,55569,41589,13041,9161,8879,393522,11426,135887,8778,57044
576,15774,203687,47381,44285,31514,50979,327849,51728,328137,51813
577,212485,62759,55785,48386,205311,20001,30475,4128,3842,45820
578,11193,211552,27828,45355,36692,395611,31978,27,198161,29125
579,10010,52362,8359,43478,12996,43016,5547,4785,207002,51417
580,197269,25,2514,32160,15401,60976,3676,44244,200386,263209
581,396507,198415,262178,62290,8330,26046,8245,270014,35125,47381
582,15630,62173,53356,132453,12570,57910,204234,12768,62759,262239
583,29125,43655,27017,58067,197448,48511,1403,45820,29286,50222
584,134285,8943,9367,203020,4750,1916,56402,210218,7377,269923
585,7850,51035,56456,9370,41034,12231,39435,34858,48289,7247
586,42885,53166,8386,27747,10098,134285,11815,20255,28073,24398
587,29497,23752,131269,8253,47956,31115,45355,20135,135190,28972
588,6147,56791,205961,199244,199837,27792,45820,29278,131749,12361
589,29962,264608,17072,30793,15600,42120,20255,15630,63920,4755
590,15344,2527,8346,196847,202618,8749,57084,20848,2514,46997
591,39861,19108,327707,26610,21277,48155,57760,25668,263209,8346
592,395214,56681,7514,9500,201843,7690,47237,45267,60879,205961
593,206287,20965,12991,8580,41009,30298,9600,21365,6407,398355
594,133982,19171,17819,398960,328262,394197,5408,267797,1930,37187
595,4771,133579,6736,5692,40788,134220,19171,54390,51935,39837
596,24768,43148,29252,263824,50710,20510,29125,14638,9245,25668
597,14383,57069,51896,201106,2500,202078,44506,398960,42922,58473
598,37315,262239,47203,10881,395662,27699,55850,48417,27733,12083
599,43260,1257,22342,15924,48379,15344,20875,12361,265721,200519
600,42685,264811,6724,24309,23719,19165,267797,205790,44776,13004
601,17465,58057,198612,49941,719,202872,38074,9430,64238,48293
602,40328,13280,29032,40285,25184,209465,57552,2860,394197,20860
603,140726,132933,12276,43260,28857,58765,263824,21859,61110,9158
604,136994,12361,201080,1109,13041,44776,32,328114,39861,24786
605,10745,24768,17451,42863,40098,9186,56456,12991,4755,60309
606,21473,39762,12570,138562,48642,21859,202536,2510,49941,43619
607,35539,22884,39616,12353,137153,327875,58765,35003,23481,198901
608,8866,328114,44160,24961,17055,1113,15964,202898,27411,17804
609,8916,1853,204619,51018,15774,29032,327794,9182,37315,35612
610,2843,397142,5468,24955,197892,138562,17072,25460,1113,41710
611,58291,10131,198977,207995,57670,198127,1120,24680,45828,208425
612,42490,9443,47787,61044,59128,201396,13728,31673,51392,34781
613,50620,49889,197765,13273,28130,197159,37386,57342,24877,12508
614,208907,39526,3367,34705,6855,11845,209864,44558,31472,210118
615,138195,51132,202618,6830,5470,15542,9443,35179,31673,205697
616,33363,42298,37154,135014,13331,60846,51044,200906,44769,198725
617,25424,39647,51265,42289,262320,206479,20773,3238,12618,62099
618,41495,680,395662,199995,28073,25885,48969,55536,49640,42189
619,8265,203476,210,34288,42922,29314,2516,134877,58308,328262
620,51685,132199,20815,35612,3816,15401,202422,208974,44923,11525
621,31069,29695,20904,34587,8657,38182,12578,53169,45758,17378
622,29056,31727,44375,30962,262178,42919,60713,208808,16881,51265
623,198985,198471,139002,42120,208590,39399,13319,39422,56911,42387
624,28854,8726,5563,43451,24398,21040,10094,41931,208139,210
625,31863,34187,28073,60798,49272,31349,44494,21232,29222,53824
626,206718,5392,3450,327849,47420,42306,39533,14102,19009,59125
627,203641,31287,59715,35592,135760,47408,44158,208098,29032,20904
628,32899,34182,133661,15267,202872,51920,25376,64230,201430,44045
629,210,39927,53184,394380,12735,56568,62275,199101,198471,45355
630,206065,198936,30475,201776,11888,57169,21500,198657,41727,53166
631,11051,328262,206012,17518,211772,134351,34182,16628,328228,14291
632,31036,200114,42207,237,327707,9166,39093,199853,44377,41727
633,271354,855,9146,198024,2488,35559,43507,50979,202618,41341
634,40809,25273,45267,50446,13728,8151,12778,36817,327900,137084
635,57214,208329,16629,56402,2152,43321,25273,135150,209864,48275
636,8982,36817,201270,29119,4851,11351,33363,1741,196687,24956
637,23031,44160,63774,7594,15169,18534,37100,30640,34760,28130
638,63834,21565,14434,57044,200801,30798,40497,7896,31863,9146
639,51417,55,208590,577,15870,201227,6400,2519,29069,27699
640,7782,48848,201106,50710,61049,55,42387,31549,15301,8359
641,8991,44045,59128,55824,39591,205775,11317,11097,202042,1246
642,41034,59908,204165,15974,25417,43097,13026,51035,3676,6939
643,24186,40809,15924,33185,200836,61506,39020,137084,60786,45267
644,209864,50543,17439,9824,200761,15038,14949,61135,27901,206287
645,51319,53046,43260,264608,198068,45820,60976,15673,134868,209465
646,44257,139195,40285,6867,31242,34606,34590,52361,10075,24309
647,267797,15974,43652,198725,58717,263209,5786,7029,136988,394256
648,13925,11193,37406,35323,56535,53755,4764,8670,4697,15457
649,23089,10010,9824,48275,8820,51813,24560,2108,27668,47331
650,47420,12231,679,18822,20001,9069,53184,8402,12764,14383
651,19397,58322,45828,9790,49367,18126,3249,394197,27660,37315
652,202872,2107,NaN,12668,199554,395214,24909,17705,766,1111
653,17439,15301,NaN,29962,206177,54858,47286,33894,50585,7782
654,64073,24324,NaN,6147,60111,133579,4721,22927,137257,134090
655,15964,29497,NaN,1246,1886,202632,2108,3246,31286,NaN
656,6134,198977,NaN,7782,15626,31138,393522,14813,28099,NaN
657,37236,28099,NaN,2716,327900,6147,5468,32329,15344,NaN
658,199159,54390,NaN,39861,13969,27947,58340,56456,196714,NaN
659,6720,14434,NaN,45235,199246,32329,55785,3329,6939,NaN
660,134877,32,NaN,43652,30607,206287,20510,60493,63018,NaN
661,15267,62059,NaN,398355,11172,21183,27839,45194,48417,NaN
662,NaN,24309,NaN,205961,49724,23860,10013,43652,12302,NaN
663,NaN,21183,NaN,2488,38195,42730,50222,40285,58765,NaN
664,NaN,2860,NaN,NaN,196655,36905,262178,25543,34643,NaN
665,NaN,206008,NaN,NaN,9147,11888,42615,1113,11888,NaN
666,NaN,398355,NaN,NaN,29287,37187,16019,NaN,13728,NaN
667,NaN,36909,NaN,NaN,12430,1853,209465,NaN,22355,NaN
668,NaN,1120,NaN,NaN,27272,NaN,24309,NaN,42685,NaN
669,NaN,212934,NaN,NaN,41727,NaN,327741,NaN,58473,NaN
670,NaN,35913,NaN,NaN,9498,NaN,37187,NaN,NaN,NaN
671,NaN,17819,NaN,NaN,1289,NaN,14430,NaN,NaN,NaN
672,NaN,NaN,NaN,NaN,206012,NaN,6720,NaN,NaN,NaN
673,NaN,NaN,NaN,NaN,42209,NaN,32160,NaN,NaN,NaN
674,NaN,NaN,NaN,NaN,48437,NaN,38926,NaN,NaN,NaN
675,NaN,NaN,NaN,NaN,2497,NaN,35913,NaN,NaN,NaN
676,NaN,NaN,NaN,NaN,263209,NaN,134090,NaN,NaN,NaN
677,NaN,NaN,NaN,NaN,35567,NaN,NaN,NaN,NaN,NaN
678,NaN,NaN,NaN,NaN,5379,NaN,NaN,NaN,NaN,NaN
679,NaN,NaN,NaN,NaN,46997,NaN,NaN,NaN,NaN,NaN
680,NaN,NaN,NaN,NaN,271354,NaN,NaN,NaN,NaN,NaN
681,NaN,NaN,NaN,NaN,61506,NaN,NaN,NaN,NaN,NaN
682,NaN,NaN,NaN,NaN,33894,NaN,NaN,NaN,NaN,NaN
683,NaN,NaN,NaN,NaN,18881,NaN,NaN,NaN,NaN,NaN
684,NaN,NaN,NaN,NaN,30844,NaN,NaN,NaN,NaN,NaN
685,NaN,NaN,NaN,NaN,262149,NaN,NaN,NaN,NaN,NaN
686,NaN,NaN,NaN,NaN,399748,NaN,NaN,NaN,NaN,NaN
687,NaN,NaN,NaN,NaN,131583,NaN,NaN,NaN,NaN,NaN
688,NaN,NaN,NaN,NaN,51349,NaN,NaN,NaN,NaN,NaN
689,NaN,NaN,NaN,NaN,15924,NaN,NaN,NaN,NaN,NaN
690,NaN,NaN,NaN,NaN,9430,NaN,NaN,NaN,NaN,NaN
691,NaN,NaN,NaN,NaN,28905,NaN,NaN,NaN,NaN,NaN
692,NaN,NaN,NaN,NaN,206008,NaN,NaN,NaN,NaN,NaN
693,NaN,NaN,NaN,NaN,14383,NaN,NaN,NaN,NaN,NaN
694,NaN,NaN,NaN,NaN,15457,NaN,NaN,NaN,NaN,NaN
695,NaN,NaN,NaN,NaN,37315,NaN,NaN,NaN,NaN,NaN
696,NaN,NaN,NaN,NaN,6720,NaN,NaN,NaN,NaN,NaN
697,NaN,NaN,NaN,NaN,27411,NaN,NaN,NaN,NaN,NaN
698,NaN,NaN,NaN,NaN,6360,NaN,NaN,NaN,NaN,NaN
699,NaN,NaN,NaN,NaN,136994,NaN,NaN,NaN,NaN,NaN
700,NaN,NaN,NaN,NaN,NaN,NaN,NaN,NaN,NaN,NaN
701,NaN,NaN,NaN,NaN,NaN,NaN,NaN,NaN,NaN,NaN
702,NaN,NaN,NaN,NaN,NaN,NaN,NaN,NaN,NaN,NaN
703,NaN,NaN,NaN,NaN,NaN,NaN,NaN,NaN,NaN,NaN
704,NaN,NaN,NaN,NaN,NaN,NaN,NaN,NaN,NaN,NaN
705,NaN,NaN,NaN,NaN,NaN,NaN,NaN,NaN,NaN,NaN
706,NaN,NaN,NaN,NaN,NaN,NaN,NaN,NaN,NaN,NaN
707,NaN,NaN,NaN,NaN,NaN,NaN,NaN,NaN,NaN,NaN
708,NaN,NaN,NaN,NaN,NaN,NaN,NaN,NaN,NaN,NaN
709,NaN,NaN,NaN,NaN,NaN,NaN,NaN,NaN,NaN,NaN
710,NaN,NaN,NaN,NaN,NaN,NaN,NaN,NaN,NaN,NaN
711,NaN,NaN,NaN,NaN,NaN,NaN,NaN,NaN,NaN,NaN
712,NaN,NaN,NaN,NaN,NaN,NaN,NaN,NaN,NaN,NaN
713,NaN,NaN,NaN,NaN,NaN,NaN,NaN,NaN,NaN,NaN
714,NaN,NaN,NaN,NaN,NaN,NaN,NaN,NaN,NaN,NaN
715,NaN,NaN,NaN,NaN,NaN,NaN,NaN,NaN,NaN,NaN
716,NaN,NaN,NaN,NaN,NaN,NaN,NaN,NaN,NaN,NaN
717,NaN,NaN,NaN,NaN,NaN,NaN,NaN,NaN,NaN,NaN
718,NaN,NaN,NaN,NaN,NaN,NaN,NaN,NaN,NaN,NaN
719,NaN,NaN,NaN,NaN,NaN,NaN,NaN,NaN,NaN,NaN
720,NaN,NaN,NaN,NaN,NaN,NaN,NaN,NaN,NaN,NaN
721,NaN,NaN,NaN,NaN,NaN,NaN,NaN,NaN,NaN,NaN
722,NaN,NaN,NaN,NaN,NaN,NaN,NaN,NaN,NaN,NaN
723,NaN,NaN,NaN,NaN,NaN,NaN,NaN,NaN,NaN,NaN
724,NaN,NaN,NaN,NaN,NaN,NaN,NaN,NaN,NaN,NaN
725,NaN,NaN,NaN,NaN,NaN,NaN,NaN,NaN,NaN,NaN
726,NaN,NaN,NaN,NaN,NaN,NaN,NaN,NaN,NaN,NaN
727,NaN,NaN,NaN,NaN,NaN,NaN,NaN,NaN,NaN,NaN
728,NaN,NaN,NaN,NaN,NaN,NaN,NaN,NaN,NaN,NaN
729,NaN,NaN,NaN,NaN,NaN,NaN,NaN,NaN,NaN,NaN
730,NaN,NaN,NaN,NaN,NaN,NaN,NaN,NaN,NaN,NaN
731,NaN,NaN,NaN,NaN,NaN,NaN,NaN,NaN,NaN,NaN
732,NaN,NaN,NaN,NaN,NaN,NaN,NaN,NaN,NaN,NaN
733,NaN,NaN,NaN,NaN,NaN,NaN,NaN,NaN,NaN,NaN
734,NaN,NaN,NaN,NaN,NaN,NaN,NaN,NaN,NaN,NaN
735,NaN,NaN,NaN,NaN,NaN,NaN,NaN,NaN,NaN,NaN
736,NaN,NaN,NaN,NaN,NaN,NaN,NaN,NaN,NaN,NaN
737,NaN,NaN,NaN,NaN,NaN,NaN,NaN,NaN,NaN,NaN
738,NaN,NaN,NaN,NaN,NaN,NaN,NaN,NaN,NaN,NaN
739,NaN,NaN,NaN,NaN,NaN,NaN,NaN,NaN,NaN,NaN
740,NaN,NaN,NaN,NaN,NaN,NaN,NaN,NaN,NaN,NaN
741,NaN,NaN,NaN,NaN,NaN,NaN,NaN,NaN,NaN,NaN
742,NaN,NaN,NaN,NaN,NaN,NaN,NaN,NaN,NaN,NaN
743,NaN,NaN,NaN,NaN,NaN,NaN,NaN,NaN,NaN,NaN
744,NaN,NaN,NaN,NaN,NaN,NaN,NaN,NaN,NaN,NaN
745,NaN,NaN,NaN,NaN,NaN,NaN,NaN,NaN,NaN,NaN
746,NaN,NaN,NaN,NaN,NaN,NaN,NaN,NaN,NaN,NaN
747,NaN,NaN,NaN,NaN,NaN,NaN,NaN,NaN,NaN,NaN
748,NaN,NaN,NaN,NaN,NaN,NaN,NaN,NaN,NaN,NaN
749,NaN,NaN,NaN,NaN,NaN,NaN,NaN,NaN,NaN,NaN
750,NaN,NaN,NaN,NaN,NaN,NaN,NaN,NaN,NaN,NaN
751,NaN,NaN,NaN,NaN,NaN,NaN,NaN,NaN,NaN,NaN
752,NaN,NaN,NaN,NaN,NaN,NaN,NaN,NaN,NaN,NaN
753,NaN,NaN,NaN,NaN,NaN,NaN,NaN,NaN,NaN,NaN
754,NaN,NaN,NaN,NaN,NaN,NaN,NaN,NaN,NaN,NaN
755,NaN,NaN,NaN,NaN,NaN,NaN,NaN,NaN,NaN,NaN
756,NaN,NaN,NaN,NaN,NaN,NaN,NaN,NaN,NaN,NaN
757,NaN,NaN,NaN,NaN,NaN,NaN,NaN,NaN,NaN,NaN
758,NaN,NaN,NaN,NaN,NaN,NaN,NaN,NaN,NaN,NaN
759,NaN,NaN,NaN,NaN,NaN,NaN,NaN,NaN,NaN,NaN
760,NaN,NaN,NaN,NaN,NaN,NaN,NaN,NaN,NaN,NaN
761,NaN,NaN,NaN,NaN,NaN,NaN,NaN,NaN,NaN,NaN
762,NaN,NaN,NaN,NaN,NaN,NaN,NaN,NaN,NaN,NaN
763,NaN,NaN,NaN,NaN,NaN,NaN,NaN,NaN,NaN,NaN
764,NaN,NaN,NaN,NaN,NaN,NaN,NaN,NaN,NaN,NaN
765,NaN,NaN,NaN,NaN,NaN,NaN,NaN,NaN,NaN,NaN
766,NaN,NaN,NaN,NaN,NaN,NaN,NaN,NaN,NaN,NaN
767,NaN,NaN,NaN,NaN,NaN,NaN,NaN,NaN,NaN,NaN
768,NaN,NaN,NaN,NaN,NaN,NaN,NaN,NaN,NaN,NaN
769,NaN,NaN,NaN,NaN,NaN,NaN,NaN,NaN,NaN,NaN
770,NaN,NaN,NaN,NaN,NaN,NaN,NaN,NaN,NaN,NaN
771,NaN,NaN,NaN,NaN,NaN,NaN,NaN,NaN,NaN,NaN
772,NaN,NaN,NaN,NaN,NaN,NaN,NaN,NaN,NaN,NaN
773,NaN,NaN,NaN,NaN,NaN,NaN,NaN,NaN,NaN,NaN
774,NaN,NaN,NaN,NaN,NaN,NaN,NaN,NaN,NaN,NaN
775,NaN,NaN,NaN,NaN,NaN,NaN,NaN,NaN,NaN,NaN
776,NaN,NaN,NaN,NaN,NaN,NaN,NaN,NaN,NaN,NaN
777,NaN,NaN,NaN,NaN,NaN,NaN,NaN,NaN,NaN,NaN
778,NaN,NaN,NaN,NaN,NaN,NaN,NaN,NaN,NaN,NaN
779,NaN,NaN,NaN,NaN,NaN,NaN,NaN,NaN,NaN,NaN
780,NaN,NaN,NaN,NaN,NaN,NaN,NaN,NaN,NaN,NaN
781,NaN,NaN,NaN,NaN,NaN,NaN,NaN,NaN,NaN,NaN
782,NaN,NaN,NaN,NaN,NaN,NaN,NaN,NaN,NaN,NaN
783,NaN,NaN,NaN,NaN,NaN,NaN,NaN,NaN,NaN,NaN
784,NaN,NaN,NaN,NaN,NaN,NaN,NaN,NaN,NaN,NaN
785,NaN,NaN,NaN,NaN,NaN,NaN,NaN,NaN,NaN,NaN
786,NaN,NaN,NaN,NaN,NaN,NaN,NaN,NaN,NaN,NaN
787,NaN,NaN,NaN,NaN,NaN,NaN,NaN,NaN,NaN,NaN
788,NaN,NaN,NaN,NaN,NaN,NaN,NaN,NaN,NaN,NaN
789,NaN,NaN,NaN,NaN,NaN,NaN,NaN,NaN,NaN,NaN
790,NaN,NaN,NaN,NaN,NaN,NaN,NaN,NaN,NaN,NaN
791,NaN,NaN,NaN,NaN,NaN,NaN,NaN,NaN,NaN,NaN
792,NaN,NaN,NaN,NaN,NaN,NaN,NaN,NaN,NaN,NaN
793,NaN,NaN,NaN,NaN,NaN,NaN,NaN,NaN,NaN,NaN
794,NaN,NaN,NaN,NaN,NaN,NaN,NaN,NaN,NaN,NaN
795,NaN,NaN,NaN,NaN,NaN,NaN,NaN,NaN,NaN,NaN
796,NaN,NaN,NaN,NaN,NaN,NaN,NaN,NaN,NaN,NaN
797,NaN,NaN,NaN,NaN,NaN,NaN,NaN,NaN,NaN,NaN
798,NaN,NaN,NaN,NaN,NaN,NaN,NaN,NaN,NaN,NaN
799,NaN,NaN,NaN,NaN,NaN,NaN,NaN,NaN,NaN,NaN
800,NaN,NaN,NaN,NaN,NaN,NaN,NaN,NaN,NaN,NaN
801,NaN,NaN,NaN,NaN,NaN,NaN,NaN,NaN,NaN,NaN
802,NaN,NaN,NaN,NaN,NaN,NaN,NaN,NaN,NaN,NaN
803,NaN,NaN,NaN,NaN,NaN,NaN,NaN,NaN,NaN,NaN
804,NaN,NaN,NaN,NaN,NaN,NaN,NaN,NaN,NaN,NaN
805,NaN,NaN,NaN,NaN,NaN,NaN,NaN,NaN,NaN,NaN
806,NaN,NaN,NaN,NaN,NaN,NaN,NaN,NaN,NaN,NaN
807,NaN,NaN,NaN,NaN,NaN,NaN,NaN,NaN,NaN,NaN
808,NaN,NaN,NaN,NaN,NaN,NaN,NaN,NaN,NaN,NaN
809,NaN,NaN,NaN,NaN,NaN,NaN,NaN,NaN,NaN,NaN
810,NaN,NaN,NaN,NaN,NaN,NaN,NaN,NaN,NaN,NaN
811,NaN,NaN,NaN,NaN,NaN,NaN,NaN,NaN,NaN,NaN
812,NaN,NaN,NaN,NaN,NaN,NaN,NaN,NaN,NaN,NaN
813,NaN,NaN,NaN,NaN,NaN,NaN,NaN,NaN,NaN,NaN
814,NaN,NaN,NaN,NaN,NaN,NaN,NaN,NaN,NaN,NaN
815,NaN,NaN,NaN,NaN,NaN,NaN,NaN,NaN,NaN,NaN
816,NaN,NaN,NaN,NaN,NaN,NaN,NaN,NaN,NaN,NaN
817,NaN,NaN,NaN,NaN,NaN,NaN,NaN,NaN,NaN,NaN
818,NaN,NaN,NaN,NaN,NaN,NaN,NaN,NaN,NaN,NaN
819,NaN,NaN,NaN,NaN,NaN,NaN,NaN,NaN,NaN,NaN
820,NaN,NaN,NaN,NaN,NaN,NaN,NaN,NaN,NaN,NaN
821,NaN,NaN,NaN,NaN,NaN,NaN,NaN,NaN,NaN,NaN
822,NaN,NaN,NaN,NaN,NaN,NaN,NaN,NaN,NaN,NaN
823,NaN,NaN,NaN,NaN,NaN,NaN,NaN,NaN,NaN,NaN
824,NaN,NaN,NaN,NaN,NaN,NaN,NaN,NaN,NaN,NaN
825,NaN,NaN,NaN,NaN,NaN,NaN,NaN,NaN,NaN,NaN
826,NaN,NaN,NaN,NaN,NaN,NaN,NaN,NaN,NaN,NaN
827,NaN,NaN,NaN,NaN,NaN,NaN,NaN,NaN,NaN,NaN
828,NaN,NaN,NaN,NaN,NaN,NaN,NaN,NaN,NaN,NaN
829,NaN,NaN,NaN,NaN,NaN,NaN,NaN,NaN,NaN,NaN
830,NaN,NaN,NaN,NaN,NaN,NaN,NaN,NaN,NaN,NaN
831,NaN,NaN,NaN,NaN,NaN,NaN,NaN,NaN,NaN,NaN
832,NaN,NaN,NaN,NaN,NaN,NaN,NaN,NaN,NaN,NaN
833,NaN,NaN,NaN,NaN,NaN,NaN,NaN,NaN,NaN,NaN
834,NaN,NaN,NaN,NaN,NaN,NaN,NaN,NaN,NaN,NaN
835,NaN,NaN,NaN,NaN,NaN,NaN,NaN,NaN,NaN,NaN
836,NaN,NaN,NaN,NaN,NaN,NaN,NaN,NaN,NaN,NaN
837,NaN,NaN,NaN,NaN,NaN,NaN,NaN,NaN,NaN,NaN
838,NaN,NaN,NaN,NaN,NaN,NaN,NaN,NaN,NaN,NaN
839,NaN,NaN,NaN,NaN,NaN,NaN,NaN,NaN,NaN,NaN
840,NaN,NaN,NaN,NaN,NaN,NaN,NaN,NaN,NaN,NaN
841,NaN,NaN,NaN,NaN,NaN,NaN,NaN,NaN,NaN,NaN
842,NaN,NaN,NaN,NaN,NaN,NaN,NaN,NaN,NaN,NaN
843,NaN,NaN,NaN,NaN,NaN,NaN,NaN,NaN,NaN,NaN
844,NaN,NaN,NaN,NaN,NaN,NaN,NaN,NaN,NaN,NaN
845,NaN,NaN,NaN,NaN,NaN,NaN,NaN,NaN,NaN,NaN
846,NaN,NaN,NaN,NaN,NaN,NaN,NaN,NaN,NaN,NaN
847,NaN,NaN,NaN,NaN,NaN,NaN,NaN,NaN,NaN,NaN
848,NaN,NaN,NaN,NaN,NaN,NaN,NaN,NaN,NaN,NaN
849,NaN,NaN,NaN,NaN,NaN,NaN,NaN,NaN,NaN,NaN
850,NaN,NaN,NaN,NaN,NaN,NaN,NaN,NaN,NaN,NaN
851,NaN,NaN,NaN,NaN,NaN,NaN,NaN,NaN,NaN,NaN
852,NaN,NaN,NaN,NaN,NaN,NaN,NaN,NaN,NaN,NaN
853,NaN,NaN,NaN,NaN,NaN,NaN,NaN,NaN,NaN,NaN
854,NaN,NaN,NaN,NaN,NaN,NaN,NaN,NaN,NaN,NaN
855,NaN,NaN,NaN,NaN,NaN,NaN,NaN,NaN,NaN,NaN
856,NaN,NaN,NaN,NaN,NaN,NaN,NaN,NaN,NaN,NaN
857,NaN,NaN,NaN,NaN,NaN,NaN,NaN,NaN,NaN,NaN
858,NaN,NaN,NaN,NaN,NaN,NaN,NaN,NaN,NaN,NaN
859,NaN,NaN,NaN,NaN,NaN,NaN,NaN,NaN,NaN,NaN
860,NaN,NaN,NaN,NaN,NaN,NaN,NaN,NaN,NaN,NaN
861,NaN,NaN,NaN,NaN,NaN,NaN,NaN,NaN,NaN,NaN
862,NaN,NaN,NaN,NaN,NaN,NaN,NaN,NaN,NaN,NaN
863,NaN,NaN,NaN,NaN,NaN,NaN,NaN,NaN,NaN,NaN
864,NaN,NaN,NaN,NaN,NaN,NaN,NaN,NaN,NaN,NaN
865,NaN,NaN,NaN,NaN,NaN,NaN,NaN,NaN,NaN,NaN
866,NaN,NaN,NaN,NaN,NaN,NaN,NaN,NaN,NaN,NaN
867,NaN,NaN,NaN,NaN,NaN,NaN,NaN,NaN,NaN,NaN
868,NaN,NaN,NaN,NaN,NaN,NaN,NaN,NaN,NaN,NaN
869,NaN,NaN,NaN,NaN,NaN,NaN,NaN,NaN,NaN,NaN
870,NaN,NaN,NaN,NaN,NaN,NaN,NaN,NaN,NaN,NaN
871,NaN,NaN,NaN,NaN,NaN,NaN,NaN,NaN,NaN,NaN
872,NaN,NaN,NaN,NaN,NaN,NaN,NaN,NaN,NaN,NaN
873,NaN,NaN,NaN,NaN,NaN,NaN,NaN,NaN,NaN,NaN
874,NaN,NaN,NaN,NaN,NaN,NaN,NaN,NaN,NaN,NaN
875,NaN,NaN,NaN,NaN,NaN,NaN,NaN,NaN,NaN,NaN
876,NaN,NaN,NaN,NaN,NaN,NaN,NaN,NaN,NaN,NaN
877,NaN,NaN,NaN,NaN,NaN,NaN,NaN,NaN,NaN,NaN
878,NaN,NaN,NaN,NaN,NaN,NaN,NaN,NaN,NaN,NaN
879,NaN,NaN,NaN,NaN,NaN,NaN,NaN,NaN,NaN,NaN
880,NaN,NaN,NaN,NaN,NaN,NaN,NaN,NaN,NaN,NaN
881,NaN,NaN,NaN,NaN,NaN,NaN,NaN,NaN,NaN,NaN
882,NaN,NaN,NaN,NaN,NaN,NaN,NaN,NaN,NaN,NaN
883,NaN,NaN,NaN,NaN,NaN,NaN,NaN,NaN,NaN,NaN
884,NaN,NaN,NaN,NaN,NaN,NaN,NaN,NaN,NaN,NaN
885,NaN,NaN,NaN,NaN,NaN,NaN,NaN,NaN,NaN,NaN
886,NaN,NaN,NaN,NaN,NaN,NaN,NaN,NaN,NaN,NaN
887,NaN,NaN,NaN,NaN,NaN,NaN,NaN,NaN,NaN,NaN
888,NaN,NaN,NaN,NaN,NaN,NaN,NaN,NaN,NaN,NaN
889,NaN,NaN,NaN,NaN,NaN,NaN,NaN,NaN,NaN,NaN
890,NaN,NaN,NaN,NaN,NaN,NaN,NaN,NaN,NaN,NaN
891,NaN,NaN,NaN,NaN,NaN,NaN,NaN,NaN,NaN,NaN
892,NaN,NaN,NaN,NaN,NaN,NaN,NaN,NaN,NaN,NaN
893,NaN,NaN,NaN,NaN,NaN,NaN,NaN,NaN,NaN,NaN
894,NaN,NaN,NaN,NaN,NaN,NaN,NaN,NaN,NaN,NaN
895,NaN,NaN,NaN,NaN,NaN,NaN,NaN,NaN,NaN,NaN
896,NaN,NaN,NaN,NaN,NaN,NaN,NaN,NaN,NaN,NaN
897,NaN,NaN,NaN,NaN,NaN,NaN,NaN,NaN,NaN,NaN
898,NaN,NaN,NaN,NaN,NaN,NaN,NaN,NaN,NaN,NaN
899,NaN,NaN,NaN,NaN,NaN,NaN,NaN,NaN,NaN,NaN
900,NaN,NaN,NaN,NaN,NaN,NaN,NaN,NaN,NaN,NaN
901,NaN,NaN,NaN,NaN,NaN,NaN,NaN,NaN,NaN,NaN
902,NaN,NaN,NaN,NaN,NaN,NaN,NaN,NaN,NaN,NaN
903,NaN,NaN,NaN,NaN,NaN,NaN,NaN,NaN,NaN,NaN
904,NaN,NaN,NaN,NaN,NaN,NaN,NaN,NaN,NaN,NaN
905,NaN,NaN,NaN,NaN,NaN,NaN,NaN,NaN,NaN,NaN
906,NaN,NaN,NaN,NaN,NaN,NaN,NaN,NaN,NaN,NaN
907,NaN,NaN,NaN,NaN,NaN,NaN,NaN,NaN,NaN,NaN
908,NaN,NaN,NaN,NaN,NaN,NaN,NaN,NaN,NaN,NaN
909,NaN,NaN,NaN,NaN,NaN,NaN,NaN,NaN,NaN,NaN
910,NaN,NaN,NaN,NaN,NaN,NaN,NaN,NaN,NaN,NaN
911,NaN,NaN,NaN,NaN,NaN,NaN,NaN,NaN,NaN,NaN
912,NaN,NaN,NaN,NaN,NaN,NaN,NaN,NaN,NaN,NaN
913,NaN,NaN,NaN,NaN,NaN,NaN,NaN,NaN,NaN,NaN
914,NaN,NaN,NaN,NaN,NaN,NaN,NaN,NaN,NaN,NaN
915,NaN,NaN,NaN,NaN,NaN,NaN,NaN,NaN,NaN,NaN
916,NaN,NaN,NaN,NaN,NaN,NaN,NaN,NaN,NaN,NaN
917,NaN,NaN,NaN,NaN,NaN,NaN,NaN,NaN,NaN,NaN
918,NaN,NaN,NaN,NaN,NaN,NaN,NaN,NaN,NaN,NaN
919,NaN,NaN,NaN,NaN,NaN,NaN,NaN,NaN,NaN,NaN
920,NaN,NaN,NaN,NaN,NaN,NaN,NaN,NaN,NaN,NaN
921,NaN,NaN,NaN,NaN,NaN,NaN,NaN,NaN,NaN,NaN
922,NaN,NaN,NaN,NaN,NaN,NaN,NaN,NaN,NaN,NaN
923,NaN,NaN,NaN,NaN,NaN,NaN,NaN,NaN,NaN,NaN
924,NaN,NaN,NaN,NaN,NaN,NaN,NaN,NaN,NaN,NaN
925,NaN,NaN,NaN,NaN,NaN,NaN,NaN,NaN,NaN,NaN
926,NaN,NaN,NaN,NaN,NaN,NaN,NaN,NaN,NaN,NaN
927,NaN,NaN,NaN,NaN,NaN,NaN,NaN,NaN,NaN,NaN
928,NaN,NaN,NaN,NaN,NaN,NaN,NaN,NaN,NaN,NaN
929,NaN,NaN,NaN,NaN,NaN,NaN,NaN,NaN,NaN,NaN
930,NaN,NaN,NaN,NaN,NaN,NaN,NaN,NaN,NaN,NaN
931,NaN,NaN,NaN,NaN,NaN,NaN,NaN,NaN,NaN,NaN
932,NaN,NaN,NaN,NaN,NaN,NaN,NaN,NaN,NaN,NaN
933,NaN,NaN,NaN,NaN,NaN,NaN,NaN,NaN,NaN,NaN
934,NaN,NaN,NaN,NaN,NaN,NaN,NaN,NaN,NaN,NaN
935,NaN,NaN,NaN,NaN,NaN,NaN,NaN,NaN,NaN,NaN
936,NaN,NaN,NaN,NaN,NaN,NaN,NaN,NaN,NaN,NaN
937,NaN,NaN,NaN,NaN,NaN,NaN,NaN,NaN,NaN,NaN
938,NaN,NaN,NaN,NaN,NaN,NaN,NaN,NaN,NaN,NaN
939,NaN,NaN,NaN,NaN,NaN,NaN,NaN,NaN,NaN,NaN
940,NaN,NaN,NaN,NaN,NaN,NaN,NaN,NaN,NaN,NaN
941,NaN,NaN,NaN,NaN,NaN,NaN,NaN,NaN,NaN,NaN
942,NaN,NaN,NaN,NaN,NaN,NaN,NaN,NaN,NaN,NaN
943,NaN,NaN,NaN,NaN,NaN,NaN,NaN,NaN,NaN,NaN
944,NaN,NaN,NaN,NaN,NaN,NaN,NaN,NaN,NaN,NaN
945,NaN,NaN,NaN,NaN,NaN,NaN,NaN,NaN,NaN,NaN
946,NaN,NaN,NaN,NaN,NaN,NaN,NaN,NaN,NaN,NaN
947,NaN,NaN,NaN,NaN,NaN,NaN,NaN,NaN,NaN,NaN
948,NaN,NaN,NaN,NaN,NaN,NaN,NaN,NaN,NaN,NaN
949,NaN,NaN,NaN,NaN,NaN,NaN,NaN,NaN,NaN,NaN
950,NaN,NaN,NaN,NaN,NaN,NaN,NaN,NaN,NaN,NaN
951,NaN,NaN,NaN,NaN,NaN,NaN,NaN,NaN,NaN,NaN
952,NaN,NaN,NaN,NaN,NaN,NaN,NaN,NaN,NaN,NaN
953,NaN,NaN,NaN,NaN,NaN,NaN,NaN,NaN,NaN,NaN
954,NaN,NaN,NaN,NaN,NaN,NaN,NaN,NaN,NaN,NaN
955,NaN,NaN,NaN,NaN,NaN,NaN,NaN,NaN,NaN,NaN
956,NaN,NaN,NaN,NaN,NaN,NaN,NaN,NaN,NaN,NaN
957,NaN,NaN,NaN,NaN,NaN,NaN,NaN,NaN,NaN,NaN
958,NaN,NaN,NaN,NaN,NaN,NaN,NaN,NaN,NaN,NaN
959,NaN,NaN,NaN,NaN,NaN,NaN,NaN,NaN,NaN,NaN
960,NaN,NaN,NaN,NaN,NaN,NaN,NaN,NaN,NaN,NaN
961,NaN,NaN,NaN,NaN,NaN,NaN,NaN,NaN,NaN,NaN
962,NaN,NaN,NaN,NaN,NaN,NaN,NaN,NaN,NaN,NaN
963,NaN,NaN,NaN,NaN,NaN,NaN,NaN,NaN,NaN,NaN
964,NaN,NaN,NaN,NaN,NaN,NaN,NaN,NaN,NaN,NaN
965,NaN,NaN,NaN,NaN,NaN,NaN,NaN,NaN,NaN,NaN
966,NaN,NaN,NaN,NaN,NaN,NaN,NaN,NaN,NaN,NaN
967,NaN,NaN,NaN,NaN,NaN,NaN,NaN,NaN,NaN,NaN
968,NaN,NaN,NaN,NaN,NaN,NaN,NaN,NaN,NaN,NaN
969,NaN,NaN,NaN,NaN,NaN,NaN,NaN,NaN,NaN,NaN
970,NaN,NaN,NaN,NaN,NaN,NaN,NaN,NaN,NaN,NaN
971,NaN,NaN,NaN,NaN,NaN,NaN,NaN,NaN,NaN,NaN
972,NaN,NaN,NaN,NaN,NaN,NaN,NaN,NaN,NaN,NaN
973,NaN,NaN,NaN,NaN,NaN,NaN,NaN,NaN,NaN,NaN
974,NaN,NaN,NaN,NaN,NaN,NaN,NaN,NaN,NaN,NaN
975,NaN,NaN,NaN,NaN,NaN,NaN,NaN,NaN,NaN,NaN
976,NaN,NaN,NaN,NaN,NaN,NaN,NaN,NaN,NaN,NaN
977,NaN,NaN,NaN,NaN,NaN,NaN,NaN,NaN,NaN,NaN
978,NaN,NaN,NaN,NaN,NaN,NaN,NaN,NaN,NaN,NaN
979,NaN,NaN,NaN,NaN,NaN,NaN,NaN,NaN,NaN,NaN
980,NaN,NaN,NaN,NaN,NaN,NaN,NaN,NaN,NaN,NaN
981,NaN,NaN,NaN,NaN,NaN,NaN,NaN,NaN,NaN,NaN
982,NaN,NaN,NaN,NaN,NaN,NaN,NaN,NaN,NaN,NaN
983,NaN,NaN,NaN,NaN,NaN,NaN,NaN,NaN,NaN,NaN
984,NaN,NaN,NaN,NaN,NaN,NaN,NaN,NaN,NaN,NaN
985,NaN,NaN,NaN,NaN,NaN,NaN,NaN,NaN,NaN,NaN
986,NaN,NaN,NaN,NaN,NaN,NaN,NaN,NaN,NaN,NaN
987,NaN,NaN,NaN,NaN,NaN,NaN,NaN,NaN,NaN,NaN
988,NaN,NaN,NaN,NaN,NaN,NaN,NaN,NaN,NaN,NaN
989,NaN,NaN,NaN,NaN,NaN,NaN,NaN,NaN,NaN,NaN
990,NaN,NaN,NaN,NaN,NaN,NaN,NaN,NaN,NaN,NaN
991,NaN,NaN,NaN,NaN,NaN,NaN,NaN,NaN,NaN,NaN
992,NaN,NaN,NaN,NaN,NaN,NaN,NaN,NaN,NaN,NaN
993,NaN,NaN,NaN,NaN,NaN,NaN,NaN,NaN,NaN,NaN
994,NaN,NaN,NaN,NaN,NaN,NaN,NaN,NaN,NaN,NaN
995,NaN,NaN,NaN,NaN,NaN,NaN,NaN,NaN,NaN,NaN
996,NaN,NaN,NaN,NaN,NaN,NaN,NaN,NaN,NaN,NaN
997,NaN,NaN,NaN,NaN,NaN,NaN,NaN,NaN,NaN,NaN
998,NaN,NaN,NaN,NaN,NaN,NaN,NaN,NaN,NaN,NaN
999,NaN,NaN,NaN,NaN,NaN,NaN,NaN,NaN,NaN,NaN
