Peer IP,X,Y,ASN,Continent,Type,rrc
102.67.56.1,-1.3856418,-6.938033,328474,Africa,Cable/DSL/ISP,rrc00
103.102.5.1,-4.506293,-3.6348276,131477,Asia,Enterprise,rrc00
103.200.115.1,-1.052917,-5.4869657,64271,North America,Enterprise,
103.212.68.10,-16.001343,2.5208223,55720,Asia,Content,rrc00
104.218.61.163,-5.742639,-3.7435343,140984,Asia,Not Disclosed,
104.244.75.140,-15.996513,9.584911,140731,Asia,Educational/Research,rrc25
109.248.43.5,10.629191,3.022272,202297,Europe,NSP,rrc00
12.0.1.63,-27.375402,12.320808,7018,North America,NSP,rrc00
130.117.255.1,-29.64725,11.797601,174,North America,NSP,rrc25
138.122.60.1,-19.11341,5.4733257,61573,South America,NSP,rrc24
147.75.35.135,1.2188709,2.3389227,34553,North America,Educational/Research,rrc00
154.11.12.212,-24.055475,11.11879,852,North America,NSP,rrc00
154.11.15.28,-24.042454,11.113025,852,North America,NSP,rrc24
161.129.152.2,-8.268812,-0.56098074,13830,North America,Content,rrc00
165.16.221.66,-16.15476,-13.420517,37721,Africa,Cable/DSL/ISP,rrc00
165.254.255.2,-6.7217503,0.3187501,15562,Europe,Educational/Research,rrc00
168.195.130.2,11.027221,3.7004452,263702,South America,Enterprise,rrc24
168.195.131.1,-7.0574393,0.7330587,263702,South America,Enterprise,rrc24
176.12.110.8,-21.036451,2.8027449,50300,Europe,NSP,rrc00
177.221.140.1,-0.77896905,-5.304863,270014,South America,Cable/DSL/ISP,rrc24
178.208.11.4,-17.964052,3.8579137,50628,Europe,NSP,rrc00
185.115.244.25,-12.552111,4.7196727,28824,Europe,NSP,rrc25
185.138.53.0,-8.052589,-3.6504402,48821,Europe,Content,
185.142.156.156,16.354633,3.3994782,48147,Asia,Content,rrc00
185.152.34.255,1.130652,4.131044,61292,Europe,NSP,rrc00
185.181.60.126,1.6049316,4.6052666,207564,Europe,Educational/Research,rrc00
185.193.84.191,-2.4140863,-5.8749685,29504,Europe,Non-Profit,rrc00
185.197.132.7,-20.42,-1.053189,206313,Europe,Non-Profit,
185.210.224.254,-4.9353123,-2.5828,49432,Europe,NSP,rrc00
185.218.193.138,3.5709424,52.043484,211722,Europe,Non-Profit,rrc25
185.223.213.254,-2.9154978,-4.385446,47251,Europe,Enterprise,rrc00
187.16.208.144,-32.98457,6.6995716,24482,Asia,NSP,rrc15
187.16.210.177,-1.3902444,-5.5599694,52814,South America,Cable/DSL/ISP,rrc15
187.16.210.50,-1.8068409,-5.8833046,61595,South America,NSP,rrc15
187.16.216.102,-6.5495567,1.1520692,53070,South America,NSP,rrc15
187.16.216.121,-6.5040126,1.213758,42473,Europe,Content,rrc15
187.16.216.127,6.299623,51.05265,25933,South America,NSP,rrc15
187.16.216.131,-6.8035192,2.0039659,28634,South America,Cable/DSL/ISP,rrc15
187.16.216.20,4.8041315,53.976513,28571,South America,Educational/Research,rrc15
187.16.216.209,-6.809765,2.0154493,28634,South America,Cable/DSL/ISP,rrc15
187.16.216.219,1.9323651,7.4033246,14840,South America,NSP,rrc15
187.16.217.110,-24.475178,9.583878,23106,South America,NSP,rrc15
187.16.217.161,-32.26427,8.74366,13786,North America,NSP,rrc15
187.16.217.17,-18.612392,5.1407347,22548,South America,Non-Profit,rrc15
187.16.217.186,-32.82199,7.059407,1828,North America,Enterprise,rrc15
187.16.217.238,12.510701,2.6385186,7195,South America,Content,rrc15
187.16.217.27,16.654045,3.479362,28329,South America,NSP,rrc15
187.16.217.48,-24.266304,10.344096,16735,South America,NSP,rrc15
187.16.217.59,-24.473686,9.592179,23106,South America,NSP,rrc15
187.16.218.21,4.4431286,51.472748,52888,South America,Educational/Research,rrc15
187.16.219.162,-11.417759,3.988969,52863,South America,Content,rrc15
187.16.219.51,-28.224092,7.496242,28186,South America,NSP,rrc15
187.16.220.210,2.0235891,7.459456,263508,South America,Cable/DSL/ISP,rrc15
187.16.220.214,5.0682173,52.616158,53067,South America,Cable/DSL/ISP,
187.16.220.216,-6.275202,0.80252826,52873,South America,NSP,rrc15
187.16.220.80,-32.26048,8.80686,267613,South America,NSP,rrc15
187.16.221.193,16.270082,3.8220432,37468,Africa,NSP,rrc15
187.16.222.107,-2.7578924,-5.6054683,263152,South America,Cable/DSL/ISP,rrc15
187.16.222.229,-18.594004,5.1287446,199524,Europe,Content,rrc15
187.16.222.45,-18.342121,4.8472757,263237,South America,,rrc15
187.16.223.117,7.130613,51.49572,262757,South America,Cable/DSL/ISP,rrc15
187.16.223.133,-28.221458,7.4976707,28186,South America,NSP,rrc15
187.16.223.214,3.4574354,54.174118,52871,South America,Cable/DSL/ISP,
189.126.8.1,11.122469,3.7014623,269956,South America,NSP,rrc24
190.210.113.192,3.6476169,53.19937,16814,South America,Cable/DSL/ISP,rrc24
192.65.185.119,2.342837,52.054058,21320,Europe,Educational/Research,rrc04
192.65.185.130,-26.373638,-2.1578085,559,Europe,Educational/Research,rrc04
192.65.185.137,6.367248,51.701324,3303,Europe,Cable/DSL/ISP,rrc04
192.65.185.140,-21.929983,9.234317,29222,Europe,Content,rrc04
192.65.185.142,-23.447407,-0.17769758,20932,Europe,Cable/DSL/ISP,rrc04
192.65.185.157,-14.215069,5.6939573,12350,Europe,Cable/DSL/ISP,rrc04
192.65.185.165,18.524055,0.28181317,8220,Europe,NSP,rrc04
192.65.185.195,-26.717678,3.322497,15547,Europe,Cable/DSL/ISP,rrc04
192.65.185.243,4.5522137,50.411797,15830,Europe,NSP,rrc04
192.65.185.244,-24.750517,1.0850633,25091,Europe,NSP,rrc04
192.65.185.3,-11.96832,1.279461,513,Europe,Non-Profit,rrc04
193.0.0.56,-16.00941,-13.461732,3333,Europe,Non-Profit,rrc00
193.138.216.164,-28.847504,1.6731648,39351,Europe,NSP,
193.148.249.191,-8.875479,-3.116997,49752,Europe,Educational/Research,rrc00
193.148.251.1,1.8649784,4.65751,34927,Europe,NSP,rrc00
193.150.22.240,-6.178529,-4.310745,57381,Europe,Non-Profit,rrc00
193.160.39.1,-2.5173075,-5.6990933,57821,Europe,Non-Profit,rrc00
193.203.0.1,3.7975748,53.63739,1853,Europe,Educational/Research,rrc05
193.203.0.101,2.314487,50.593796,5588,Europe,NSP,
193.203.0.104,3.9906785,49.998577,24953,Europe,Cable/DSL/ISP,rrc05
193.203.0.11,2.1195269,51.679466,8447,Europe,Cable/DSL/ISP,rrc05
193.203.0.124,4.2480845,52.273365,34347,Europe,Cable/DSL/ISP,rrc05
193.203.0.131,3.183478,54.023994,21013,Europe,NSP,rrc05
193.203.0.134,5.4886303,51.597157,39912,Europe,NSP,rrc05
193.203.0.136,2.680701,50.700024,21385,Europe,NSP,rrc05
193.203.0.15,3.123311,53.602665,5403,Europe,Cable/DSL/ISP,rrc05
193.203.0.157,-13.169989,1.7177536,35369,Europe,Cable/DSL/ISP,rrc05
193.203.0.16,3.0583162,49.537815,6798,Europe,Cable/DSL/ISP,rrc05
193.203.0.17,3.729256,50.27466,8245,Europe,NSP,rrc05
193.203.0.172,3.355567,49.55755,21320,Europe,Educational/Research,rrc05
193.203.0.182,-20.986256,-1.1737548,48362,Europe,Cable/DSL/ISP,rrc05
193.203.0.185,5.601533,4.6223454,6939,North America,NSP,rrc05
193.203.0.19,-27.363874,1.4973296,47147,Europe,NSP,rrc05
193.203.0.192,-27.426931,1.7186073,47692,Europe,NSP,rrc05
193.203.0.194,2.8855078,53.053177,32934,North America,Content,rrc05
193.203.0.205,3.5129108,51.26346,32934,North America,Content,rrc05
193.203.0.21,3.6076868,49.80437,8447,Europe,Cable/DSL/ISP,rrc05
193.203.0.213,-12.648328,-3.4937434,51184,Europe,Cable/DSL/ISP,rrc05
193.203.0.245,-16.083546,3.8132572,59890,Europe,Cable/DSL/ISP,rrc05
193.203.0.26,4.4161763,54.3643,8387,Europe,NSP,rrc05
193.203.0.3,4.582975,51.005447,2686,North America,NSP,rrc05
193.203.0.33,2.9115965,52.921898,42,North America,Educational/Research,rrc05
193.203.0.45,-23.572412,5.8639774,8218,Europe,NSP,rrc05
193.203.0.5,5.7327952,50.94727,5403,Europe,Cable/DSL/ISP,rrc05
193.203.0.55,18.359024,0.57532084,8220,Europe,NSP,rrc05
193.203.0.63,-6.646896,-2.6443994,6720,Europe,,rrc05
193.203.0.64,5.019668,51.383354,6730,Europe,Cable/DSL/ISP,
193.203.0.81,2.5178046,50.12564,20751,Europe,NSP,rrc05
193.203.0.86,5.6495013,52.043972,12577,Europe,Cable/DSL/ISP,rrc05
193.203.0.87,4.832153,51.94374,21360,Europe,Cable/DSL/ISP,rrc05
193.203.0.91,-28.072824,1.5166906,13237,Europe,NSP,rrc05
193.239.116.10,2.7313595,49.900253,35332,Europe,Cable/DSL/ISP,rrc03
193.239.116.17,-0.36097404,8.380465,20562,Europe,NSP,rrc03
193.239.116.18,5.196976,50.720493,31383,Europe,Cable/DSL/ISP,rrc03
193.239.116.27,3.2808828,50.34819,13101,Europe,Cable/DSL/ISP,rrc03
193.239.116.5,4.3452272,52.59644,24753,Europe,Cable/DSL/ISP,rrc03
193.239.116.98,4.118003,51.228447,39591,Europe,NSP,rrc03
193.239.117.127,-7.64583,-3.793601,207910,Europe,Educational/Research,
193.239.117.18,-14.677914,2.7799356,205206,Europe,Content,rrc03
193.239.117.196,3.7816193,52.500973,213392,Europe,,
193.239.117.69,-6.646868,-4.7143574,137490,Europe,Content,rrc03
193.239.118.106,-15.149442,6.3480377,42541,Europe,Cable/DSL/ISP,rrc03
193.239.118.134,5.0178404,50.67031,197301,Europe,Non-Profit,rrc03
193.239.118.166,-15.991636,9.579698,51999,Europe,Cable/DSL/ISP,rrc03
193.239.118.216,-12.863723,-0.052274607,34927,Europe,NSP,rrc03
193.239.118.220,-4.4899564,-4.7977314,209650,Europe,Educational/Research,rrc03
193.242.98.13,18.524055,0.28181317,8220,Europe,NSP,rrc18
193.242.98.137,5.469732,50.87062,15699,Europe,NSP,rrc18
193.242.98.141,-21.679356,9.110562,29680,Europe,Cable/DSL/ISP,rrc18
193.242.98.143,4.2288203,50.19648,35699,Europe,Cable/DSL/ISP,rrc18
193.242.98.144,4.663007,50.497845,49835,Europe,Non-Profit,rrc18
193.242.98.160,6.945017,51.166183,43578,Europe,Not Disclosed,rrc18
193.242.98.19,4.8595357,53.94888,766,Europe,Educational/Research,rrc18
193.242.98.38,5.033074,52.31728,13041,Europe,Educational/Research,rrc18
193.242.98.4,3.7768939,52.97641,16030,Europe,Cable/DSL/ISP,rrc18
193.242.98.98,4.163782,54.40115,60082,Europe,Route Server,rrc18
193.43.214.253,-8.61933,-2.2057843,44097,Europe,Cable/DSL/ISP,rrc25
194.25.5.148,-27.07031,12.070748,3320,Europe,NSP,
194.28.99.120,-10.9329815,-4.31749,34872,Europe,Enterprise,rrc25
194.50.19.118,-0.7876449,-6.928799,140984,Asia,Not Disclosed,rrc25
194.50.19.4,0.81873,5.440197,202365,Asia,Cable/DSL/ISP,rrc00
194.50.92.251,-8.106392,-3.9132102,58057,Europe,NSP,rrc00
194.50.94.1,-6.973337,-3.6812358,61218,Europe,NSP,rrc00
194.50.99.254,-15.5759535,-13.745643,34800,Europe,Not Disclosed,rrc00
194.50.99.88,3.5232506,2.527564,58057,Europe,NSP,rrc00
194.68.123.104,18.359024,0.57532084,8220,Europe,NSP,rrc07
194.68.123.111,3.7309756,51.53312,3301,Europe,NSP,rrc07
194.68.123.116,2.4516625,52.320156,3303,Europe,Cable/DSL/ISP,rrc07
194.68.123.136,-26.18444,6.1932817,6667,Europe,NSP,rrc07
194.68.123.138,2.9840217,53.42665,13189,Europe,NSP,rrc07
194.68.123.149,4.6519313,53.335224,2116,Europe,Cable/DSL/ISP,rrc07
194.68.123.152,4.5120935,51.84351,16086,Europe,NSP,rrc07
194.68.123.156,3.736682,54.438644,39651,Europe,Cable/DSL/ISP,rrc07
194.68.123.157,-30.13664,6.950254,9002,Europe,NSP,rrc07
194.68.123.164,4.9888644,53.03082,3327,Europe,NSP,rrc07
194.68.123.18,-13.866977,2.3794277,42473,Europe,Content,rrc07
194.68.123.187,5.6004186,4.6199117,6939,North America,NSP,rrc07
194.68.123.191,-20.02905,10.712433,199524,Europe,Content,rrc07
194.68.123.22,3.838696,52.033016,31027,Europe,NSP,rrc07
194.68.123.226,-32.559746,5.270443,24482,Asia,NSP,rrc07
194.68.123.24,3.2403593,51.60665,2603,Europe,Educational/Research,rrc07
194.68.123.35,13.545903,2.7998996,31133,Europe,NSP,rrc07
194.68.123.41,4.1597047,50.917274,3292,Europe,Cable/DSL/ISP,rrc07
194.68.123.69,-7.4781046,-3.9419315,208478,Europe,NSP,rrc07
194.68.123.73,1.9876779,51.445625,8674,Europe,Non-Profit,rrc07
194.68.123.9,6.5392003,51.08827,714,North America,Content,rrc07
195.208.208.147,-15.998502,-13.440516,28917,Europe,NSP,rrc13
195.208.208.188,3.027613,52.059685,6866,Asia,Cable/DSL/ISP,rrc13
195.208.208.223,-22.78496,-1.1108757,20764,Europe,NSP,rrc13
195.208.208.30,13.397851,2.7869794,8359,Europe,Cable/DSL/ISP,rrc13
195.208.208.36,-7.4117975,-2.972804,2895,Europe,Network Services,rrc13
195.208.208.44,6.139834,52.002342,3267,Europe,Educational/Research,rrc13
195.208.208.59,2.85111,51.712616,8470,Europe,NSP,rrc13
195.208.209.109,-33.717884,5.2534947,24482,Asia,NSP,rrc13
195.208.209.200,-17.933624,1.4930623,199524,Europe,Content,rrc13
195.208.209.4,-27.267807,8.137574,41095,Europe,NSP,rrc13
195.208.209.55,4.3398805,52.980366,29479,Europe,Enterprise,rrc13
195.208.209.66,-7.266987,3.052312,35598,Europe,NSP,rrc13
195.208.209.93,-24.7816,1.024567,25091,Europe,NSP,rrc13
195.208.210.19,2.9637206,51.149498,2854,Europe,NSP,rrc13
195.208.210.33,-15.136276,2.7658246,47441,North America,Cable/DSL/ISP,rrc13
195.208.210.40,5.600389,4.61994,6939,North America,NSP,rrc13
195.208.210.52,-13.519096,0.2621682,41722,Europe,Cable/DSL/ISP,rrc13
195.47.235.100,-8.65544,-2.7388432,6881,Europe,Non-Profit,
195.66.224.101,5.3078027,53.33408,5503,Europe,Cable/DSL/ISP,rrc01
195.66.224.108,2.10114,51.04706,5400,Europe,NSP,rrc01
195.66.224.110,14.242658,1.2658095,3303,Europe,Cable/DSL/ISP,rrc01
195.66.224.111,-14.219739,6.568099,8607,Europe,Cable/DSL/ISP,rrc01
195.66.224.131,-12.639296,8.39066,28792,Europe,Cable/DSL/ISP,rrc01
195.66.224.133,6.7227154,52.178974,22822,North America,Content,rrc01
195.66.224.135,5.2762227,51.984016,31727,Europe,Cable/DSL/ISP,rrc01
195.66.224.136,3.879272,50.683414,13285,Europe,Cable/DSL/ISP,rrc01
195.66.224.137,-27.074743,12.062316,3320,Europe,NSP,rrc01
195.66.224.138,-28.813686,11.413904,2914,North America,NSP,rrc01
195.66.224.159,4.9655585,51.38208,8966,Asia,NSP,rrc01
195.66.224.167,-27.688368,11.46563,3491,North America,NSP,rrc01
195.66.224.172,5.921032,50.952473,8422,Europe,Cable/DSL/ISP,rrc01
195.66.224.175,-31.418335,5.1326194,13030,Europe,NSP,rrc01
195.66.224.176,15.632706,3.1334918,9318,Asia,Cable/DSL/ISP,rrc01
195.66.224.177,7.3382416,4.9313507,4637,Asia,NSP,rrc01
195.66.224.193,6.8765464,4.6892657,9002,Europe,NSP,rrc01
195.66.224.208,6.9729214,51.932186,34245,Europe,Cable/DSL/ISP,rrc01
195.66.224.21,5.4798627,4.887643,6939,North America,NSP,rrc01
195.66.224.223,5.6136346,52.520462,29550,Europe,NSP,rrc01
195.66.224.232,4.6636505,52.450863,35228,Europe,Cable/DSL/ISP,rrc01
195.66.224.31,17.075918,2.8921802,32787,North America,NSP,rrc01
195.66.224.46,6.3368697,52.458664,8708,Europe,Cable/DSL/ISP,rrc01
195.66.224.49,18.854933,0.71379983,8220,Europe,NSP,rrc01
195.66.224.59,5.6313195,53.01356,24931,Europe,Content,
195.66.224.64,5.7672696,52.88831,3292,Europe,Cable/DSL/ISP,rrc01
195.66.224.68,3.4739897,50.9819,30844,Europe,NSP,rrc01
195.66.224.76,6.5786424,5.7953486,6461,North America,NSP,rrc01
195.66.224.81,-32.792328,6.9920077,1828,North America,Enterprise,rrc01
195.66.224.82,5.1771083,53.484474,15830,Europe,NSP,rrc01
195.66.224.83,-7.331862,3.7409697,5511,Europe,NSP,rrc01
195.66.224.85,2.6117876,52.592304,6730,Europe,Cable/DSL/ISP,rrc01
195.66.224.89,-27.136534,11.640782,6830,Europe,Cable/DSL/ISP,rrc01
195.66.224.93,4.2159758,53.246315,8851,Europe,Cable/DSL/ISP,rrc01
195.66.225.216,-28.933123,2.5625734,25160,Europe,NSP,rrc01
195.66.225.238,6.1177654,52.59384,42,North America,Educational/Research,rrc01
195.66.225.32,-20.11681,11.975411,6908,Europe,NSP,rrc01
195.66.225.35,-29.857332,6.9281135,1239,North America,NSP,rrc01
195.66.225.48,-21.836937,1.4317788,62167,Europe,NSP,rrc01
195.66.225.54,16.57455,2.882378,4134,Asia,NSP,rrc01
195.66.225.7,4.1113076,51.741875,34790,Europe,Cable/DSL/ISP,rrc01
195.66.226.113,-15.006394,4.8542924,42473,Europe,Content,rrc01
195.66.226.123,2.582603,51.330166,60171,Europe,NSP,rrc01
195.66.226.13,-15.566369,6.5151935,8896,Europe,NSP,rrc01
195.66.226.161,-0.072017655,48.294914,21320,Europe,Educational/Research,rrc01
195.66.226.18,-0.43242466,8.836435,37721,Africa,Cable/DSL/ISP,rrc01
195.66.226.205,-0.072017655,48.294914,6866,Asia,Cable/DSL/ISP,rrc01
195.66.226.212,-5.543959,-4.5889564,7489,North America,Content,rrc01
195.66.226.31,-29.142038,1.8304389,12779,Europe,NSP,rrc01
195.66.226.38,-32.60256,5.243807,24482,Asia,NSP,rrc01
195.66.226.84,-9.08822,-7.174062,60501,Europe,Cable/DSL/ISP,rrc01
195.66.226.97,-24.918163,0.8264044,39122,Europe,Content,rrc01
195.66.227.104,-20.549255,9.870338,207044,Europe,Cable/DSL/ISP,rrc01
195.66.227.105,-1.6018898,8.071033,34927,Europe,NSP,rrc01
195.66.227.120,-0.8093906,-7.1981707,57695,North America,NSP,rrc01
195.66.227.148,-28.52554,3.500715,14630,North America,Enterprise,rrc01
195.66.227.153,-0.072017655,48.294914,35228,Europe,Cable/DSL/ISP,rrc01
195.66.227.163,-29.771019,11.620534,1299,Europe,NSP,rrc01
195.66.227.169,-0.072017655,48.294914,35228,Europe,Cable/DSL/ISP,rrc01
195.66.227.193,-14.317969,5.6349363,6233,North America,Non-Profit,rrc01
195.66.227.195,-21.032772,10.290017,3170,Europe,Content,rrc01
195.66.227.27,-0.9688053,8.081523,37680,Africa,Cable/DSL/ISP,rrc01
195.66.227.42,0.08350778,53.86521,2856,Europe,NSP,rrc01
195.66.227.58,10.304912,2.9022715,199283,Europe,Cable/DSL/ISP,rrc01
195.66.227.75,-0.072017655,48.294914,62955,North America,NSP,rrc01
195.66.227.90,-31.558985,6.058102,51185,Europe,,rrc01
195.66.227.96,-0.072017655,48.294914,56444,Europe,Not Disclosed,rrc01
196.60.8.133,-0.072017655,48.294914,8075,North America,Content,rrc19
196.60.8.139,-0.072017655,48.294914,32653,Africa,Cable/DSL/ISP,rrc19
196.60.8.152,-28.244974,12.431341,3491,North America,NSP,rrc19
196.60.8.156,-0.072017655,48.294914,37314,Africa,NSP,rrc19
196.60.8.171,-0.27182466,4.5165477,37680,Africa,Cable/DSL/ISP,rrc19
196.60.8.172,-0.072017655,48.294914,327754,Africa,Cable/DSL/ISP,rrc19
196.60.8.185,-7.54916,-5.039727,37497,Africa,NSP,rrc19
196.60.8.188,15.830078,3.0589874,37100,Africa,NSP,rrc19
196.60.8.190,-18.420212,-0.24893516,37239,Africa,NSP,rrc19
196.60.8.199,-1.9363507,7.7364926,37640,Africa,Cable/DSL/ISP,rrc19
196.60.8.203,-0.072017655,48.294914,16637,Africa,NSP,rrc19
196.60.8.215,15.858151,3.1353235,30844,Europe,NSP,rrc19
196.60.8.216,-0.072017655,48.294914,2018,Africa,Educational/Research,rrc19
196.60.8.22,-1.438016,-6.9920077,327960,Africa,NSP,rrc19
196.60.8.232,15.550068,2.6773827,37662,Africa,NSP,rrc19
196.60.8.237,-0.072017655,48.294914,37546,Africa,Cable/DSL/ISP,rrc19
196.60.8.44,0.050580934,4.483887,327983,Africa,Cable/DSL/ISP,rrc19
196.60.8.60,-28.76039,5.674148,37468,Africa,NSP,rrc19
196.60.9.137,0.7122758,4.385372,328137,Africa,Cable/DSL/ISP,
196.60.9.155,0.13723047,4.429438,328320,Africa,Cable/DSL/ISP,rrc19
196.60.9.161,-0.072017655,48.294914,714,North America,Content,rrc19
196.60.9.165,-7.82494,-5.421634,57695,North America,NSP,rrc19
196.60.9.188,-8.159656,-2.1045783,199524,Europe,Content,rrc19
196.60.9.230,9.106762,3.3406696,37721,Africa,Cable/DSL/ISP,rrc19
196.60.9.37,0.16471548,4.4297466,328137,Africa,Cable/DSL/ISP,
196.60.9.88,-0.072017655,48.294914,328220,Africa,Enterprise,rrc19
197.157.79.173,-30.407743,4.5992584,37271,Africa,NSP,rrc19
198.32.160.103,-22.270418,12.146626,13030,Europe,NSP,rrc11
198.32.160.107,-0.072017655,48.294914,29838,North America,NSP,rrc11
198.32.160.12,-22.829138,10.178681,199524,Europe,Content,rrc11
198.32.160.121,-0.072017655,48.294914,10310,North America,Content,rrc11
198.32.160.124,-0.072017655,48.294914,46450,North America,NSP,rrc11
198.32.160.137,-25.568794,10.64333,19151,North America,NSP,rrc11
198.32.160.15,-0.072017655,48.294914,22691,North America,NSP,rrc11
198.32.160.168,-22.400316,8.317075,51185,Europe,,rrc11
198.32.160.170,-23.815763,10.238173,14061,North America,Content,rrc11
198.32.160.175,-0.072017655,48.294914,15695,Europe,NSP,rrc11
198.32.160.182,-30.143106,6.970405,9002,Europe,NSP,rrc11
198.32.160.187,1.1676031,5.624881,6233,North America,Non-Profit,rrc11
198.32.160.221,16.047186,2.5574274,11164,North America,Educational/Research,rrc11
198.32.160.224,7.5792913,55.087147,714,North America,Content,rrc11
198.32.160.242,-32.81928,5.623107,24482,Asia,NSP,rrc11
198.32.160.25,16.415981,2.8619075,2516,Asia,NSP,rrc11
198.32.160.39,-31.242096,5.17751,9304,Asia,NSP,rrc11
198.32.160.42,-27.6762,12.394546,2497,Asia,NSP,rrc11
198.32.160.45,-0.072017655,48.294914,8966,Asia,NSP,rrc11
198.32.160.47,7.5792913,55.087147,20940,Europe,Content,rrc11
198.32.160.58,-13.093567,3.9804773,21700,North America,NSP,rrc11
198.32.160.60,7.5792913,55.087147,22691,North America,NSP,rrc11
198.32.160.61,5.6002917,4.6199207,6939,North America,NSP,rrc11
198.32.160.87,7.5792913,55.087147,11403,North America,NSP,rrc11
198.32.161.10,18.830513,0.3575735,8220,Europe,NSP,rrc11
198.32.161.23,0.1552303,8.386955,137409,Oceania,Content,rrc11
198.32.176.101,7.5792913,55.087147,3292,Europe,Cable/DSL/ISP,rrc14
198.32.176.128,16.047161,2.5574381,11164,North America,Educational/Research,rrc14
198.32.176.14,-28.633947,12.25743,2914,North America,NSP,rrc14
198.32.176.147,-23.295855,11.173324,14061,North America,Content,rrc14
198.32.176.160,16.604939,2.890564,9505,Asia,NSP,rrc14
198.32.176.164,-25.558834,10.648658,19151,North America,NSP,rrc14
198.32.176.177,-21.53365,13.54253,7575,Oceania,Educational/Research,rrc14
198.32.176.20,5.602805,4.6277056,6939,North America,NSP,rrc14
198.32.176.214,-15.916036,4.6803284,14907,North America,Non-Profit,rrc14
198.32.176.226,-22.977028,10.636521,199524,Europe,Content,rrc14
198.32.176.237,7.5792913,55.087147,714,North America,Content,rrc14
198.32.176.24,-27.670765,12.402286,2497,Asia,NSP,rrc14
198.32.176.3,-17.927675,4.1517615,1280,North America,Non-Profit,rrc14
198.32.176.53,7.5792913,55.087147,42,North America,Educational/Research,rrc14
198.32.176.70,-28.519907,12.246142,6762,Europe,NSP,rrc14
198.32.242.115,3.0403883,58.063667,10310,North America,Content,rrc16
198.32.242.176,5.6002917,4.6199207,6939,North America,NSP,rrc16
198.32.242.183,14.855846,1.4382164,6774,Europe,NSP,rrc16
198.32.242.188,3.0403883,58.063667,8075,North America,Content,rrc16
198.32.242.200,3.0403883,58.063667,32934,North America,Content,rrc16
198.32.242.213,3.0403883,58.063667,33132,North America,NSP,rrc16
198.32.242.254,-28.997404,7.1214333,52320,South America,NSP,rrc16
198.32.242.55,-12.340237,3.695416,20080,North America,Educational/Research,rrc16
198.32.243.125,3.0403883,58.063667,32934,North America,Content,rrc16
198.32.243.133,-16.663603,4.8047814,199524,Europe,Content,rrc16
198.32.243.161,17.089785,3.7552574,262206,North America,NSP,rrc16
198.32.243.174,7.5792913,55.087147,10310,North America,Content,rrc16
198.32.243.181,-22.400755,8.316723,51185,Europe,,rrc16
198.32.243.189,16.653004,3.2366266,32098,North America,NSP,rrc16
198.32.243.217,14.552741,3.2967255,37468,Africa,NSP,rrc16
198.32.243.219,-16.755222,2.4223323,393950,North America,NSP,rrc16
198.32.243.47,12.3082695,2.7554324,7195,South America,Content,rrc16
198.32.243.99,7.5792913,55.087147,714,North America,Content,rrc16
198.58.198.252,-16.002913,-13.4126625,1403,North America,Cable/DSL/ISP,rrc00
2.56.11.1,-20.067142,0.44058245,34854,Europe,NSP,rrc00
200.40.162.202,2.1678782,7.5292406,6057,South America,Cable/DSL/ISP,rrc24
200.7.84.35,3.0403883,58.063667,28000,South America,Enterprise,rrc24
2001:12f8::102,-9.746447,-37.220665,53070,South America,NSP,rrc15
2001:12f8::121,-9.73442,-37.247173,42473,Europe,Content,rrc15
2001:12f8::127,3.0403883,58.063667,25933,South America,NSP,rrc15
2001:12f8::20,-19.167221,-36.008423,28571,South America,Educational/Research,rrc15
2001:12f8::208:144,-7.99456,-46.679016,24482,Asia,NSP,rrc15
2001:12f8::210:177,-19.052711,-36.097233,52814,South America,Cable/DSL/ISP,rrc15
2001:12f8::210:50,-9.950074,-37.362316,61595,South America,NSP,rrc15
2001:12f8::217:110,-9.993146,-37.50591,23106,South America,NSP,rrc15
2001:12f8::217:161,-11.008092,-39.02286,13786,North America,NSP,rrc15
2001:12f8::217:186,-8.374246,-46.462852,1828,North America,Enterprise,rrc15
2001:12f8::217:238,3.0403883,58.063667,7195,South America,Content,rrc15
2001:12f8::217:48,0.3965111,-42.254448,16735,South America,NSP,rrc15
2001:12f8::217:59,-9.865256,-37.545124,23106,South America,NSP,rrc15
2001:12f8::219,-8.186536,-37.4892,14840,South America,NSP,rrc15
2001:12f8::219:162,10.8603525,-31.53905,52863,South America,Content,rrc15
2001:12f8::219:51,-9.870762,-37.846092,28186,South America,NSP,rrc15
2001:12f8::220:210,-8.034833,-35.933136,263508,South America,Cable/DSL/ISP,rrc15
2001:12f8::220:214,-8.453561,-36.193764,53067,South America,Cable/DSL/ISP,
2001:12f8::220:216,-11.285195,-38.829468,52873,South America,NSP,rrc15
2001:12f8::220:80,-10.173412,-37.914577,267613,South America,NSP,rrc15
2001:12f8::221:193,3.0403883,58.063667,37468,Africa,NSP,rrc15
2001:12f8::221:238,3.0403883,58.063667,262317,South America,Cable/DSL/ISP,
2001:12f8::222:107,-7.506869,-35.81436,263152,South America,Cable/DSL/ISP,rrc15
2001:12f8::222:229,-9.332842,-37.1342,199524,Europe,Content,rrc15
2001:12f8::222:45,10.944301,-31.360542,263237,South America,,rrc15
2001:13c7:7001:4032::35,-18.8254,-35.692734,28000,South America,Enterprise,rrc24
2001:1890:111d:1::63,-0.39135852,-43.542137,7018,North America,NSP,rrc00
2001:19f0:5001:1cb5:5400:1ff:fed6:7f3f,3.0403883,58.063667,48292,Asia,Enterprise,rrc00
2001:200:0:fe00::12a9:0,-15.810846,-35.369267,4777,Oceania,Non-Profit,
2001:200:0:fe00::6249:0,15.546004,-30.554289,25152,Europe,Non-Profit,rrc06
2001:200:0:fe00::9c1:0,-6.476663,-48.502922,2497,Asia,NSP,rrc06
2001:43f8:6d0::133,3.0403883,58.063667,8075,North America,Content,rrc19
2001:43f8:6d0::139,3.0403883,58.063667,32653,Africa,Cable/DSL/ISP,rrc19
2001:43f8:6d0::15,3.0403883,58.063667,37100,Africa,NSP,rrc19
2001:43f8:6d0::156,3.0403883,58.063667,37314,Africa,NSP,rrc19
2001:43f8:6d0::190,2.0913038,-38.508717,37239,Africa,NSP,rrc19
2001:43f8:6d0::199,13.769776,-28.341042,37640,Africa,Cable/DSL/ISP,rrc19
2001:43f8:6d0::1b,-7.1719713,-48.075577,3491,North America,NSP,rrc19
2001:43f8:6d0::203,3.0403883,58.063667,16637,Africa,NSP,rrc19
2001:43f8:6d0::215,3.0403883,58.063667,30844,Europe,NSP,rrc19
2001:43f8:6d0::216,-0.072017655,48.294914,2018,Africa,Educational/Research,rrc19
2001:43f8:6d0::22,14.599001,-27.509233,327960,Africa,NSP,rrc19
2001:43f8:6d0::232,-0.072017655,48.294914,37662,Africa,NSP,rrc19
2001:43f8:6d0::44,15.493543,-27.461424,327983,Africa,Cable/DSL/ISP,rrc19
2001:43f8:6d0::60,-10.530337,-38.88468,37468,Africa,NSP,rrc19
2001:43f8:6d0::9:137,8.764543,-29.664146,328137,Africa,Cable/DSL/ISP,
2001:43f8:6d0::9:161,-0.072017655,48.294914,714,North America,Content,rrc19
2001:43f8:6d0::9:165,18.149097,-27.965073,57695,North America,NSP,rrc19
2001:43f8:6d0::9:188,15.414665,-28.504189,199524,Europe,Content,rrc19
2001:43f8:6d0::9:230,0.08350778,53.86521,37721,Africa,Cable/DSL/ISP,rrc19
2001:43f8:6d0::9:37,8.788814,-29.62545,328137,Africa,Cable/DSL/ISP,
2001:43f8:6d0::9:66,17.496424,-27.12819,328206,Africa,Non-Profit,rrc19
2001:4950::5,15.283082,-30.005836,20205,North America,Cable/DSL/ISP,rrc00
2001:4da8:f000::25,-14.567384,-35.371853,28824,Europe,NSP,rrc25
2001:504:0:6::6774:1,-0.072017655,48.294914,6774,Europe,NSP,rrc16
2001:504:0:6::6939:1,-9.856499,-49.0124,6939,North America,NSP,rrc16
2001:504:0:6::714:1,-0.072017655,48.294914,714,North America,Content,rrc16
2001:504:0:6::8075:1,-0.072017655,48.294914,8075,North America,Content,rrc16
2001:504:0:6::8075:2,4.215765,53.731728,8075,North America,Content,rrc16
2001:504:1::a500:2497:1,-6.4143496,-48.261314,2497,Asia,NSP,rrc11
2001:504:1::a500:6233:1,17.166506,-30.365034,6233,North America,Non-Profit,rrc11
2001:504:1::a500:6939:1,-9.837271,-49.04982,6939,North America,NSP,rrc11
2001:504:1::a500:714:1,5.7929125,51.55292,714,North America,Content,rrc11
2001:504:1::a500:8220:1,6.113582,48.018333,8220,Europe,NSP,rrc11
2001:504:1::a500:8966:1,6.113582,48.018333,8966,Asia,NSP,rrc11
2001:504:1::a500:9002:1,-4.5501704,-47.975353,9002,Europe,NSP,rrc11
2001:504:1::a500:9304:1,4.5043235,-44.123817,9304,Asia,NSP,rrc11
2001:504:1::a501:1164:1,6.113582,48.018333,11164,North America,Educational/Research,rrc11
2001:504:1::a501:3030:1,-3.7906597,-39.395096,13030,Europe,NSP,rrc11
2001:504:1::a501:310:1,6.113582,48.018333,10310,North America,Content,rrc11
2001:504:1::a501:9151:1,0.70841,-41.59654,19151,North America,NSP,rrc11
2001:504:1::a502:1700:1,14.914834,-32.768696,21700,North America,NSP,rrc11
2001:504:1::a502:4482:1,-1.2491924,-45.319805,24482,Asia,NSP,rrc11
2001:504:1::a502:940:1,6.113582,48.018333,20940,Europe,Content,rrc11
2001:504:1::a504:6450:1,6.113582,48.018333,46450,North America,NSP,rrc11
2001:504:1::a505:1185:1,7.768421,-31.455194,51185,Europe,,rrc11
2001:504:1::a506:2567:2,0.76933885,-41.82544,14061,North America,Content,rrc11
2001:504:1::a519:9524:1,14.157968,-32.904224,199524,Europe,Content,rrc11
2001:504::6:0:19:9524:1,1.2255987,-41.78166,199524,Europe,Content,
2001:504::6:0:1:310:1,6.113582,48.018333,10310,North America,Content,
2001:504::6:0:1:310:2,6.113582,48.018333,10310,North America,Content,
2001:504::6:0:1:7195:1,6.113582,48.018333,7195,South America,Content,
2001:504::6:0:26:2206:1,6.113582,48.018333,262206,North America,NSP,
2001:504::6:0:2:80:1,15.448788,-30.616829,20080,North America,Educational/Research,
2001:504::6:0:3:2098:1,6.113582,48.018333,32098,North America,NSP,
2001:504::6:0:3:3132:1,6.113582,48.018333,33132,North America,NSP,
2001:504::6:0:3:7468:1,6.113582,48.018333,37468,Africa,NSP,
2001:504::6:0:5:1185:1,7.6560783,-31.582386,51185,Europe,,
2001:504::6:0:5:2320:1,0.18071768,-42.667587,52320,South America,NSP,
2001:504:d::1,1.8030765,-42.451015,1280,North America,Non-Profit,rrc14
2001:504:d::10,-9.917365,-48.978046,6939,North America,NSP,rrc14
2001:504:d::19:9524:1,0.87060976,-41.1523,199524,Europe,Content,rrc14
2001:504:d::1:1164:2,6.113582,48.018333,11164,North America,Educational/Research,rrc14
2001:504:d::1:4061:1,0.119361304,-41.9052,14061,North America,Content,rrc14
2001:504:d::1:4907:1,4.2597985,-42.56228,14907,North America,Non-Profit,rrc14
2001:504:d::2,-6.5059114,-47.883858,2497,Asia,NSP,rrc14
2001:504:d::46,-6.7742963,-48.20316,6762,Europe,NSP,rrc14
2001:504:d::6,-7.356931,-48.453674,2914,North America,NSP,rrc14
2001:504:d::714:1,6.113582,48.018333,714,North America,Content,rrc14
2001:504:d::9151:1,0.77758926,-41.841476,19151,North America,NSP,rrc14
2001:504:d::a0,6.113582,48.018333,9505,Asia,NSP,rrc14
2001:504:d::ae,6.113582,48.018333,9264,Asia,Educational/Research,rrc14
2001:504:d::b1,13.794142,-31.062742,7575,Oceania,Educational/Research,rrc14
2001:550:2:67::42:2,1.1478076,-37.085705,54574,North America,NSP,
2001:56a:8002:12::3,-0.512017,-42.765526,852,North America,NSP,rrc00
2001:56b:2:21::3,0.017360574,-43.113773,852,North America,NSP,rrc24
2001:678:254:1::1,-18.349295,-36.353806,47251,Europe,Enterprise,rrc00
2001:678:aa4::5,6.113582,48.018333,202297,Europe,NSP,rrc00
2001:678:cec:f000:871e:cafa:c52e:7198,14.825237,-30.23432,60557,Europe,,rrc25
2001:67c:21ec:5000:5800:ff:fe7e:6ded,7.3349743,-46.477604,56662,Europe,Non-Profit,rrc00
2001:67c:24c::c,-13.738909,-35.29636,49420,Europe,NSP,
2001:67c:24e4:240::1,14.512362,-26.516663,57381,Europe,Non-Profit,rrc00
2001:67c:26f4::1,14.00197,-27.380455,57821,Europe,Non-Profit,rrc00
2001:67c:ec:253::1,-16.516361,-35.72557,44097,Europe,Cable/DSL/ISP,rrc25
2001:728:1808::2,-13.287743,-36.199253,15562,Europe,Educational/Research,rrc00
2001:7f8:13::a500:3280:1,-15.768922,-13.719207,3280,Europe,Enterprise,rrc03
2001:7f8:13::a503:4927:1,6.488299,-44.365566,34927,Europe,NSP,rrc03
2001:7f8:13::a505:1999:1,17.225088,-28.360687,51999,Europe,Cable/DSL/ISP,rrc03
2001:7f8:13::a513:7490:2,15.081681,-32.105183,137490,Europe,Content,rrc03
2001:7f8:13::a520:5206:1,3.1870992,-36.963493,205206,Europe,Content,rrc03
2001:7f8:13::a520:7910:1,-14.64516,-35.550575,207910,Europe,Educational/Research,
2001:7f8:13::a520:9650:1,-16.00121,-36.201355,209650,Europe,Educational/Research,rrc03
2001:7f8:17::1aee:1,1.9864184,-38.035557,6894,Europe,NSP,rrc01
2001:7f8:17::1afc:1,2.5805955,-36.50597,6908,Europe,NSP,rrc01
2001:7f8:17::201a:1,2.0980341,-51.26367,8218,Europe,NSP,rrc01
2001:7f8:17::2ca:3,6.113582,48.018333,714,North America,Content,rrc01
2001:7f8:17::3:3f90:1,6.113582,48.018333,212880,Europe,Not Disclosed,rrc01
2001:7f8:17::3d4c:1,-11.737788,-35.419743,15692,Europe,NSP,rrc01
2001:7f8:17::89c2:1,3.6803741,-37.936924,35266,Europe,NSP,rrc01
2001:7f8:17::89f1:1,6.113582,48.018333,35313,Asia,NSP,rrc01
2001:7f8:17::903c:1,1.9336319,-36.8153,36924,Africa,Cable/DSL/ISP,rrc01
2001:7f8:1::a500:1103:2,1.3977845,-50.725414,1103,Europe,Educational/Research,rrc03
2001:7f8:1::a500:1140:1,-14.675198,-35.800735,1140,Europe,Non-Profit,rrc03
2001:7f8:1::a500:1273:1,-6.0780334,-47.89548,1273,Europe,NSP,rrc03
2001:7f8:1::a500:19:9524:1,6.627963,-44.510326,199524,Europe,Content,
2001:7f8:1::a500:19:9938:1,15.709864,-32.804684,199938,Europe,NSP,
2001:7f8:1::a500:3214:1,16.753853,-31.578747,3214,Europe,Cable/DSL/ISP,rrc03
2001:7f8:1::a500:6233:1,5.3085413,-42.78162,6233,North America,Non-Profit,rrc03
2001:7f8:1::a500:6453:1,-7.7014523,-48.418564,6453,North America,NSP,rrc03
2001:7f8:1::a500:6461:1,-12.453764,-45.54121,6461,North America,NSP,rrc03
2001:7f8:1::a500:6830:2,-5.4723444,-47.19071,6830,Europe,Cable/DSL/ISP,rrc03
2001:7f8:1::a500:6866:1,0.08350778,53.86521,6866,Asia,Cable/DSL/ISP,rrc03
2001:7f8:1::a500:6908:1,0.8909925,-36.136013,6908,Europe,NSP,rrc03
2001:7f8:1::a500:6939:1,-9.81632,-49.24609,6939,North America,NSP,rrc03
2001:7f8:1::a500:714:1,0.08350778,53.86521,714,North America,Content,rrc03
2001:7f8:1::a500:8218:2,1.4467713,-51.80005,8218,Europe,NSP,rrc03
2001:7f8:1::a500:8220:1,0.08350778,53.86521,8220,Europe,NSP,rrc03
2001:7f8:1::a500:8283:1,-4.8599277,-39.909084,8283,Europe,Non-Profit,rrc03
2001:7f8:1::a500:8455:1,0.7515776,-46.43454,8455,Europe,NSP,rrc03
2001:7f8:1::a500:8708:1,0.08350778,53.86521,8708,Europe,Cable/DSL/ISP,rrc03
2001:7f8:1::a500:8966:1,0.08350778,53.86521,8966,Asia,NSP,rrc03
2001:7f8:1::a501:2779:1,0.08350778,53.86521,12779,Europe,NSP,rrc03
2001:7f8:1::a501:2859:1,1.9333466,-49.527023,12859,Europe,NSP,rrc03
2001:7f8:1::a501:2859:2,1.9289614,-49.52883,12859,Europe,NSP,rrc03
2001:7f8:1::a501:4907:1,1.61728,-45.57887,14907,North America,Non-Profit,rrc03
2001:7f8:1::a501:5435:1,15.39123,-30.317146,15435,Europe,Cable/DSL/ISP,rrc03
2001:7f8:1::a502:1263:1,0.08350778,53.86521,21263,Europe,Cable/DSL/ISP,rrc03
2001:7f8:1::a502:1320:1,0.08350778,53.86521,21320,Europe,Educational/Research,rrc03
2001:7f8:1::a502:4482:1,-4.7487693,-42.716557,24482,Asia,NSP,rrc03
2001:7f8:1::a502:495:1,0.08350778,53.86521,20495,Europe,NSP,rrc03
2001:7f8:1::a502:5160:1,0.48590624,-47.304592,25160,Europe,NSP,rrc03
2001:7f8:1::a502:9467:1,1.7943438,-49.281654,29467,Europe,NSP,rrc03
2001:7f8:1::a503:1027:1,0.08350778,53.86521,31027,Europe,NSP,rrc03
2001:7f8:1::a503:2934:1,0.08350778,53.86521,32934,North America,Content,rrc03
2001:7f8:1::a503:2934:2,0.08350778,53.86521,32934,North America,Content,rrc03
2001:7f8:1::a503:4019:1,1.2916459,-39.13752,34019,Europe,Non-Profit,rrc03
2001:7f8:1::a503:7721:1,-6.2523246,-44.498825,37721,Africa,Cable/DSL/ISP,rrc03
2001:7f8:1::a504:1327:1,0.08350778,53.86521,41327,Europe,NSP,rrc03
2001:7f8:1::a504:4684:1,0.08350778,53.86521,44684,Europe,Content,rrc03
2001:7f8:1::a504:7147:1,1.5943079,-47.343525,47147,Europe,NSP,rrc03
2001:7f8:1::a504:9544:1,0.08350778,53.86521,49544,Europe,NSP,rrc03
2001:7f8:1::a505:1088:1,1.5285616,-37.951572,51088,Europe,NSP,rrc03
2001:7f8:1::a505:1185:1,-3.8627336,-43.90114,51185,Europe,,rrc03
2001:7f8:1::a505:673:1,2.0003839,-38.587128,50673,Europe,Enterprise,rrc03
2001:7f8:1::a505:763:1,-12.415974,-37.492886,50763,Europe,Content,rrc03
2001:7f8:1::a505:9605:1,-0.19886215,-47.592342,59605,Asia,NSP,rrc03
2001:7f8:1::a506:501:1,-5.602027,-39.70668,60501,Europe,Cable/DSL/ISP,rrc03
2001:7f8:1c:24a::201:1,1.8122909,-36.239735,513,Europe,Non-Profit,rrc04
2001:7f8:1c:24a::201c:1,0.08350778,53.86521,8220,Europe,NSP,rrc04
2001:7f8:1c:24a::22f:1,-3.8979526,-43.83309,559,Europe,Educational/Research,rrc04
2001:7f8:1c:24a::3cbb:1,17.293211,-29.72261,15547,Europe,Cable/DSL/ISP,rrc04
2001:7f8:1c:24a::51c4:1,3.9953606,-46.981518,20932,Europe,Cable/DSL/ISP,rrc04
2001:7f8:1c:24a::51e5:1,0.08350778,53.86521,21320,Europe,Educational/Research,rrc04
2001:7f8:1c:24a::6203:1,-3.664743,-40.20432,25091,Europe,NSP,rrc04
2001:7f8:1c:24a::7226:1,4.5060925,-42.579315,29222,Europe,Content,rrc04
2001:7f8:20:101::208:147,14.119436,-32.910503,28917,Europe,NSP,rrc13
2001:7f8:20:101::208:168,0.08350778,53.86521,41617,Europe,Enterprise,rrc13
2001:7f8:20:101::208:188,0.08350778,53.86521,6866,Asia,Cable/DSL/ISP,rrc13
2001:7f8:20:101::208:223,3.8899376,-38.77131,20764,Europe,NSP,rrc13
2001:7f8:20:101::208:44,0.08350778,53.86521,3267,Europe,Educational/Research,rrc13
2001:7f8:20:101::208:59,0.08350778,53.86521,8470,Europe,NSP,rrc13
2001:7f8:20:101::209:109,-1.3253249,-48.399258,24482,Asia,NSP,rrc13
2001:7f8:20:101::209:200,2.881528,-38.74407,199524,Europe,Content,rrc13
2001:7f8:20:101::209:66,-11.300761,-43.55701,35598,Europe,NSP,rrc13
2001:7f8:20:101::209:93,-3.2266629,-47.154488,25091,Europe,NSP,rrc13
2001:7f8:20:101::210:19,0.08350778,53.86521,2854,Europe,NSP,rrc13
2001:7f8:20:101::210:33,-14.402398,-35.572075,47441,North America,Cable/DSL/ISP,rrc13
2001:7f8:20:101::210:40,-9.608703,-46.133995,6939,North America,NSP,rrc13
2001:7f8:20:101::210:52,1.5352767,-35.96483,41722,Europe,Cable/DSL/ISP,rrc13
2001:7f8:24::10c,1.2526343,-51.405224,50869,Europe,Network Services,rrc20
2001:7f8:24::20,8.771779,-29.659773,21232,Europe,Cable/DSL/ISP,rrc20
2001:7f8:24::26,3.789231,-40.306293,59890,Europe,Cable/DSL/ISP,rrc20
2001:7f8:24::28,1.4835582,-49.768387,48362,Europe,Cable/DSL/ISP,rrc20
2001:7f8:24::39,7.216978,-46.819187,51184,Europe,Cable/DSL/ISP,rrc20
2001:7f8:24::3c,16.130388,-29.301622,202194,Europe,Enterprise,rrc20
2001:7f8:24::44,17.430393,-25.035425,12307,Europe,Content,rrc20
2001:7f8:24::5,1.2248297,-47.88987,47147,Europe,NSP,rrc20
2001:7f8:24::5a,2.1663294,-35.610073,59414,Europe,Content,rrc20
2001:7f8:24::5e,0.08350778,53.86521,1836,Europe,Cable/DSL/ISP,rrc20
2001:7f8:24::6,-3.825833,-43.95277,8758,Europe,Cable/DSL/ISP,rrc20
2001:7f8:24::67,-15.502082,-36.07579,196621,Europe,Educational/Research,rrc20
2001:7f8:24::6d,6.7344027,-45.262646,198385,Europe,NSP,rrc20
2001:7f8:24::73,-12.162273,-46.47044,6461,North America,NSP,rrc20
2001:7f8:24::74,0.77829444,-51.00927,8218,Europe,NSP,rrc20
2001:7f8:24::75,-0.73778737,-44.56509,25091,Europe,NSP,rrc20
2001:7f8:24::7e,-16.496405,-36.371742,20612,Europe,Non-Profit,rrc20
2001:7f8:24::7f,-16.553696,-36.14764,20612,Europe,Non-Profit,rrc20
2001:7f8:24::82,6.2276397,-46.704887,58299,Europe,NSP,rrc20
2001:7f8:24::8d,15.844434,-27.668554,59891,Europe,Content,rrc20
2001:7f8:24::9,15.052717,-32.781578,29691,Europe,Content,rrc20
2001:7f8:24::95,16.768856,-29.877552,15547,Europe,Cable/DSL/ISP,rrc20
2001:7f8:24::9d,16.255219,-29.68818,48550,Europe,Content,rrc20
2001:7f8:24::ac,0.08350778,53.86521,8220,Europe,NSP,rrc20
2001:7f8:24::b1,16.126791,-32.290848,58057,Europe,NSP,rrc20
2001:7f8:24::b4,15.410384,-33.823414,62167,Europe,NSP,rrc20
2001:7f8:24::c5,15.44099,-28.673988,51873,Europe,NSP,rrc20
2001:7f8:24::c7,-16.062613,-13.4459915,198249,Europe,Content,rrc20
2001:7f8:24::cd,-1.3253249,-48.399258,24482,Asia,NSP,rrc20
2001:7f8:24::d8,17.491684,-27.570555,202032,Europe,Cable/DSL/ISP,rrc20
2001:7f8:24::db,-5.595744,-39.714386,60501,Europe,Cable/DSL/ISP,rrc20
2001:7f8:24::e9,0.74970216,-38.48891,34019,Europe,Non-Profit,rrc20
2001:7f8:24::ec,6.698494,-45.853863,34927,Europe,NSP,rrc20
2001:7f8:24::f,2.928835,-37.654343,15623,Europe,,rrc20
2001:7f8:24::f6,16.597025,-30.686974,51786,Europe,Content,rrc20
2001:7f8:2a::1:1:0:766,0.08350778,53.86521,766,Europe,Educational/Research,
2001:7f8:2a::1:1:0:8220,0.08350778,53.86521,8220,Europe,NSP,
2001:7f8:2a::1:1:1:3041,0.08350778,53.86521,13041,Europe,Educational/Research,
2001:7f8:2a::1:1:6:82,0.08350778,53.86521,60082,Europe,Route Server,
2001:7f8:2a::2:1:2:940,0.08350778,53.86521,20940,Europe,Content,
2001:7f8:2a::2:1:2:9680,2.6233826,-37.015553,29680,Europe,Cable/DSL/ISP,
2001:7f8:30::1:1:0:1853,0.08350778,53.86521,1853,Europe,Educational/Research,
2001:7f8:30::1:1:0:6720,-17.125425,-36.18883,6720,Europe,,
2001:7f8:30::1:1:0:8218,0.77829444,-51.00927,8218,Europe,NSP,
2001:7f8:30::1:1:0:8220,0.08350778,53.86521,8220,Europe,NSP,
2001:7f8:30::1:1:0:8447,0.08350778,53.86521,8447,Europe,Cable/DSL/ISP,
2001:7f8:30::1:1:4:7147,0.92808974,-48.10823,47147,Europe,NSP,
2001:7f8:30::2:1:0:2686,0.08350778,53.86521,2686,North America,NSP,
2001:7f8:30::2:1:0:6939,-9.811375,-49.21967,6939,North America,NSP,
2001:7f8:30::2:1:0:8447,0.08350778,53.86521,8447,Europe,Cable/DSL/ISP,
2001:7f8:30::2:1:1:3030,0.21631065,-45.374123,13030,Europe,NSP,
2001:7f8:30::2:1:2:1385,0.08350778,53.86521,21385,Europe,NSP,
2001:7f8:30::2:1:2:965,0.08350778,53.86521,21320,Europe,Educational/Research,
2001:7f8:30::2:1:3:2934,0.08350778,53.86521,32934,North America,Content,
2001:7f8:30::2:1:3:5369,1.8344461,-36.753906,35369,Europe,Cable/DSL/ISP,
2001:7f8:30::2:1:3:9912,0.08350778,53.86521,39912,Europe,NSP,
2001:7f8:30::2:1:4:7692,4.620638,-46.9195,47692,Europe,NSP,
2001:7f8:30::2:1:4:8362,2.2306654,-49.95759,48362,Europe,Cable/DSL/ISP,
2001:7f8:30::2:1:5:1184,7.2938766,-46.30365,51184,Europe,Cable/DSL/ISP,
2001:7f8:30::2:1:5:9890,3.4042048,-40.23129,59890,Europe,Cable/DSL/ISP,
2001:7f8:30::2:1:67:30,0.08350778,53.86521,6730,Europe,Cable/DSL/ISP,
2001:7f8:30::2:2:3:2934,0.08350778,53.86521,32934,North America,Content,
2001:7f8:4::1026:1,0.08350778,53.86521,4134,Asia,NSP,rrc01
2001:7f8:4::121d:2,-10.894944,-44.67823,4637,Asia,NSP,rrc01
2001:7f8:4::1518:1,0.08350778,53.86521,5400,Europe,NSP,rrc01
2001:7f8:4::1859:1,2.9475932,-39.676735,6233,North America,Non-Profit,rrc01
2001:7f8:4::193d:1,-12.162273,-46.469776,6461,North America,NSP,rrc01
2001:7f8:4::1aae:4,-4.8825045,-46.916595,6830,Europe,Cable/DSL/ISP,rrc01
2001:7f8:4::1ad2:1,0.08350778,53.86521,6866,Asia,Cable/DSL/ISP,rrc01
2001:7f8:4::1afc:1,2.9259138,-36.104065,6908,Europe,NSP,rrc01
2001:7f8:4::1b1b:1,-9.791168,-49.25915,6939,North America,NSP,rrc01
2001:7f8:4::1d41:1,15.168736,-31.838175,7489,North America,Content,rrc01
2001:7f8:4::201c:1,0.08350778,53.86521,8220,Europe,NSP,rrc01
2001:7f8:4::219f:1,16.314585,-29.391243,8607,Europe,Cable/DSL/ISP,rrc01
2001:7f8:4::2204:1,0.08350778,53.86521,8708,Europe,Cable/DSL/ISP,rrc01
2001:7f8:4::22c0:1,3.5339596,-40.949345,8896,Europe,NSP,rrc01
2001:7f8:4::2306:1,0.08350778,53.86521,8966,Asia,NSP,rrc01
2001:7f8:4::232a:1,-5.289027,-49.185402,9002,Europe,NSP,rrc01
2001:7f8:4::31eb:1,-4.573895,-42.7588,12779,Europe,NSP,rrc01
2001:7f8:4::32e6:1,-0.036531232,-45.97509,13030,Europe,NSP,rrc01
2001:7f8:4::3926:1,16.310555,-26.839565,14630,North America,Enterprise,rrc01
2001:7f8:4::3:28c4:1,1.86318,-36.20063,207044,Europe,Cable/DSL/ISP,rrc01
2001:7f8:4::3:a73:1,-3.7077086,-41.399433,199283,Europe,Cable/DSL/ISP,rrc01
2001:7f8:4::4d7:1,-5.470066,-47.972088,1239,North America,NSP,rrc01
2001:7f8:4::513:1,-9.05216,-48.690407,1299,Europe,NSP,rrc01
2001:7f8:4::5348:1,0.08350778,53.86521,21320,Europe,Educational/Research,rrc01
2001:7f8:4::5fa2:1,-0.7057621,-46.571198,24482,Asia,NSP,rrc01
2001:7f8:4::6248:1,0.48054063,-47.30603,25160,Europe,NSP,rrc01
2001:7f8:4::724:1,-7.9302826,-47.24782,1828,North America,Enterprise,rrc01
2001:7f8:4::7992:1,1.9840372,-46.00213,31122,Europe,NSP,rrc01
2001:7f8:4::886f:1,15.25255,-33.329052,34927,Europe,NSP,rrc01
2001:7f8:4::9359:1,-6.2513247,-44.498882,37721,Africa,Cable/DSL/ISP,rrc01
2001:7f8:4::98d2:1,1.4463458,-47.26109,39122,Europe,Content,rrc01
2001:7f8:4::a5e9:1,1.360552,-40.456474,42473,Europe,Content,rrc01
2001:7f8:4::b28:6,0.08350778,53.86521,2856,Europe,NSP,rrc01
2001:7f8:4::b62:1,-7.3475437,-48.751854,2914,North America,NSP,rrc01
2001:7f8:4::c7f1:1,5.588795,-39.99458,51185,Europe,,rrc01
2001:7f8:4::cf8:1,-2.2626996,-40.486477,3320,Europe,NSP,rrc01
2001:7f8:4::da3:1,-7.139999,-48.710114,3491,North America,NSP,rrc01
2001:7f8:4::e15f:1,15.250357,-32.120228,57695,North America,NSP,rrc01
2001:7f8:4::e2c9:1,15.946546,-32.29944,58057,Europe,NSP,rrc01
2001:7f8:4::ec55:1,-5.600761,-39.716877,60501,Europe,Cable/DSL/ISP,rrc01
2001:7f8:4::ee11:1,3.529334,-37.718754,3170,Europe,Content,rrc01
2001:7f8:4::f2d7:1,14.612108,-33.70656,62167,Europe,NSP,rrc01
2001:7f8:54:5::54,0.08350778,53.86521,8966,Asia,NSP,rrc21
2001:7f8:54:5::7,0.77379936,-51.634842,8218,Europe,NSP,rrc21
2001:7f8:54::1,1.5122045,-51.120064,8218,Europe,NSP,rrc21
2001:7f8:54::123,1.7325457,-49.702084,198290,Europe,Network Services,rrc21
2001:7f8:54::156,17.246996,-29.458612,15547,Europe,Cable/DSL/ISP,rrc21
2001:7f8:54::172,16.355389,-30.232477,58308,Europe,Content,rrc21
2001:7f8:54::177,-4.597785,-42.72576,12779,Europe,NSP,rrc21
2001:7f8:54::178,0.08350778,53.86521,8966,Asia,NSP,rrc21
2001:7f8:54::1:143,-3.8271565,-39.741016,50628,Europe,NSP,rrc21
2001:7f8:54::1:175,15.8909645,-31.828178,199524,Europe,Content,rrc21
2001:7f8:54::1:176,0.08350778,53.86521,714,North America,Content,rrc21
2001:7f8:54::1:180,-12.683944,-45.047142,6461,North America,NSP,rrc21
2001:7f8:54::1:204,-8.025627,-3.0794923,42275,Europe,,rrc21
2001:7f8:54::1:228,1.5015688,-37.881264,39533,Europe,NSP,rrc21
2001:7f8:54::1:239,-4.0217514,-41.18572,37721,Africa,Cable/DSL/ISP,rrc21
2001:7f8:54::1:46,-3.7750757,-48.25932,56665,Europe,Cable/DSL/ISP,rrc21
2001:7f8:54::1:83,-2.6637576,-46.642212,25091,Europe,NSP,rrc21
2001:7f8:54::205,-2.156429,-47.90772,29075,Europe,NSP,rrc21
2001:7f8:54::228,-1.0265617,-46.41581,24482,Asia,NSP,rrc21
2001:7f8:54::240,0.08350778,53.86521,43100,Europe,Non-Profit,rrc21
2001:7f8:54::246,-7.7023907,-35.589455,2613,Europe,Non-Profit,rrc21
2001:7f8:54::249,2.9894314,-38.351177,49434,Europe,NSP,rrc21
2001:7f8:54::27,-13.979593,-36.348183,57199,Europe,Non-Profit,rrc21
2001:7f8:54::32,16.256199,-31.47127,34177,Europe,Cable/DSL/ISP,rrc21
2001:7f8:54::34,-13.560867,-35.3093,35360,Europe,Non-Profit,rrc21
2001:7f8:54::36,-3.0422487,-41.502163,16347,Europe,Cable/DSL/ISP,rrc21
2001:7f8:54::55,-13.859173,-35.451786,35600,Europe,Enterprise,rrc21
2001:7f8:54::58,0.08350778,53.86521,8220,Europe,NSP,rrc21
2001:7f8:54::61,3.4228497,-38.07638,8426,Europe,Cable/DSL/ISP,rrc21
2001:7f8:54::71,-0.13430439,-37.922947,34019,Europe,Non-Profit,rrc21
2001:7f8:54::89,0.08350778,53.86521,15830,Europe,NSP,rrc21
2001:7f8:54::97,15.722456,-28.824945,41157,Europe,Content,rrc21
2001:7f8:64:225::1,-10.77328,-44.67896,39107,Europe,Route Server,rrc22
2001:7f8:64:225::1:310:2,6.113582,48.018333,10310,North America,Content,
2001:7f8:64:225::3233:1,6.113582,48.018333,3233,Europe,Enterprise,rrc22
2001:7f8:64:225::3:9668:1,6.113582,48.018333,39668,Europe,Cable/DSL/ISP,
2001:7f8:64:225::4:8571:1,-7.376843,-35.30789,48571,Europe,Content,
2001:7f8:64:225::5705:0:1,15.597272,-26.124643,57050,Europe,Enterprise,
2001:7f8:64:225::5:6430:1,18.313202,-27.062132,56430,Europe,Content,
2001:7f8:64:225::6830:1,6.113582,48.018333,6830,Europe,Cable/DSL/ISP,
2001:7f8:64:225::8075:1,6.113582,48.018333,8075,North America,Content,rrc22
2001:7f8:64:225::8220:1,6.113582,48.018333,8220,Europe,NSP,rrc22
2001:7f8::1525:0:1,6.113582,48.018333,5413,Europe,Cable/DSL/ISP,rrc12
2001:7f8::1859:0:1,5.4112005,-46.489334,6233,North America,Non-Profit,rrc12
2001:7f8::193d:0:1,-12.162274,-46.47053,6461,North America,NSP,rrc12
2001:7f8::1a0b:0:1,1.8843404,-42.0417,6667,Europe,NSP,rrc12
2001:7f8::1a6a:0:1,-6.780974,-48.197968,6762,Europe,NSP,rrc12
2001:7f8::1a76:0:1,6.113582,48.018333,6774,Europe,NSP,rrc12
2001:7f8::1ad2:0:1,6.113582,48.018333,6866,Asia,Cable/DSL/ISP,rrc12
2001:7f8::1afc:0:1,0.8193433,-36.78691,6908,Europe,NSP,rrc12
2001:7f8::1b1b:0:1,-9.949906,-48.91581,6939,North America,NSP,rrc12
2001:7f8::201a:0:1,2.0073063,-51.536495,8218,Europe,NSP,rrc12
2001:7f8::201c:0:1,6.113582,48.018333,8220,Europe,NSP,rrc12
2001:7f8::201c:0:2,6.113582,48.018333,8220,Europe,NSP,rrc12
2001:7f8::20a7:0:1,6.113582,48.018333,8359,Europe,Cable/DSL/ISP,rrc12
2001:7f8::20ad:0:1,6.113582,48.018333,8365,Europe,Educational/Research,rrc12
2001:7f8::2204:0:1,6.113582,48.018333,8708,Europe,Cable/DSL/ISP,rrc12
2001:7f8::223b:0:1,6.113582,48.018333,8763,Europe,NSP,rrc12
2001:7f8::229:0:1,2.300827,-47.545467,553,Europe,Educational/Research,rrc12
2001:7f8::2306:0:1,6.113582,48.018333,8966,Asia,NSP,rrc12
2001:7f8::232a:0:1,-4.8539615,-48.59473,9002,Europe,NSP,rrc12
2001:7f8::2a8:0:1,1.3904898,-40.758343,680,Europe,Educational/Research,rrc12
2001:7f8::3043:0:1,6.113582,48.018333,12355,Europe,Cable/DSL/ISP,rrc12
2001:7f8::30b6:0:1,-20.481249,0.0030279276,12470,Europe,NSP,rrc12
2001:7f8::31eb:0:1,-4.5798135,-42.73783,12779,Europe,NSP,rrc12
2001:7f8::32e6:0:1,-0.25024566,-45.56522,13030,Europe,NSP,rrc12
2001:7f8::36ed:0:1,0.3836965,-45.69463,14061,North America,Content,rrc12
2001:7f8::3:2138:0:2,-14.526845,-36.256466,205112,Europe,NSP,rrc12
2001:7f8::3:2614:0:1,-14.173499,-35.228848,206356,Europe,Non-Profit,rrc12
2001:7f8::3:26a3:0:1,-5.9874215,-44.53418,206499,Europe,NSP,
2001:7f8::3:2afd:0:1,7.513747,-44.685814,207613,Europe,Educational/Research,rrc12
2001:7f8::3:30ce:0:1,-16.425468,-37.03081,209102,Europe,,rrc12
2001:7f8::3:409f:0:1,8.3451605,-45.378674,213151,Europe,Educational/Research,rrc12
2001:7f8::3:b64:0:2,6.729915,-45.70202,199524,Europe,Content,rrc12
2001:7f8::47e3:0:1,6.113582,48.018333,18403,Asia,Cable/DSL/ISP,rrc12
2001:7f8::4d7:0:1,-5.4656863,-47.98097,1239,North America,NSP,rrc12
2001:7f8::514b:0:1,1.4941577,-49.595825,20811,Europe,NSP,rrc12
2001:7f8::51e5:0:1,6.113582,48.018333,21320,Europe,Educational/Research,rrc12
2001:7f8::530f:0:1,6.113582,48.018333,21263,Europe,Cable/DSL/ISP,rrc12
2001:7f8::53a4:0:1,14.805131,-27.647053,21412,Europe,Cable/DSL/ISP,rrc12
2001:7f8::5fa2:0:1,-1.0834575,-47.569202,24482,Asia,NSP,rrc12
2001:7f8::6181:0:1,0.9217724,-48.670887,24961,Europe,Content,rrc12
2001:7f8::6284:0:1,7.959408,-45.92941,25220,Europe,Content,rrc12
2001:7f8::71d4:0:1,6.1584563,-46.139614,29140,Europe,Content,rrc12
2001:7f8::7933:0:1,6.113582,48.018333,31027,Europe,NSP,rrc12
2001:7f8::8463:0:1,6.113582,48.018333,33891,Europe,NSP,rrc12
2001:7f8::84e3:0:1,0.23162535,-38.89981,34019,Europe,Non-Profit,rrc12
2001:7f8::85f0:0:1,0.8098011,-45.718285,34288,Europe,Educational/Research,rrc12
2001:7f8::886f:0:1,6.2450624,-46.233505,34927,Europe,NSP,rrc12
2001:7f8::89f1:0:1,6.113582,48.018333,35313,Asia,NSP,rrc12
2001:7f8::89f8:0:1,6.113582,48.018333,35320,Europe,NSP,rrc12
2001:7f8::8b7e:0:1,15.879577,-29.204792,35710,Europe,NSP,rrc12
2001:7f8::9359:0:1,-6.092138,-44.507633,37721,Africa,Cable/DSL/ISP,rrc12
2001:7f8::a16f:0:1,6.113582,48.018333,41327,Europe,NSP,rrc12
2001:7f8::a5e9:0:3,2.0211432,-47.894825,47147,Europe,NSP,rrc12
2001:7f8::a6d4:0:1,6.113582,48.018333,42708,Europe,NSP,rrc12
2001:7f8::b29:0:1,6.113582,48.018333,2857,Europe,Educational/Research,rrc12
2001:7f8::b62:0:1,-7.526292,-48.189648,2914,North America,NSP,rrc12
2001:7f8::ba4c:0:1,4.256375,-46.77722,47692,Europe,NSP,rrc12
2001:7f8::bcea:0:1,2.4125352,-49.66646,48362,Europe,Cable/DSL/ISP,rrc12
2001:7f8::be06:0:1,10.500977,-31.763563,48646,Europe,NSP,rrc12
2001:7f8::bf17:0:2,6.466612,-46.197773,48919,Europe,Cable/DSL/ISP,rrc12
2001:7f8::c221:0:1,7.6371884,-45.34384,49697,Europe,Educational/Research,rrc12
2001:7f8::c7f0:0:1,7.074703,-45.726646,51184,Europe,Cable/DSL/ISP,rrc12
2001:7f8::c7f1:0:1,-3.859741,-43.905037,51185,Europe,,rrc12
2001:7f8::c8e:0:1,8.558901,-46.121456,3214,Europe,Cable/DSL/ISP,rrc12
2001:7f8::e15f:0:1,-16.561447,-36.888042,57695,North America,NSP,rrc12
2001:7f8::e2c9:0:1,8.202223,-46.59179,58057,Europe,NSP,rrc12
2001:7f8::e3bb:0:1,6.6887965,-46.91158,58299,Europe,NSP,rrc12
2001:7f8::eb09:0:1,6.113582,48.018333,60169,Europe,NSP,rrc12
2001:7f8::ec55:0:1,-5.601939,-39.706703,60501,Europe,Cable/DSL/ISP,rrc12
2001:7f8::fbdb:0:1,-13.717943,-37.451454,64475,Europe,Non-Profit,rrc12
2001:7f8:b:100:1d1:a519:9524:55,14.920015,-28.372667,199524,Europe,Content,rrc10
2001:7f8:b:100:1d1:a520:1333:74,-12.908156,-36.125122,201333,Europe,NSP,rrc10
2001:7f8:b:100:1d1:a520:2032:192,18.42256,-28.699654,202032,Europe,Cable/DSL/ISP,rrc10
2001:7f8:b:100:1d1:a5d0:5396:4,8.783229,-29.629663,5396,Europe,Cable/DSL/ISP,
2001:7f8:b:100:1d1:a5d0:5602:10,6.113582,48.018333,5602,Europe,Cable/DSL/ISP,rrc10
2001:7f8:b:100:1d1:a5d0:6939:125,-9.919203,-48.94531,6939,North America,NSP,rrc10
2001:7f8:b:100:1d1:a5d0:8220:68,6.113582,48.018333,8220,Europe,NSP,rrc10
2001:7f8:b:100:1d1:a5d1:2637:86,1.8981348,-37.680412,12637,Europe,Content,rrc10
2001:7f8:b:100:1d1:a5d1:2779:65,-0.051521935,-48.270485,12779,Europe,NSP,rrc10
2001:7f8:b:100:1d1:a5d1:5605:120,6.39031,-46.362976,15605,Europe,Cable/DSL/ISP,rrc10
2001:7f8:b:100:1d1:a5d2:4482:158,-1.4588602,-47.260223,24482,Asia,NSP,rrc10
2001:7f8:b:100:1d1:a5d2:811:88,2.318528,-49.43161,20811,Europe,NSP,rrc10
2001:7f8:b:100:1d1:a5d2:912:54,16.06944,-29.170713,20912,Europe,Cable/DSL/ISP,rrc10
2001:7f8:b:100:1d1:a5d2:965:183,6.113582,48.018333,21320,Europe,Educational/Research,rrc10
2001:7f8:b:100:1d1:a5d4:1327:51,-3.6085317,-48.09549,41327,Europe,NSP,rrc10
2001:7f8:b:100:1d1:a5d4:9605:127,1.7605929,-37.239655,49605,Europe,Cable/DSL/ISP,rrc10
2001:7f8:b:100:1d1:a5d4:9709:219,8.758746,-29.68223,49709,Europe,Cable/DSL/ISP,rrc10
2001:7f8:b:100:1d1:a5d5:1185:102,-5.817382,-43.243,51185,Europe,,rrc10
2001:7f8:b:100:1d1:a5d5:7111:13,15.598454,-31.590658,57111,Europe,Cable/DSL/ISP,rrc10
2001:7f8:b:100:1d1:a5d5:7463:216,-11.370292,-43.640633,57463,Europe,Route Server,rrc10
2001:7f8:b:100:1d1:a5d5:877:225,3.9015868,-40.967014,50877,Europe,Cable/DSL/ISP,rrc10
2001:7f8:b:100:1d1:a5d6:501:138,-5.5878496,-39.71331,60501,Europe,Cable/DSL/ISP,rrc10
2001:7f8:d:ff::104,6.113582,48.018333,8220,Europe,NSP,rrc07
2001:7f8:d:ff::136,1.7189037,-42.493675,6667,Europe,NSP,rrc07
2001:7f8:d:ff::152,6.113582,48.018333,16086,Europe,NSP,rrc07
2001:7f8:d:ff::157,-4.457901,-48.939877,9002,Europe,NSP,rrc07
2001:7f8:d:ff::164,6.113582,48.018333,3327,Europe,NSP,rrc07
2001:7f8:d:ff::18,3.715178,-39.78409,42473,Europe,Content,rrc07
2001:7f8:d:ff::187,-9.843028,-49.181458,6939,North America,NSP,rrc07
2001:7f8:d:ff::191,16.428036,-28.285778,199524,Europe,Content,rrc07
2001:7f8:d:ff::22,6.113582,48.018333,31027,Europe,NSP,rrc07
2001:7f8:d:ff::226,-4.7506,-42.71702,24482,Asia,NSP,rrc07
2001:7f8:d:ff::35,6.113582,48.018333,31133,Europe,NSP,rrc07
2001:7f8:d:ff::41,6.113582,48.018333,3292,Europe,Cable/DSL/ISP,rrc07
2001:7f8:d:ff::9,6.113582,48.018333,714,North America,Content,rrc07
2001:7f8:e7:c232::6358,-18.569618,-35.634758,58057,Europe,NSP,rrc00
2001:7f8:e7:c232::63fe,13.542799,-30.185902,34800,Europe,Not Disclosed,rrc00
2001:978:4::b,-8.408014,-48.468643,174,North America,NSP,rrc25
2001:de8:4::13:3210:1,-12.495439,-37.213684,133210,Asia,Content,rrc23
2001:de8:4::13:7409:1,-10.688757,-45.028923,137409,Oceania,Content,rrc23
2001:de8:4::19:9524:1,-6.342645,-41.74145,199524,Europe,Content,rrc23
2001:de8:4::1:4061:2,0.73517126,-40.416195,14061,North America,Content,rrc23
2001:de8:4::1:4907:1,4.3657346,-43.914803,14907,North America,Non-Profit,rrc23
2001:de8:4::1:8106:1,-1.5175339,-47.069504,18106,Asia,NSP,rrc23
2001:de8:4::3491:1,-7.3703136,-48.343998,3491,North America,NSP,rrc23
2001:de8:4::4775:1,6.113582,48.018333,4775,Asia,NSP,rrc23
2001:de8:4::5:8500:1,6.113582,48.018333,58500,Asia,Cable/DSL/ISP,rrc23
2001:de8:4::5:8952:1,-10.756377,-44.76814,58952,Asia,NSP,rrc23
2001:de8:4::714:1,6.113582,48.018333,714,North America,Content,rrc23
2001:de8:4::8075:1,6.113582,48.018333,8075,North America,Content,rrc23
2001:de8:4::8220:1,6.113582,48.018333,8220,Europe,NSP,rrc23
2001:de8:4::9930:1,6.113582,48.018333,9930,Asia,Cable/DSL/ISP,rrc23
2003:0:f000:4000::1,-2.0270782,-40.808605,3320,Europe,NSP,
202.249.2.169,-27.663057,12.390063,2497,Asia,NSP,rrc06
202.249.2.183,6.113582,48.018333,42,North America,Educational/Research,rrc06
202.249.2.185,-21.740608,8.732567,25152,Europe,Non-Profit,rrc06
202.249.2.20,-3.4987,-4.4115915,4777,Oceania,Non-Profit,
202.69.160.152,-30.97381,4.981991,17639,Asia,NSP,rrc00
203.119.104.1,-6.7088175,-0.5365873,4608,Oceania,Non-Profit,rrc00
203.123.48.6,-0.8494441,-5.645906,37989,Asia,Content,rrc00
208.51.134.248,-7.1931763,1.1218082,3549,North America,NSP,rrc00
208.80.153.193,-22.673164,10.709501,14907,North America,Non-Profit,rrc00
217.151.205.144,-12.576272,2.1005774,20514,Europe,Content,rrc00
217.29.66.10,-20.721863,11.057623,5602,Europe,Cable/DSL/ISP,rrc10
217.29.66.102,-31.562132,6.0658417,51185,Europe,,rrc10
217.29.66.120,-20.866491,-0.7232523,15605,Europe,Cable/DSL/ISP,rrc10
217.29.66.125,5.6004186,4.619911,6939,North America,NSP,rrc10
217.29.66.127,-20.44946,-0.8691787,49605,Europe,Cable/DSL/ISP,rrc10
217.29.66.131,6.113582,48.018333,32934,North America,Content,rrc10
217.29.66.138,-3.5520773,9.60544,60501,Europe,Cable/DSL/ISP,rrc10
217.29.66.158,-33.717884,5.2534833,24482,Asia,NSP,rrc10
217.29.66.183,6.113582,48.018333,21320,Europe,Educational/Research,rrc10
217.29.66.192,0.88833505,4.985702,202032,Europe,Cable/DSL/ISP,rrc10
217.29.66.216,12.02799,2.8102884,57463,Europe,Route Server,rrc10
217.29.66.218,6.113582,48.018333,203201,Europe,Cable/DSL/ISP,rrc10
217.29.66.219,0.858508,4.9357734,49709,Europe,Cable/DSL/ISP,rrc10
217.29.66.225,-20.96777,0.9765527,50877,Europe,Cable/DSL/ISP,rrc10
217.29.66.233,-5.45007,-2.8341727,8660,Europe,Content,rrc10
217.29.66.24,6.113582,48.018333,9026,Europe,NSP,rrc10
217.29.66.4,-13.474261,4.1719437,5396,Europe,Cable/DSL/ISP,rrc10
217.29.66.5,-12.082007,4.1376343,5392,Europe,NSP,rrc10
217.29.66.62,6.113582,48.018333,8816,Europe,Cable/DSL/ISP,rrc10
217.29.66.65,-29.04021,1.529467,12779,Europe,NSP,rrc10
217.29.66.68,18.524055,0.28181317,8220,Europe,NSP,rrc10
217.29.66.86,-21.09625,10.455457,12637,Europe,Content,rrc10
217.29.66.87,6.113582,48.018333,29449,Europe,NSP,rrc10
217.29.66.88,-22.221415,-1.3324618,20811,Europe,NSP,rrc10
217.29.67.12,6.113582,48.018333,51333,Europe,Cable/DSL/ISP,rrc10
217.29.67.13,-3.155241,-5.445143,57111,Europe,Cable/DSL/ISP,rrc10
217.29.67.24,-12.55844,3.5147731,199181,Europe,Cable/DSL/ISP,rrc10
217.29.67.36,6.113582,48.018333,62166,Europe,Cable/DSL/ISP,rrc10
217.29.67.51,-30.133528,6.7826586,41327,Europe,NSP,rrc10
217.29.67.54,-20.754393,11.194629,20912,Europe,Cable/DSL/ISP,rrc10
217.29.67.55,-20.73817,11.231498,199524,Europe,Content,rrc10
217.29.67.74,-7.5186653,0.793256,201333,Europe,NSP,rrc10
217.76.0.17,-2.2055032,-4.8451085,43733,Asia,Cable/DSL/ISP,rrc25
23.129.32.61,-1.1502601,-5.645191,49134,Europe,Educational/Research,rrc00
23.139.160.31,-15.430544,2.051212,26073,North America,Not Disclosed,rrc00
2401:d9c0::1,-19.340334,-36.306755,64271,North America,Enterprise,rrc24
2405:3200:0:23::,-2.1970804,-47.615154,17639,Asia,NSP,rrc00
2405:fc00::6,13.971298,-29.73975,37989,Asia,Content,rrc00
2406:840:eb89::1,1.8197123,-49.718006,140731,Asia,Educational/Research,rrc25
2406:f400:8:34::1,-11.4434805,-36.77928,38001,Asia,NSP,rrc00
2602:fed2:fc0:5e::1,-19.24621,-36.20736,49134,Europe,Educational/Research,rrc00
2604:fbc0:1:1::,15.9927225,-30.046967,13830,North America,Content,rrc00
2606:6d00:eb0::252,3.9431398,-37.42176,1403,North America,Cable/DSL/ISP,rrc00
2607:fad8::1:9,1.709255,-41.96665,22652,North America,NSP,rrc00
2620:0:860:ffff::2,3.0879984,-42.342724,14907,North America,Non-Profit,rrc00
27.111.228.107,6.113582,48.018333,714,North America,Content,rrc23
27.111.228.162,6.113582,48.018333,62955,North America,NSP,rrc23
27.111.228.170,6.113582,48.018333,136168,Asia,NSP,rrc23
27.111.228.186,-21.289324,13.413402,14907,North America,Non-Profit,rrc23
27.111.228.201,-21.386812,13.493718,14061,North America,Content,rrc23
27.111.228.222,-21.441792,13.534075,199524,Europe,Content,rrc23
27.111.228.226,6.113582,48.018333,4775,Asia,NSP,rrc23
27.111.228.43,-28.258562,12.315898,3491,North America,NSP,rrc23
27.111.228.46,6.113582,48.018333,9658,Asia,NSP,rrc23
27.111.228.57,6.113582,48.018333,8075,North America,Content,rrc23
27.111.228.6,-31.96042,5.3818045,18106,Asia,NSP,rrc23
27.111.229.109,-3.3869958,7.612322,58952,Asia,NSP,rrc23
27.111.229.123,18.829506,0.35647428,8220,Europe,NSP,rrc23
27.111.229.143,6.113582,48.018333,58500,Asia,Cable/DSL/ISP,rrc23
27.111.229.174,6.113582,48.018333,38496,Asia,NSP,rrc23
27.111.229.2,6.113582,48.018333,9930,Asia,Cable/DSL/ISP,rrc23
27.111.229.213,-33.385963,7.5760646,137409,Oceania,Content,rrc23
27.111.229.219,6.113582,48.018333,45896,Asia,NSP,rrc23
27.111.229.239,6.113582,48.018333,17639,Asia,NSP,rrc23
27.111.230.35,-6.985648,-0.6559823,133210,Asia,Content,rrc23
2800:40:0:3::,6.113582,48.018333,16814,South America,Cable/DSL/ISP,rrc24
2800:a0:401:c828:a2ca:2000::ca,-8.654558,-37.770786,6057,South America,Cable/DSL/ISP,
2803:3b80:1ee3:1000::1,7.8055005,44.433502,263702,South America,Enterprise,rrc24
2803:4dc0:50::1,-19.53622,-36.416153,265721,North America,Cable/DSL/ISP,rrc24
2803:a9e0::1,-19.936586,-36.605713,270014,South America,Cable/DSL/ISP,rrc24
2803:c0::1,-20.521088,-37.00041,264756,South America,Cable/DSL/ISP,
2803:cd60:1:1::1,-18.680971,-36.30568,64116,South America,,rrc24
2a00:1c10:10::8,-2.3806727,-41.15656,50300,Europe,NSP,rrc00
2a00:1ca8:2a::e0,-15.114056,-35.6249,202365,Asia,Cable/DSL/ISP,rrc00
2a00:1e68:112::1,-13.179398,-35.036503,42861,Europe,NSP,rrc00
2a00:1f28:0:1::2,-18.79203,-36.13561,43733,Asia,Cable/DSL/ISP,rrc25
2a00:5884::6,-12.674461,-35.99645,204092,Europe,Non-Profit,rrc00
2a01:360:0:6::2,-0.8120398,-47.79102,34549,Europe,NSP,rrc00
2a01:367:c1f2::82,-5.2069855,-42.78779,211954,Europe,Cable/DSL/ISP,
2a01:4f8:c17:ec87::310c:46de,-15.494264,-13.389466,44393,Europe,,rrc00
2a01:678::2,1.7684802,-36.823235,29608,Europe,Content,
2a02:20c8:1f::12,5.838729,-43.8932,50304,Europe,NSP,rrc00
2a02:38::2,19.857296,-25.518915,6881,Europe,Non-Profit,
2a02:47a0:a::1,-16.295113,-36.205685,49673,Europe,NSP,rrc00
2a02:ed03:ffff::1,8.682492,-29.752184,61292,Europe,NSP,rrc00
2a03:1b20:1:ff01::5,6.7686396,-46.30818,39351,Europe,NSP,
2a03:90c0:186::11a,13.689363,-29.416058,46997,North America,Not Disclosed,rrc24
2a03:94e0:ffff:185:181:60::126,11.147153,-30.580767,207564,Europe,Educational/Research,
2a06:1287:3308:cafe::1,-15.926753,-36.149258,206499,Europe,NSP,rrc00
2a06:e881:2000:7::1,7.600873,-45.72893,206313,Europe,Non-Profit,
2a07:1c44:3100::1,6.5581775,-45.363415,205593,Europe,Content,
2a07:4280:0:48::156,-19.018358,-36.248955,48147,Asia,Content,rrc00
2a07:59c6:ee00:9589::1,-20.437244,-36.94845,139589,Asia,Educational/Research,
2a07:a40::,16.50221,-28.45159,48821,Europe,Content,
2a09:4bc7:d021::,15.1245,-29.094887,131477,Asia,Enterprise,rrc00
2a09:4c0:100:5eb1::7ae9,-18.503016,-36.050385,60474,Europe,Content,rrc00
2a09:4c0:100:5eb1::7af2,13.70401,-29.079004,35619,,Educational/Research,rrc00
2a09:4c0:100:5eb1::7af5,6.113582,48.018333,47422,Europe,Route Server,rrc00
2a09:4c0:100:5eb1::7afb,15.475339,-33.185486,58057,Europe,NSP,rrc00
2a09:4c0:303:c232::5cfb,16.515764,-27.916605,58057,Europe,NSP,rrc00
2a09:d180::2,15.6465845,-29.294127,35710,Europe,NSP,rrc25
2a0a:3640:0:d::191,15.628038,-28.282011,29504,Europe,Non-Profit,rrc00
2a0b:3b00::4,-3.8219986,-39.751747,50628,Europe,NSP,rrc00
2a0b:5cc0:0:ffff::254,-15.958125,-36.091965,49432,Europe,NSP,rrc00
2a0b:a700:3::21,-20.516525,-36.9982,211722,Europe,Non-Profit,rrc25
2a0b:cbc0:2::1,-14.073731,-36.398502,57199,Europe,Non-Profit,rrc00
2a0c:9a40:1009::1,17.162926,-26.691095,34927,Europe,NSP,rrc00
2a0c:9a40:1038::1,12.837827,-29.957294,34927,Europe,NSP,rrc00
2a0c:9a40:1::612,15.983901,-28.679197,49752,Europe,Educational/Research,rrc00
2a0c:b640:ffff::28:99:112:120,8.110744,-45.10881,34872,Europe,Enterprise,
2a0c:b641:402::1,-0.81030774,-6.990311,208709,Europe,Educational/Research,
2a0c:b642:fc0::1,15.392493,-26.936163,34854,Europe,NSP,rrc00
2a0d:f407:101:dead::1,-14.538112,-36.21899,205148,Europe,Educational/Research,rrc00
2a0e:8f02:2000::6,17.22599,-28.475298,213045,Europe,Educational/Research,
2a0e:fd40:1::1,17.954176,-30.515491,44103,Europe,NSP,rrc00
2c0f:ee00::98:210,-4.3637934,-48.43145,37721,Africa,Cable/DSL/ISP,rrc00
2c0f:fa90:200:3:6::e,2.4290788,-42.23266,37271,Africa,NSP,rrc19
31.169.49.228,-15.235539,6.4742994,50304,Europe,NSP,rrc00
37.49.232.54,13.476748,1.5184948,8966,Asia,NSP,rrc21
37.49.232.7,-23.572302,5.8647265,8218,Europe,NSP,rrc21
37.49.236.1,-23.572565,5.864362,8218,Europe,NSP,rrc21
37.49.236.117,6.113582,48.018333,57119,Europe,NSP,
37.49.236.123,-20.871937,0.33908936,198290,Europe,Network Services,rrc21
37.49.236.145,6.113582,48.018333,49463,Europe,Enterprise,rrc21
37.49.236.15,-16.663887,2.4262009,204355,Europe,Cable/DSL/ISP,
37.49.236.156,-26.717678,3.322497,15547,Europe,Cable/DSL/ISP,rrc21
37.49.236.172,-9.492387,-2.4019434,58308,Europe,Content,rrc21
37.49.236.177,-29.046116,1.5078858,12779,Europe,NSP,rrc21
37.49.236.178,13.473453,1.5150197,8966,Asia,NSP,rrc21
37.49.236.205,-29.299122,2.3143063,29075,Europe,NSP,rrc21
37.49.236.228,-32.60256,5.243807,24482,Asia,NSP,rrc21
37.49.236.239,6.113582,48.018333,60171,Europe,NSP,rrc21
37.49.236.240,6.113582,48.018333,43100,Europe,Non-Profit,rrc21
37.49.236.246,-1.9426692,-5.3616858,2613,Europe,Non-Profit,rrc21
37.49.236.249,-13.873242,3.4851592,49434,Europe,NSP,rrc21
37.49.236.27,-2.9809322,7.5750103,57199,Europe,Non-Profit,rrc21
37.49.236.32,-26.838219,2.9073446,34177,Europe,Cable/DSL/ISP,rrc21
37.49.236.34,-8.635036,-3.588764,35360,Europe,Non-Profit,rrc21
37.49.236.36,-26.364202,3.0264382,16347,Europe,Cable/DSL/ISP,rrc21
37.49.236.55,-8.542313,-4.7512617,35600,Europe,Enterprise,rrc21
37.49.236.58,18.662865,0.81350553,8220,Europe,NSP,rrc21
37.49.236.61,-25.862879,6.0789905,8426,Europe,Cable/DSL/ISP,rrc21
37.49.236.71,-25.761375,-2.331114,34019,Europe,Non-Profit,rrc21
37.49.236.89,1.5219532,50.609543,15830,Europe,NSP,rrc21
37.49.236.97,-12.931823,3.8991296,41157,Europe,Content,rrc21
37.49.237.143,-17.965862,3.8620996,50628,Europe,NSP,rrc21
37.49.237.175,-21.71389,10.588514,199524,Europe,Content,rrc21
37.49.237.176,3.1077552,52.37736,714,North America,Content,rrc21
37.49.237.180,11.809991,2.6945202,6461,North America,NSP,rrc21
37.49.237.194,-15.844164,-13.678702,204708,Europe,Non-Profit,rrc21
37.49.237.228,-13.243405,3.2906525,39533,Europe,NSP,rrc21
37.49.237.231,-13.168821,5.9333806,35426,Europe,Content,rrc21
37.49.237.239,-2.8405287,7.801879,37721,Africa,Cable/DSL/ISP,rrc21
37.49.237.46,-30.358856,6.6267824,56665,Europe,Cable/DSL/ISP,rrc21
37.49.237.83,-24.775826,1.1052353,25091,Europe,NSP,rrc21
38.19.140.162,-12.880969,2.4835982,54574,North America,NSP,
43.251.115.197,-7.787771,0.4705938,132825,Oceania,NSP,rrc00
45.116.179.212,-9.540461,-0.13367207,55720,Asia,Content,
45.134.89.1,1.8738042,4.690837,34927,Europe,NSP,rrc00
45.14.68.30,3.1269162,50.62414,139589,Asia,Educational/Research,rrc00
45.14.68.69,-5.9616957,-2.564424,206499,Europe,NSP,rrc00
45.146.4.16,-8.457699,-2.5317776,44103,Europe,NSP,rrc00
45.154.96.254,-0.8101828,-6.990275,208709,Europe,Educational/Research,
45.183.45.1,-15.382604,-13.36184,64116,South America,,rrc24
45.61.0.85,-16.163958,4.624415,22652,North America,NSP,rrc00
45.65.244.1,-2.3704667,-4.7684097,265721,North America,Cable/DSL/ISP,rrc24
49.12.70.222,-15.4942665,-13.389463,44393,Europe,,rrc00
5.178.95.254,-12.281689,0.47575927,59919,Europe,Cable/DSL/ISP,rrc00
5.188.4.211,0.112190194,-6.8484282,46997,North America,Not Disclosed,rrc24
5.255.90.109,-4.2477665,-4.9736943,202365,Asia,Cable/DSL/ISP,rrc00
5.57.80.113,-8.540265,1.3302333,15692,Europe,NSP,rrc01
5.57.80.146,7.5792913,55.087147,49375,Europe,Cable/DSL/ISP,rrc01
5.57.80.165,7.5792913,55.087147,35313,Asia,NSP,rrc01
5.57.80.174,-12.639327,8.390659,28792,Europe,Cable/DSL/ISP,rrc01
5.57.80.210,-23.572744,5.8641844,8218,Europe,NSP,rrc01
5.57.81.174,7.5792913,55.087147,34790,Europe,Cable/DSL/ISP,rrc01
5.57.81.186,-13.644408,4.358451,6894,Europe,NSP,rrc01
5.57.81.21,-20.115244,11.974084,6908,Europe,NSP,rrc01
5.57.81.216,-15.090968,5.223122,35266,Europe,NSP,rrc01
5.57.81.253,7.5792913,55.087147,59816,Europe,NSP,rrc01
5.57.81.57,7.5792913,55.087147,714,North America,Content,rrc01
5.57.81.76,-12.982728,1.2890627,36924,Africa,Cable/DSL/ISP,rrc01
64.246.96.5,-16.460094,2.8754098,20205,North America,Cable/DSL/ISP,rrc00
72.22.223.9,-5.4330573,-3.9868798,11708,North America,Cable/DSL/ISP,rrc00
79.143.241.12,2.6779635,3.5089633,29608,Europe,Content,
80.249.208.104,7.5792913,55.087147,3292,Europe,Cable/DSL/ISP,rrc03
80.249.208.106,-27.106936,11.684593,6830,Europe,Cable/DSL/ISP,rrc03
80.249.208.107,7.5792913,55.087147,20495,Europe,NSP,rrc03
80.249.208.111,-27.402336,3.8634841,30132,North America,Not Disclosed,rrc03
80.249.208.112,7.5792913,55.087147,41327,Europe,NSP,rrc03
80.249.208.116,7.5792913,55.087147,6730,Europe,Cable/DSL/ISP,rrc03
80.249.208.122,6.677424,5.4387393,6461,North America,NSP,rrc03
80.249.208.126,7.5792913,55.087147,24875,Europe,Content,rrc03
80.249.208.149,-21.850735,10.397125,15435,Europe,Cable/DSL/ISP,rrc03
80.249.208.160,7.5792913,55.087147,5466,Europe,Cable/DSL/ISP,rrc03
80.249.208.162,7.5792913,55.087147,49544,Europe,NSP,rrc03
80.249.208.165,7.5792913,55.087147,12414,Europe,Cable/DSL/ISP,rrc03
80.249.208.171,7.5792913,55.087147,15703,Europe,NSP,rrc03
80.249.208.180,7.5792913,55.087147,9031,Europe,NSP,rrc03
80.249.208.189,-0.36094567,8.380355,20562,Europe,NSP,rrc03
80.249.208.200,-20.025421,-0.5098721,12859,Europe,NSP,rrc03
80.249.208.208,8.04903,4.814172,12956,Europe,Cable/DSL/ISP,rrc03
80.249.208.209,-20.947433,11.473931,51088,Europe,NSP,rrc03
80.249.208.215,7.5792913,55.087147,16265,Europe,Content,rrc03
80.249.208.233,7.5792913,55.087147,31027,Europe,NSP,rrc03
80.249.208.236,18.662865,0.81350553,8220,Europe,NSP,rrc03
80.249.208.250,7.5792913,55.087147,42,North America,Educational/Research,rrc03
80.249.208.34,-28.366152,2.2860324,1103,Europe,Educational/Research,rrc03
80.249.208.49,-18.980986,9.938389,1140,Europe,Non-Profit,rrc03
80.249.208.51,7.5792913,55.087147,8708,Europe,Cable/DSL/ISP,rrc03
80.249.208.66,7.5792913,55.087147,5583,Europe,Not Disclosed,rrc03
80.249.208.87,14.85392,1.4374744,6774,Europe,NSP,rrc03
80.249.208.95,7.5792913,55.087147,5413,Europe,Cable/DSL/ISP,rrc03
80.249.209.104,7.5792913,55.087147,5524,Europe,Cable/DSL/ISP,rrc03
80.249.209.115,7.5792913,55.087147,32934,North America,Content,rrc03
80.249.209.119,7.5792913,55.087147,13101,Europe,Cable/DSL/ISP,rrc03
80.249.209.145,-20.116247,11.971698,6908,Europe,NSP,rrc03
80.249.209.150,5.600389,4.61994,6939,North America,NSP,rrc03
80.249.209.164,7.5792913,55.087147,32934,North America,Content,rrc03
80.249.209.167,-28.832235,11.428518,6453,North America,NSP,rrc03
80.249.209.17,7.5792913,55.087147,12779,Europe,NSP,rrc03
80.249.209.176,-27.424982,3.652922,14907,North America,Non-Profit,rrc03
80.249.209.255,-1.5896168,8.58859,3214,Europe,Cable/DSL/ISP,rrc03
80.249.209.53,-23.57244,5.8642783,8218,Europe,NSP,rrc03
80.249.209.74,7.5792913,55.087147,21263,Europe,Cable/DSL/ISP,rrc03
80.249.209.89,13.476748,1.518495,8966,Asia,NSP,rrc03
80.249.210.134,-25.763067,-2.331025,34019,Europe,Non-Profit,rrc03
80.249.210.137,7.5792913,55.087147,21320,Europe,Educational/Research,rrc03
80.249.210.150,-27.834991,4.7086,199524,Europe,Content,rrc03
80.249.210.153,-32.559834,5.2694864,24482,Asia,NSP,rrc03
80.249.210.156,-14.686133,5.936437,6233,North America,Non-Profit,rrc03
80.249.210.163,-27.867058,3.2286015,51185,Europe,,rrc03
80.249.210.189,-0.43235928,8.836304,37721,Africa,Cable/DSL/ISP,rrc03
80.249.210.208,-21.614565,0.18255424,29467,Europe,NSP,rrc03
80.249.210.70,-21.19989,0.93145055,50673,Europe,Enterprise,rrc03
80.249.210.78,-31.510704,5.849508,59605,Asia,NSP,rrc03
80.249.210.85,-30.023846,2.3410075,25160,Europe,NSP,rrc03
80.249.210.89,7.5792913,55.087147,31042,Europe,NSP,rrc03
80.249.210.99,-10.259226,-5.073359,50763,Europe,Content,rrc03
80.249.211.160,7.5792913,55.087147,714,North America,Content,rrc03
80.249.211.161,-21.146389,0.467792,8283,Europe,Non-Profit,rrc03
80.249.211.198,7.5792913,55.087147,6866,Asia,Cable/DSL/ISP,rrc03
80.249.211.217,-28.324627,3.8172925,8455,Europe,NSP,rrc03
80.249.211.237,-19.845737,9.850353,199938,Europe,NSP,rrc03
80.249.211.82,7.5792913,55.087147,200020,Europe,NSP,rrc03
80.249.213.102,-27.198925,1.5381172,47147,Europe,NSP,rrc03
80.249.213.107,-9.088221,-7.1740613,60501,Europe,Cable/DSL/ISP,rrc03
80.249.213.136,7.5792913,55.087147,44684,Europe,Content,rrc03
80.249.214.179,7.5792913,55.087147,199181,Europe,Cable/DSL/ISP,rrc03
80.67.167.1,-2.9806514,7.5750694,57199,Europe,Non-Profit,rrc00
80.77.16.114,-24.63116,1.0568626,34549,Europe,NSP,rrc00
80.81.192.100,7.5792913,55.087147,9063,Europe,NSP,rrc12
80.81.192.11,7.5792913,55.087147,5413,Europe,Cable/DSL/ISP,rrc12
80.81.192.113,13.809534,2.728066,35320,Europe,NSP,rrc12
80.81.192.121,-29.86301,6.936792,1239,North America,NSP,rrc12
80.81.192.123,12.637746,53.08943,8560,Europe,NSP,rrc12
80.81.192.13,-23.571991,5.864704,8218,Europe,NSP,rrc12
80.81.192.138,7.5792913,55.087147,15600,Europe,Cable/DSL/ISP,rrc12
80.81.192.162,-27.898758,1.8639245,24961,Europe,Content,rrc12
80.81.192.168,7.5792913,55.087147,20940,Europe,Content,rrc12
80.81.192.172,5.478509,4.8871417,6939,North America,NSP,rrc12
80.81.192.173,7.5792913,55.087147,21320,Europe,Educational/Research,rrc12
80.81.192.175,-27.05982,2.292988,553,Europe,Educational/Research,rrc12
80.81.192.187,13.33077,2.5549185,33891,Europe,NSP,rrc12
80.81.192.191,15.597876,4.3020105,8551,Asia,Cable/DSL/ISP,rrc12
80.81.192.194,-28.488827,12.251308,6762,Europe,NSP,rrc12
80.81.192.207,7.5792913,55.087147,12713,Europe,NSP,rrc12
80.81.192.222,-21.91432,10.550966,680,Europe,Educational/Research,rrc12
80.81.192.228,13.476748,1.5184948,8966,Asia,NSP,rrc12
80.81.192.231,-9.106364,-5.794435,57695,North America,NSP,rrc12
80.81.192.244,-20.116077,11.972213,6908,Europe,NSP,rrc12
80.81.192.250,7.5792913,55.087147,21263,Europe,Cable/DSL/ISP,rrc12
80.81.192.28,7.5792913,55.087147,20940,Europe,Content,rrc12
80.81.192.3,7.5792913,55.087147,21473,Europe,Cable/DSL/ISP,rrc12
80.81.192.46,-28.812975,11.413884,2914,North America,NSP,rrc12
80.81.192.49,7.5792913,55.087147,5430,Europe,NSP,rrc12
80.81.192.52,7.5792913,55.087147,60169,Europe,NSP,rrc12
80.81.192.6,7.5792913,55.087147,8365,Europe,Educational/Research,rrc12
80.81.192.61,18.877544,0.67421067,8220,Europe,NSP,rrc12
80.81.192.69,7.5792913,55.087147,8447,Europe,Cable/DSL/ISP,rrc12
80.81.192.78,13.405176,2.788026,8359,Europe,Cable/DSL/ISP,rrc12
80.81.192.79,7.5792913,55.087147,21385,Europe,NSP,rrc12
80.81.192.83,7.5792913,55.087147,13101,Europe,Cable/DSL/ISP,rrc12
80.81.192.87,7.5792913,55.087147,8708,Europe,Cable/DSL/ISP,rrc12
80.81.193.139,-20.9553,-1.2070689,48362,Europe,Cable/DSL/ISP,rrc12
80.81.193.141,-27.952007,2.381103,14061,North America,Content,rrc12
80.81.193.145,-25.762701,-2.3312051,34019,Europe,Non-Profit,rrc12
80.81.193.153,7.5792913,55.087147,6866,Asia,Cable/DSL/ISP,rrc12
80.81.193.18,-33.716885,5.2531176,24482,Asia,NSP,rrc12
80.81.193.194,-22.052496,0.22778577,48919,Europe,Cable/DSL/ISP,rrc12
80.81.193.252,-28.688856,2.3527243,199524,Europe,Content,rrc12
80.81.193.61,18.907724,0.53207105,8220,Europe,NSP,rrc12
80.81.193.65,-12.648328,-3.4937434,51184,Europe,Cable/DSL/ISP,rrc12
80.81.194.100,-27.43068,1.6918705,47692,Europe,NSP,rrc12
80.81.194.119,-27.568727,3.3990445,34288,Europe,Educational/Research,rrc12
80.81.194.131,-22.35244,-1.323691,20811,Europe,NSP,rrc12
80.81.194.140,-22.209467,-1.3851833,25220,Europe,Content,rrc12
80.81.194.186,-29.139023,1.7798084,12779,Europe,NSP,rrc12
80.81.194.190,7.5792913,55.087147,31042,Europe,NSP,rrc12
80.81.194.213,-1.7861409,8.789834,3214,Europe,Cable/DSL/ISP,rrc12
80.81.194.215,7.5792913,55.087147,42708,Europe,NSP,rrc12
80.81.194.26,6.5784445,5.7954926,6461,North America,NSP,rrc12
80.81.194.40,7.5792913,55.087147,32934,North America,Content,rrc12
80.81.194.45,-12.162243,-3.874933,205112,Europe,NSP,rrc12
80.81.194.59,-21.390081,-1.258014,29140,Europe,Content,rrc12
80.81.194.79,7.5792913,55.087147,31027,Europe,NSP,rrc12
80.81.194.83,13.57841,2.6110446,50384,Europe,NSP,rrc12
80.81.195.14,-9.088224,-7.1740627,60501,Europe,Cable/DSL/ISP,rrc12
80.81.195.143,-31.56672,6.0819426,51185,Europe,,rrc12
80.81.195.146,-0.74953675,-7.4439363,209102,Europe,,rrc12
80.81.195.166,-27.52449,1.1593975,47147,Europe,NSP,rrc12
80.81.195.171,-11.818571,-3.8710387,64475,Europe,Non-Profit,rrc12
80.81.195.178,-10.081596,-4.2120442,206356,Europe,Non-Profit,rrc12
80.81.195.219,-11.071584,-4.2973523,58057,Europe,NSP,rrc12
80.81.195.241,-12.150668,-3.2225382,49697,Europe,Educational/Research,rrc12
80.81.195.252,8.583183,58.848995,18403,Asia,Cable/DSL/ISP,rrc12
80.81.195.35,-12.949247,-2.9687417,35710,Europe,NSP,rrc12
80.81.195.40,7.5792913,55.087147,32934,North America,Content,rrc12
80.81.195.98,-18.958088,1.281923,6233,North America,Non-Profit,rrc12
80.81.196.120,-2.3616688,8.940869,37721,Africa,Cable/DSL/ISP,rrc12
80.81.196.146,7.5792913,55.087147,41327,Europe,NSP,rrc12
80.81.196.156,-21.040585,-0.05831827,34927,Europe,NSP,rrc12
80.81.196.189,-22.381935,0.5665074,21412,Europe,Cable/DSL/ISP,rrc12
80.81.196.197,-22.681847,0.46608502,58299,Europe,NSP,rrc12
80.81.196.225,-9.86326,-4.4306273,213151,Europe,Educational/Research,rrc12
80.81.196.239,7.5792913,55.087147,59890,Europe,Cable/DSL/ISP,rrc12
80.81.196.241,-1.8656888,8.974448,206499,Europe,NSP,
86.104.125.1,6.1669626,4.612423,39107,Europe,Route Server,rrc22
86.104.125.108,4.013332,2.2457316,33823,Europe,Cable/DSL/ISP,rrc22
86.104.125.113,1.742348,3.7143862,35505,Europe,Cable/DSL/ISP,rrc22
86.104.125.130,11.348491,50.729973,8075,North America,Content,rrc22
86.104.125.132,7.5792913,55.087147,203929,Europe,Cable/DSL/ISP,rrc22
86.104.125.145,3.1462758,2.9351833,3233,Europe,Enterprise,rrc22
86.104.125.156,1.5245911,3.342746,48571,Europe,Content,rrc22
86.104.125.167,11.348491,50.729973,6830,Europe,Cable/DSL/ISP,
86.104.125.170,2.4926538,3.3868701,203574,Europe,Cable/DSL/ISP,rrc22
86.104.125.47,2.2654936,3.0648973,39668,Europe,Cable/DSL/ISP,rrc22
86.104.125.53,-6.9460683,-3.783024,57050,Europe,Enterprise,
86.104.125.59,-5.8831306,-3.1478453,56430,Europe,Content,rrc22
86.104.125.66,4.1066103,2.1468418,35267,Europe,Cable/DSL/ISP,rrc22
86.104.125.67,11.348491,50.729973,10310,North America,Content,rrc22
86.104.125.81,3.0843046,3.0366626,31554,Europe,NSP,rrc22
86.104.125.93,-12.824854,3.8042173,31313,Europe,NSP,rrc22
86.104.125.97,18.358507,0.53313327,8220,Europe,NSP,rrc22
89.234.186.6,-12.030434,1.9821666,204092,Europe,Non-Profit,rrc00
91.132.202.2,-12.932787,-3.0258415,35710,Europe,NSP,rrc25
91.206.52.103,-5.977266,-2.2515163,196621,Europe,Educational/Research,rrc20
91.206.52.109,-20.34023,0.22063322,198385,Europe,NSP,rrc20
91.206.52.115,6.578338,5.7943907,6461,North America,NSP,rrc20
91.206.52.116,-23.572208,5.8645477,8218,Europe,NSP,rrc20
91.206.52.117,-24.732738,1.1234969,25091,Europe,NSP,rrc20
91.206.52.126,-15.528768,-13.373106,20612,Europe,Non-Profit,rrc20
91.206.52.127,-15.528702,-13.373099,20612,Europe,Non-Profit,rrc20
91.206.52.130,-22.667568,0.46761686,58299,Europe,NSP,rrc20
91.206.52.141,-4.085819,-5.0392923,59891,Europe,Content,rrc20
91.206.52.149,-26.838625,3.3615005,15547,Europe,Cable/DSL/ISP,rrc20
91.206.52.15,-21.390627,9.432834,15623,Europe,,rrc20
91.206.52.157,-8.099575,-2.9829025,48550,Europe,Content,rrc20
91.206.52.17,-18.313066,1.3214854,31424,Europe,NSP,rrc20
91.206.52.172,18.596249,0.81121045,8220,Europe,NSP,rrc20
91.206.52.177,-13.131934,1.594907,58057,Europe,NSP,rrc20
91.206.52.180,-21.745794,1.4201958,62167,Europe,NSP,rrc20
91.206.52.197,-16.30264,2.7396648,51873,Europe,NSP,rrc20
91.206.52.205,-33.717884,5.253484,24482,Asia,NSP,rrc20
91.206.52.216,1.0643611,4.6027837,202032,Europe,Cable/DSL/ISP,rrc20
91.206.52.219,-3.5520551,9.604588,60501,Europe,Cable/DSL/ISP,rrc20
91.206.52.233,-25.761406,-2.3311777,34019,Europe,Non-Profit,rrc20
91.206.52.236,-19.044252,0.12926033,34927,Europe,NSP,rrc20
91.206.52.246,-7.847549,-3.213423,51786,Europe,Content,rrc20
91.206.52.32,-9.050036,-2.040338,21232,Europe,Cable/DSL/ISP,rrc20
91.206.52.38,-16.090754,3.8144605,59890,Europe,Cable/DSL/ISP,rrc20
91.206.52.40,-20.95381,-1.0832919,48362,Europe,Cable/DSL/ISP,rrc20
91.206.52.5,-27.547483,1.132581,47147,Europe,NSP,rrc20
91.206.52.57,-12.648181,-3.493744,51184,Europe,Cable/DSL/ISP,rrc20
91.206.52.60,-14.537281,1.0062095,202194,Europe,Enterprise,rrc20
91.206.52.68,-7.6320624,-3.5736349,12307,Europe,Content,rrc20
91.206.52.9,-14.2051,2.0829892,29691,Europe,Content,rrc20
91.206.52.90,-13.649742,1.8267677,59414,Europe,Content,rrc20
91.206.52.94,11.348491,50.729973,1836,Europe,Cable/DSL/ISP,rrc20
91.206.53.12,-13.1706,-3.2485974,50869,Europe,Network Services,rrc20
91.212.242.251,-6.4452777,-3.5465772,49420,Europe,NSP,
93.159.141.1,-8.367202,-1.6461059,49102,Europe,NSP,rrc00
93.159.187.1,-6.1629405,-1.2787699,205148,Europe,Educational/Research,rrc00
94.177.122.233,-1.2595452,-5.519175,60474,Europe,Content,rrc00
94.177.122.242,-1.2595085,-5.5193067,35619,,Educational/Research,rrc00
94.177.122.245,7.5792913,55.087147,47422,Europe,Route Server,rrc00
94.177.122.251,-13.110197,1.6156482,58057,Europe,NSP,rrc00
94.247.111.254,-3.933287,-4.905658,49673,Europe,NSP,rrc00
97.107.176.1,3.496094,52.604782,6391,North America,NSP,rrc00
