,sampled_20_0th_set,sampled_50_0th_set,sampled_100_0th_set,sampled_20_1th_set,sampled_50_1th_set,sampled_100_1th_set,sampled_20_2th_set,sampled_50_2th_set,sampled_100_2th_set,sampled_20_3th_set,sampled_50_3th_set,sampled_100_3th_set,sampled_20_4th_set,sampled_50_4th_set,sampled_100_4th_set,sampled_20_5th_set,sampled_50_5th_set,sampled_100_5th_set,sampled_20_6th_set,sampled_50_6th_set,sampled_100_6th_set,sampled_20_7th_set,sampled_50_7th_set,sampled_100_7th_set,sampled_20_8th_set,sampled_50_8th_set,sampled_100_8th_set,sampled_20_9th_set,sampled_50_9th_set,sampled_100_9th_set,sampled_20_10th_set,sampled_50_10th_set,sampled_100_10th_set,sampled_20_11th_set,sampled_50_11th_set,sampled_100_11th_set,sampled_20_12th_set,sampled_50_12th_set,sampled_100_12th_set,sampled_20_13th_set,sampled_50_13th_set,sampled_100_13th_set,sampled_20_14th_set,sampled_50_14th_set,sampled_100_14th_set,sampled_20_15th_set,sampled_50_15th_set,sampled_100_15th_set,sampled_20_16th_set,sampled_50_16th_set,sampled_100_16th_set,sampled_20_17th_set,sampled_50_17th_set,sampled_100_17th_set,sampled_20_18th_set,sampled_50_18th_set,sampled_100_18th_set,sampled_20_19th_set,sampled_50_19th_set,sampled_100_19th_set,sampled_20_20th_set,sampled_50_20th_set,sampled_100_20th_set,sampled_20_21th_set,sampled_50_21th_set,sampled_100_21th_set,sampled_20_22th_set,sampled_50_22th_set,sampled_100_22th_set,sampled_20_23th_set,sampled_50_23th_set,sampled_100_23th_set,sampled_20_24th_set,sampled_50_24th_set,sampled_100_24th_set,sampled_20_25th_set,sampled_50_25th_set,sampled_100_25th_set,sampled_20_26th_set,sampled_50_26th_set,sampled_100_26th_set,sampled_20_27th_set,sampled_50_27th_set,sampled_100_27th_set,sampled_20_28th_set,sampled_50_28th_set,sampled_100_28th_set,sampled_20_29th_set,sampled_50_29th_set,sampled_100_29th_set,sampled_20_30th_set,sampled_50_30th_set,sampled_100_30th_set,sampled_20_31th_set,sampled_50_31th_set,sampled_100_31th_set,sampled_20_32th_set,sampled_50_32th_set,sampled_100_32th_set,sampled_20_33th_set,sampled_50_33th_set,sampled_100_33th_set,sampled_20_34th_set,sampled_50_34th_set,sampled_100_34th_set,sampled_20_35th_set,sampled_50_35th_set,sampled_100_35th_set,sampled_20_36th_set,sampled_50_36th_set,sampled_100_36th_set,sampled_20_37th_set,sampled_50_37th_set,sampled_100_37th_set,sampled_20_38th_set,sampled_50_38th_set,sampled_100_38th_set,sampled_20_39th_set,sampled_50_39th_set,sampled_100_39th_set,sampled_20_40th_set,sampled_50_40th_set,sampled_100_40th_set,sampled_20_41th_set,sampled_50_41th_set,sampled_100_41th_set,sampled_20_42th_set,sampled_50_42th_set,sampled_100_42th_set,sampled_20_43th_set,sampled_50_43th_set,sampled_100_43th_set,sampled_20_44th_set,sampled_50_44th_set,sampled_100_44th_set,sampled_20_45th_set,sampled_50_45th_set,sampled_100_45th_set,sampled_20_46th_set,sampled_50_46th_set,sampled_100_46th_set,sampled_20_47th_set,sampled_50_47th_set,sampled_100_47th_set,sampled_20_48th_set,sampled_50_48th_set,sampled_100_48th_set,sampled_20_49th_set,sampled_50_49th_set,sampled_100_49th_set
RIR region,0.0604999591583751,0.04028629310177666,0.028798720088088352,0.1395320723580407,0.04536879462925765,0.0300157938113418,0.04153194712077564,0.03037373516391258,0.02917452373519997,0.051664226560763866,0.03188316996630765,0.030005811423992498,0.2387169424840242,0.07307530548368607,0.04292213059863374,0.022068285250688522,0.015945100903364533,0.027644854091174984,0.037198817831381605,0.18431035822723243,0.040248659190879214,0.15446196193403833,0.044631488122107155,0.027746350578039838,0.02880611819546418,0.041423828003810524,0.03528805617301494,0.016422978103435206,0.049638359905531365,0.027908723542374208,0.06688902925314329,0.04655597618105649,0.04206997372913647,0.022171008505212003,0.04778586050305719,0.02249033601144489,0.10691383928588163,0.030745489650144255,0.019236479483881217,0.030460376754831493,0.015812824676753788,0.022637937304313554,0.0321851319455303,0.069050878238101,0.029294154018938517,0.026595086175143463,0.042241657743203334,0.028412361981220217,0.07735929706426899,0.06538164526781085,0.014346377492924969,0.051664226560763866,0.05383131644551777,0.05063277326495541,0.03595915043511606,0.026487779754708004,0.033713992720051766,0.2727078420963565,0.030149249159244426,0.017415656819457507,0.04629255389452261,0.030804310422864287,0.014230213749372162,0.04784051905881346,0.0481109685258816,0.043767991313746715,0.19928159784212973,0.0263674054647308,0.032123399360607104,0.030066625835022988,0.0210061645478956,0.02318101311433364,0.09171843121058972,0.055416350713538516,0.04689129139897644,0.05413010439650781,0.054021032871794016,0.020302764400812107,0.02090378255467519,0.02927537726506094,0.03601508892667063,0.07047544060991422,0.042241657743203334,0.027500159036383996,0.05226177616381639,0.06897828281027676,0.026676487712945608,0.2550041384799424,0.034672598473555895,0.0202850612505864,0.17419268589296874,0.03324322873337984,0.02287474623380593,0.030066625835022988,0.03383838274256347,0.034840547358764996,0.06263100853516403,0.04292935757703315,0.030103410313028354,0.036945738719277275,0.034415002212520154,0.03546215941229371,0.04629255389452261,0.04279123283879645,0.024783220784497732,0.17081367214290263,0.08377328288390322,0.04761918361588535,0.03815293337070952,0.07387452607813463,0.013137788610543967,0.02192700531120989,0.03438271209981241,0.019130555532708503,0.1992792136273425,0.03953197462950738,0.009031568864134781,0.040029564020280496,0.03928595160476994,0.024407529272073233,0.032998575677154036,0.04840391751682941,0.03337718225301322,0.05409763709154242,0.03921879828572285,0.010518606612219468,0.1987525009142429,0.02142447109643156,0.026824799524376178,0.10186203613560461,0.052746926309030634,0.03961660216843958,0.004867820513158141,0.015046112987765812,0.02647151688532426,0.032998575677154036,0.044821592909745876,0.04107902743729514,0.13195218036284945,0.02569230016345554,0.030435189356261525,0.03548729301273653,0.022204266727565324,0.03965179364863507,0.0536208462741208,0.016998442549401617,0.022897074660377763,0.039877688561408324,0.03411598458087932,0.032571159930692054
Location (country),0.5111970841048983,0.3608154653577185,0.292803614183353,0.4350548601108649,0.33304906305592924,0.24600926987363014,0.3857636755185428,0.3426719467649918,0.2825631328689179,0.4271240728047331,0.4023031357984323,0.2646599629640829,0.5543065890228374,0.3782764861751372,0.3066103786999731,0.47314482874571767,0.34292982269411565,0.31141378891855714,0.44860622470359235,0.37958822747745513,0.3185275135789336,0.4455148190408083,0.40860011519046513,0.2798922772110011,0.4459381990074012,0.34383139719424927,0.30041399801525925,0.41188807586469595,0.35792101398427245,0.31226884254656073,0.46718187755110435,0.3517486841251465,0.314727665646169,0.5214267378753794,0.3242160633971061,0.2709332373650219,0.552839299733602,0.3142471582233015,0.2654936609330213,0.4865112542696678,0.31786631759526884,0.2972571865108763,0.5053592807197362,0.34964314143625014,0.3063118243493128,0.4660269924501157,0.3809289865783118,0.26002473607910026,0.5327985238330866,0.3508946225764006,0.2730310372230787,0.4812355228273723,0.390444713645824,0.2989602326110472,0.42540838800116765,0.3022720861192811,0.2863412720945725,0.666449479928289,0.28404860498835083,0.2647340999885473,0.47355685097137284,0.3907990983393301,0.2727224377238992,0.49605119679410686,0.3673579100821289,0.29789901914303946,0.4947598428253642,0.30475706296706867,0.27654694043256733,0.5346411643702234,0.337075243192665,0.2748050216270971,0.4315561306276307,0.3573217216132475,0.2824125869508947,0.48187712555848833,0.3413989079286294,0.3305128660530018,0.5104523267712503,0.3254472841295567,0.3051626115769566,0.45450057507210373,0.33267408427380796,0.30031507124521456,0.4243200589127098,0.3700828967421418,0.2911446840381343,0.49959319205224045,0.31799782604038795,0.30949160413200677,0.42094657175844136,0.35938781197939623,0.2897880929366536,0.41738408288160833,0.3382573265803053,0.30876246034556537,0.40451119736509544,0.36669792932449824,0.27703648416423543,0.5076701635356766,0.32097217118261134,0.2642248274895133,0.45645051007640497,0.309389153171106,0.2766798359363923,0.448718838007866,0.4069403695937049,0.2752027665714216,0.5100953099111089,0.36134522842293676,0.2657342237506468,0.4534845015358171,0.35756666519941477,0.2715001669433671,0.4625471983810829,0.36982333528074746,0.2490087361096885,0.5205917665386012,0.3882768934420365,0.2789037079501162,0.4685723466454731,0.3238226008016903,0.3074623088494298,0.48279352396311576,0.35347959614832464,0.2881838822156174,0.4487113912523681,0.32467257545007866,0.31585237499350793,0.5379764732500474,0.3473517674500571,0.28900244895516214,0.43607648946864375,0.3480085462841157,0.31016430477750767,0.38382907227537083,0.3718682060776602,0.33227523603513603,0.6119629880864339,0.36361751556816013,0.2982540302811263,0.39274718572572104,0.36539417347312025,0.31506041503738896,0.495970766739231,0.3262630792864595,0.27018606220085667,0.44336861105526476,0.31701998149620353,0.31273598555380744
Location (continent),0.06086780685749676,0.17740792655663107,0.04394977747845051,0.12312438484291487,0.061327368491102215,0.03349540793187793,0.06587089689070133,0.047494682383368104,0.046369310118080126,0.16811177355635146,0.05000559301334324,0.03713395463454495,0.27171757713417755,0.09752822619467326,0.04786389784430434,0.0512965191612034,0.01924110665271848,0.04718379343187047,0.06266738189790177,0.21749841613359344,0.04789247022085824,0.18061947921559712,0.07567562348404411,0.03353243625944371,0.06172089909607707,0.03897148633585063,0.0476135338305706,0.030641786343246262,0.08484598498917115,0.03991482081197664,0.08851069588616753,0.05196932389972955,0.06451027093702404,0.0556272533218912,0.052422710077393714,0.03263961237683131,0.24145951777991156,0.07284200366040265,0.027060325265054655,0.1727721404951533,0.0195802630196613,0.03595884026658131,0.06614651364604941,0.09454947051618096,0.06574457900107732,0.04694993577073361,0.05055289820658198,0.0348377216263218,0.20701607904887714,0.06872957344216694,0.038524627944520856,0.08558490529200741,0.0630826280651142,0.05672602985150914,0.20870492690175924,0.03554329292201113,0.0438293666284728,0.28767402404302267,0.03296953129988185,0.02293601696958677,0.0816341498125607,0.059477546406836015,0.04154958609696512,0.06844653754951105,0.056497091130426516,0.05653987742341588,0.3241781586962867,0.03256496082345091,0.033169171123924375,0.06031043371930778,0.04521804194140662,0.04695119074463371,0.12031336317674626,0.05254713038502399,0.05364743553421749,0.072040372763309,0.07352717106429749,0.044812701973094574,0.04898595320743301,0.030669659959667687,0.05924884597389437,0.1020529529228856,0.043726309894471245,0.04829485147393644,0.0642916401380898,0.07709084986131479,0.04874767016705816,0.27340263236762996,0.05908585954096272,0.034141474276805764,0.20248278963164745,0.05488516104534343,0.03981118085801217,0.051082893371487706,0.041032098355625546,0.054655830429756545,0.09354128453268631,0.0440167943408612,0.03735854183118046,0.040988820457589954,0.05473680552526618,0.046460861299557045,0.0708147817565761,0.056045869450636755,0.03779615198612474,0.20156388914600443,0.09093834845832797,0.056517747327486996,0.06062243462503619,0.10404259483316303,0.020228430514230573,0.043153147791122705,0.04836219783271388,0.035735467439377486,0.23423624407574506,0.05499368552052865,0.021606715180735214,0.05573719234012201,0.07727727426999528,0.031069103372749516,0.06417362896570895,0.06904587088104205,0.04454112480621697,0.0853542103317314,0.0508415615588934,0.01960130469986975,0.2149774470935718,0.030123967082800848,0.04047037406833006,0.11131885277857559,0.055711841618112046,0.04202457833712657,0.01615979848763648,0.0482112706997838,0.04781551206009795,0.05335426090972436,0.05800701588092045,0.04585798730276439,0.13621285330978386,0.07709797388270792,0.038837914346021525,0.06794716336304744,0.03447467311287895,0.04821387642563793,0.08970017454223024,0.025273161703614228,0.03187718830811947,0.05013414687895025,0.05108376552093491,0.04276283155347498
Customer cone (#ASNs),0.2021853166318225,0.21175337446766998,0.23236475072735696,0.2339298236907857,0.18545866620157983,0.1983038707881336,0.244040158731984,0.2004428521441617,0.19573632685892078,0.27468555767347236,0.2722058714793159,0.2343159073398042,0.23426070463599502,0.2722892067756511,0.2172375415180661,0.20685364495509515,0.20023582513526875,0.2558922327614764,0.2340817919302074,0.21147246630646663,0.23883002436223397,0.14435808597837255,0.18588069076628264,0.23177783256232734,0.19905933348988675,0.24022359002876856,0.21061605387732346,0.4104874841742213,0.24116841669849512,0.23161299876813712,0.40539506989007035,0.1915158940215947,0.20570863910175224,0.21292043468741811,0.20861421403631855,0.18554955183750466,0.27400699818927204,0.1964827371054926,0.2556814171221901,0.40894100199825645,0.24045592431101057,0.2551509651777218,0.24405127317471884,0.18391293141069234,0.2194732634388152,0.18192086584853387,0.18636320548812407,0.19789503385191118,0.18103589295400013,0.20015990580966375,0.19726341526254032,0.32909803952548616,0.22567499560287907,0.179026719536844,0.3315913160032076,0.22564337277115815,0.17858606904269075,0.32836253340934946,0.2236884823327179,0.19871715237445403,0.18431308009013,0.22466605235654658,0.178958708711029,0.19622548098238812,0.21617320833640147,0.20298955608073835,0.1986621035917418,0.2235114758492072,0.20339759772207386,0.14480961259688885,0.24201238372708045,0.18098201390836585,0.20038384498007647,0.20932925409282668,0.1905272246242956,0.17146959450676888,0.16361130877713265,0.24093376194177152,0.17707374185613195,0.20916805167087493,0.23224838034600243,0.1987887099391829,0.18391235292515104,0.2160125684697838,0.23724556202716623,0.19986447758162246,0.23128988288533156,0.17099361638661598,0.20784194466757197,0.19030400670568992,0.3334596971893489,0.22333589349035984,0.19223021928179732,0.23196188006428894,0.24047112081021854,0.2324193318324219,0.23110248626535884,0.18573092074123662,0.172836912174236,0.23199938295337433,0.16215741244628415,0.2390916113297295,0.4024824741919229,0.24066482089700786,0.2561543491635047,0.2713135622205411,0.14190682380540498,0.223923570270459,0.20355958746818503,0.17408501765067,0.20637406386777005,0.24910789520534726,0.21343648014319389,0.2253278865751639,0.2749063075792356,0.21014311814754302,0.21764400651682755,0.06978685385472923,0.21379193571648603,0.1839036479103307,0.3293548469249111,0.21285084979326122,0.19056897592678648,0.23094594698170878,0.19939306735026346,0.20356990344210493,0.14127743108693813,0.23994443771389587,0.21112238146404413,0.30301300054854197,0.1743399757799643,0.2037857973226562,0.168019435927868,0.2424585326861061,0.20362762468697754,0.24708908892033843,0.19785888229134035,0.23203217100339263,0.3297316213144899,0.20131834577222965,0.23105377892551576,0.17291306714970214,0.20909997490461488,0.2118542937364895,0.1700923303627986,0.2367053239566522,0.19651814147817734,0.20293868062334441,0.22482430222927985,0.26496288403688806
Customer cone (#prefixes),0.1965114174488799,0.2528537409842432,0.29104416479920575,0.2967934209336167,0.22405149125775348,0.2692478106549917,0.36413488357468576,0.21652490214647385,0.2559016490254794,0.658731908141073,0.32546752353911773,0.26592559501904733,0.21685450104635295,0.28873687684422944,0.253870042257243,0.234059868576404,0.26609447523969615,0.3042175597963626,0.2521307919979791,0.2527246831578051,0.2611293089651796,0.3203561462875037,0.218336131537051,0.2607354595007284,0.24400357171711304,0.2848341456809159,0.2696556855843339,0.382857356815926,0.2855502332967652,0.30144522887193753,0.30152505161384374,0.2535249627789536,0.24945859282462546,0.24481535695860376,0.2780389994384959,0.19155215791165853,0.6579589626270296,0.23249749759507152,0.2994403416368414,0.684401198495141,0.2953636881920542,0.2486991944671725,0.24822124139087196,0.20021996200411832,0.26017259828330336,0.25922680030015716,0.2511772330155985,0.2814511307730349,0.20707706628287698,0.20460221943787008,0.27438547147365394,0.3544852810063707,0.21736567257242792,0.20729874034363585,0.3619192299882752,0.1965064769048486,0.23050755143504173,0.6810983748003406,0.3114757659471302,0.27233018011865384,0.690867821509264,0.2709884263122015,0.22423651748354753,0.25312642387295214,0.2397253232280847,0.2779636847500397,0.14935341619761341,0.22610484167031356,0.2214793035500288,0.1455510293905816,0.3691789881374352,0.23759571336828386,0.24761636591054711,0.32006970521522127,0.23355547701673163,0.3547005344569876,0.19372206098573178,0.27951933119573286,0.17834105774136283,0.2291167194212577,0.28644200901837036,0.21526494243372024,0.3167489602834937,0.2524852126809184,0.29910472847304104,0.25068821496078286,0.37044358222973545,0.19153956967852687,0.20390514073660684,0.2264947615813475,0.43786146926398206,0.2883506778240835,0.2647376572036555,0.2316246473517196,0.2776191992933999,0.22698953938393795,0.34710683685555166,0.25224527627127125,0.23898774802800885,0.6666734781116872,0.2056669225725762,0.25431271836181485,0.36354774464855844,0.26299312025564464,0.30131006452260234,0.2459382318074799,0.18192315785773022,0.24172187574266185,0.21380576002317384,0.24671502798375589,0.288953761785071,0.22232509062911984,0.3235000140916136,0.25655557181001865,0.35779836555533057,0.22733950000358064,0.2535570118749737,0.13176551087689023,0.23453574544345268,0.253497580726217,0.3361316385210095,0.24495234644092262,0.2566952686755371,0.328449310686754,0.2382561382717109,0.2599828860224699,0.1356657764052472,0.27163176435217135,0.22068030204925507,0.32418254684442993,0.22922270886808607,0.22217838633070117,0.16720319080931095,0.25455435094444434,0.25126131518918643,0.661169551243221,0.2584147691564508,0.2613076850409255,0.3395607426574855,0.26102244119323,0.2634774933580209,0.1872990182316148,0.2503347032596199,0.24639861663846727,0.2524727579735841,0.2847280495475003,0.2629370478118017,0.34039261608650123,0.2307040536209085,0.34625728752787865
Customer cone (#addresses),0.16918562025546396,0.28550681832202846,0.2915890698135111,0.4183198939837297,0.2717705308882256,0.2546055943033618,0.43536502833460317,0.21590912015530614,0.23734679806515022,0.5360681471752446,0.30334729988362835,0.24324175665125206,0.216478063512306,0.4025607633908417,0.2606577079773458,0.20463342326342845,0.25552786072478345,0.2694597719238293,0.34732845367303183,0.28558511828126365,0.25864910733067437,0.32425445051465634,0.2171296583045965,0.2545199372968992,0.49746077648339077,0.2639552233075607,0.2749219473886899,0.5780072311192153,0.38290697166324594,0.27283778042648854,0.402249762968019,0.25275354619950186,0.2442089125135354,0.36062272345553936,0.2726417769379794,0.18428026649557588,0.5251753326845792,0.2442755722644463,0.3078921963655881,0.5698446193999595,0.39138937917606953,0.2473535361394228,0.5430737013053564,0.23494742495373971,0.2710023232403624,0.31277002865355447,0.2508909814852666,0.29845671787271333,0.19040364836695117,0.22591772568428065,0.2632729144775599,0.5069201142977061,0.20920182795445244,0.21999593492623154,0.5372011783980865,0.2247381261551512,0.21302031943494631,0.5788217228201098,0.3547054043056745,0.2562022644194617,0.5654068559088956,0.26080057735313156,0.224141256691475,0.2007861681505573,0.21690733098721124,0.2731733644817861,0.18429782243963483,0.22921656018822717,0.20968060489627308,0.13123314872200137,0.4051528193427912,0.2181032248585363,0.18311287073285226,0.4082288813619209,0.20240935327074994,0.5314671901112605,0.18790749746316637,0.25912047493939966,0.163733547884539,0.24559099995952358,0.32671511581349943,0.3269277686352111,0.27336409277117246,0.25965178635801234,0.5646616374357708,0.250798226949101,0.3336595792942303,0.3492989655324448,0.18219685124771265,0.22538422728595686,0.4518407905394487,0.4008827668890068,0.2572135803751045,0.3553503778720116,0.2640776453456218,0.22208159770508096,0.36274125052494405,0.23139546990845264,0.20828381139530625,0.5562471263658181,0.2344525035015853,0.26473463468986813,0.38123201377059224,0.23258426462349827,0.2377465494577357,0.195101905482194,0.3405148643073163,0.21521880299390098,0.5184329012918605,0.37436077957946523,0.2924121336263728,0.22576875227601573,0.36344332891126147,0.2311394945804702,0.4133518803675271,0.2600507615168138,0.22470245504187855,0.1475534485492145,0.20410567219891912,0.2523771509784587,0.3740046803070358,0.3281384419679617,0.25742102785590987,0.3347148498946004,0.3729238144557985,0.2637915512136639,0.18590187293023883,0.41181571637140996,0.25252972869870816,0.543529602543688,0.22212102812234308,0.21218670363234524,0.33825064060006665,0.4098721845810181,0.2316041585294109,0.5649888068273283,0.36550749478820344,0.26934015776819803,0.5343797265159043,0.24249740627596963,0.2560205191729589,0.2787095363273532,0.28023258714350746,0.23417839974477292,0.19023010227250503,0.5136014290695327,0.26115177329021216,0.35287986774131297,0.2064798293915622,0.42445090562699545
AS hegemony,0.1984916913442731,0.16293674643271278,0.14221194095829476,0.12936534963394009,0.10368127033848375,0.14708124616745344,0.2075857300198181,0.14219148793885336,0.11797781266731026,0.14111874115889303,0.14786386925141967,0.1594563257775599,0.17743147466053896,0.1382352233489068,0.1675288010526754,0.10281958476032359,0.15853975532698217,0.1538585207928879,0.1993026920790081,0.1470916465138714,0.12649876682203737,0.07533421431732054,0.1317221718722933,0.15134078336531262,0.08283051252526392,0.15322417596261456,0.13276714363167438,0.21834765902265518,0.1631316151980933,0.16012262902454089,0.18816764447767337,0.16958510377025388,0.15335465181623487,0.10328573506375553,0.11216128809162287,0.1223884075439111,0.11779607672583055,0.10536444167595023,0.14668222209141077,0.25605571669250493,0.14539897794851514,0.139347394280286,0.12943360113430336,0.09828807881069569,0.15520111844987824,0.16702519541731872,0.14049440580465802,0.12341077206583162,0.1798163008882817,0.1614964739416337,0.127287515694825,0.1619761868707932,0.19415737255629517,0.12232077481870757,0.11777898274138607,0.12730720355261496,0.11982422494873592,0.16170997720942434,0.14363726319970585,0.13984397821764788,0.13888192651796696,0.1483398478861939,0.12061047874482696,0.1283038268975884,0.148547748898888,0.13469633110669507,0.17344050110995077,0.13484053329536091,0.12534919037427827,0.1001104868498945,0.16261161994450882,0.13557566771459129,0.15174037684186673,0.11820880253454086,0.1288052974389363,0.11818929214806224,0.09706569910697414,0.16006634450156837,0.09233853976205265,0.126352314553592,0.14368308327420287,0.14072772237894693,0.10067988190806909,0.1305773678538325,0.11776532620964632,0.12956092316081,0.1393414006273351,0.12824216080717898,0.1223835935546868,0.1286191916607467,0.24496879430854687,0.1694981077475359,0.15479722928735212,0.22309736629333238,0.16038143870206228,0.16575077646465963,0.10951890947951301,0.11797445320153538,0.11617938189613872,0.0990084354134293,0.12201117090623895,0.13945203810985202,0.1774524287888469,0.17379033928102725,0.15961057001742232,0.10825951088891055,0.10574801417394736,0.1370493734155228,0.1882389974089876,0.13056535049061077,0.14517294236563197,0.2875265451925533,0.16045713429615022,0.14630120959216047,0.1211911796382278,0.13105314146326213,0.14761366137010543,0.059982184886520705,0.18227610353148177,0.10993097395064294,0.1397603868817776,0.16056022782641977,0.12606389193400963,0.1283038268975884,0.14708900438637482,0.14479223478190548,0.09885991627308131,0.1717972968630739,0.14652659111592647,0.21801139144631243,0.11903664973170305,0.14227864416207925,0.10088754363624261,0.1492835661483545,0.13477445854093353,0.16243196392062695,0.12628948654671207,0.13116897604752065,0.15275548084868146,0.1635984895549997,0.12442680115389758,0.14072772237894693,0.12739352176552318,0.13988079880194587,0.13237507255421066,0.0758428589000848,0.11800253879430733,0.10845738674316133,0.1534002027898683,0.15023783240978916
#neighbors (total),0.33721024418659196,0.3875680951960723,0.45658254405180015,0.43306681973087136,0.3671224013139016,0.44818923165394153,0.5263505992107261,0.3162947543712939,0.41989325216790585,0.4328120045269089,0.4292428637024861,0.4255902579394933,0.47348863656625195,0.447531232579334,0.3896986335798655,0.31758095026948546,0.43848367397886984,0.4300525247598591,0.47493233257561146,0.5614920625920328,0.4221725795183961,0.7297279200922802,0.4579411889097537,0.39063806634315523,0.8467166609365746,0.5054919682959575,0.3843518455447456,0.9076920069754195,0.6471577039446637,0.4401744136213022,0.7302746207626454,0.41384924088479114,0.39871180800590605,0.5324773144808191,0.47362897616945604,0.348479956320402,0.8632921136231889,0.4250194632108526,0.5380600254092194,0.9127681040485159,0.4292830817566798,0.4629235799219793,0.8565104637145008,0.5023400016106659,0.4428330259962869,0.4610872031367323,0.41406300581752054,0.517469884369368,0.38136634064115876,0.36074269355504374,0.5047099426342713,0.4317221847657089,0.34581864110676974,0.31806140686017437,0.8422220519703265,0.4306852431750389,0.3735203760253246,0.5259926984901939,0.505655764693789,0.4762891426039515,0.4804418822007434,0.42838482137453493,0.3471985767907388,0.4730258826817026,0.4356504979561367,0.4301890818410032,0.2578966305213493,0.3943254806420032,0.4105836663182326,0.3319758160245255,0.5630019102623061,0.3876725258870157,0.40517027791790544,0.5624292185235505,0.3257746604918575,0.8559128799841488,0.35015253524472156,0.484759433636364,0.3246497306954093,0.4274163880720665,0.44762191139839125,0.4169340021893257,0.4156103162702832,0.4161546860632869,0.8048542140839606,0.40980379478363876,0.43179471669465447,0.522670443276616,0.4046029025872878,0.29960977694102164,0.8759356176151359,0.43552785174626263,0.36685493724999396,0.3712304263215028,0.4589720311566386,0.3945728744079814,0.7540233222748447,0.4184550747651526,0.35628394325822277,0.8592319523969847,0.3337955959725853,0.4174575051673763,0.4748601411284083,0.3112694350656159,0.4453044955183195,0.44840701367212005,0.33490692166640196,0.41203620009535435,0.6254260529396709,0.5022122323652048,0.4913326563009261,0.39954682465030167,0.33301992892445725,0.36933946682279517,0.5340406239409652,0.4136911710596891,0.36212938651744564,0.1931209457113724,0.3869394943585136,0.3695291391150334,0.5689894172889775,0.4267281061987685,0.38428425737024086,0.5205457882530298,0.4685104034707628,0.38951578954247074,0.411425035506421,0.6136789211789817,0.3972102338429556,0.8528109799640882,0.35392924602647097,0.40118454305545653,0.4766256855186619,0.4391678299818924,0.3974937456922415,0.5761416103863084,0.3947738463445773,0.47050723818873763,0.5914556168755822,0.43286687569447124,0.5197277276843171,0.2692088711371576,0.5748304723007414,0.4053879643559381,0.40665321421111883,0.7761605675350177,0.38246271656385505,0.31286501865428146,0.33475907593430587,0.5434944178086109
#neighbors (peers),0.24470001439784853,0.3705072983272043,0.4389814850061065,0.44672806627435246,0.34834223047104607,0.4336387296022176,0.47826273779470685,0.29085811316599725,0.39028713231335227,0.41252986695436933,0.44269082627243894,0.43549838765952975,0.4611606935310366,0.46222086299149123,0.38710959497812314,0.30162278790668867,0.413036062840152,0.4031463978579099,0.41288455237893185,0.45145413819852276,0.39850255751351615,0.4162954105012711,0.4091101102461393,0.40270111650696466,0.512127724645604,0.49527446763635313,0.38720031785761977,0.9053995317198883,0.4447971472341543,0.39316707233697024,0.3192314897988912,0.39925997005023284,0.3834615854808121,0.5322809191382323,0.4205421827692874,0.35034175030552706,0.9488079925120195,0.43872310962810834,0.5199796075754094,0.9273509249941918,0.37845942781688163,0.4488534181206333,0.5523596505084938,0.4497628465496988,0.4368927214201695,0.3666150869245036,0.3760035542418388,0.4908926169626325,0.2699300206182688,0.3335969664514029,0.45942683788284544,0.4131030881778055,0.33006630492262423,0.3142037208234741,0.8724238279339332,0.412196609097509,0.3360145293848218,0.5154509245925623,0.43756475571416625,0.4414877174992428,0.4488369029621235,0.40592145184750744,0.3407774971525851,0.4084997016670777,0.4152620488298944,0.4380078386552504,0.29994926439915914,0.40280436307191225,0.43771002311021334,0.2913584846507935,0.5306914405393013,0.3680301409498307,0.3208471415450641,0.4889610077108176,0.31056356108856725,0.8807443061947918,0.3328570349180296,0.40428253473245024,0.3387527573529147,0.41686866654066945,0.42533052582530734,0.314276927197206,0.38709975247176653,0.38915638488839416,0.5336361212670618,0.3803283552060565,0.40177264333773993,0.47728174963135794,0.3774357233237815,0.30132430576217206,0.9503987460496828,0.44418986982897957,0.3674185238797034,0.3719010277483861,0.4315641086765199,0.39312066514528304,0.9052606792282437,0.4395343678686397,0.3263342356308103,0.5561550219238504,0.3161089391155552,0.3990341136444137,0.39871719211435175,0.3111834849333339,0.4385211428006167,0.32331399297837643,0.352563501699005,0.4014159353045069,0.599073961378878,0.3861571068643014,0.48835538932305445,0.38871280125464414,0.3403957468079816,0.34999813189521684,0.44097144010526684,0.4206203484421035,0.3334627759146089,0.21063216631002335,0.3974722778294392,0.38222852851996275,0.5670183298728135,0.4324857815096386,0.37744773729567666,0.4766716600948512,0.41277042429501093,0.3948940844498873,0.3609264598629871,0.5724712671355172,0.3736884856818194,0.5306494710467207,0.365229176517585,0.3687273000190961,0.4304098989048625,0.4392041388892434,0.4102520885840157,0.5483086724154417,0.4190928945016788,0.4381736798073834,0.561693929658227,0.39985761124297,0.4853721665183032,0.2845981182713684,0.5641409147466795,0.38417360408798773,0.36048189123613883,0.4851508217504077,0.36831571250085215,0.3091932587945898,0.36402647229383833,0.5225466630261277
#neighbors (customers),0.18485478731977473,0.18656120327268527,0.21001535280359354,0.2129755975600382,0.16398342563378157,0.18561123742655256,0.24948047737361087,0.18598140910923713,0.18408017213623104,0.18338429277644586,0.22169699804954124,0.21056620037262339,0.24669659271851596,0.20879709154847748,0.20284478540219356,0.18498850854621327,0.1789427232254536,0.21588594070695216,0.2107619723853812,0.19690375831478427,0.19680619502931618,0.11198932219170264,0.1640117436140334,0.20941574976793148,0.13660757154496384,0.18630669000281114,0.17966290488157013,0.3456603592694855,0.2388536597174646,0.1912130772401905,0.2504307940914112,0.18977119058810069,0.1873932294069078,0.18122379059798283,0.18528882639971309,0.17474188431444476,0.20923803081100864,0.1968428887631899,0.22964152430422918,0.4261732386201103,0.23777468730576665,0.20912737835127643,0.24715250191538177,0.15172324587623753,0.22945875160364637,0.18469947575098708,0.17481159354424128,0.1795121731237532,0.18509756406298764,0.21026774293361378,0.1909918055710732,0.1795432575336673,0.2379721075730817,0.1788085418717182,0.21456850952844048,0.2379612860468842,0.1787855872759499,0.21312328549816073,0.1966565737228564,0.1974017658947981,0.15719252584917373,0.20986175709618582,0.1730915094930714,0.18020900593035433,0.19051475843690666,0.19037768853263784,0.21175215768408087,0.20858474516165654,0.1791424711758677,0.1520984562149864,0.23956196640809804,0.1747862889881339,0.15686521113675522,0.19686416270082321,0.17390889164292408,0.17968858755783496,0.15392132359863211,0.22283355562242108,0.15690944811934612,0.1631199904813187,0.20960343625690814,0.18495892434322528,0.15383604298568773,0.1906470997954689,0.26609081859512923,0.18584263743822574,0.19691718149705786,0.17992524220004924,0.16240627757214562,0.16820067348233436,0.34597793715470915,0.21157632244898825,0.17001066174751808,0.2105239639846688,0.20931798492792056,0.2165400388505359,0.24706111340848053,0.1733874038727331,0.15762544762638028,0.15814433796015942,0.16318321043977407,0.20874425712237846,0.2901190982016962,0.23748043421223042,0.20316651192670548,0.20861473069552014,0.13410639411085906,0.19094152980315376,0.2097719998736172,0.16411682712642806,0.18702768471646314,0.23605975578932728,0.19850569399631443,0.22271531648194962,0.28785097741608534,0.18579309079499584,0.2026544790427363,0.06510251770740973,0.18585268438759636,0.1622780137317246,0.21106595323028499,0.17531415823133578,0.17911044536912255,0.1817204679082919,0.18713470767041981,0.17980371539352874,0.13296084648711937,0.22285247201480604,0.20939883339612103,0.2929772416114604,0.1551301352445873,0.18027196726999337,0.18473160917767042,0.22359695206838065,0.18453032575167247,0.2510047664250466,0.16871271908720362,0.1972492840714029,0.29056101922392136,0.19832704064084125,0.20221518635091656,0.15599314363969422,0.19576989953715224,0.18658348395410312,0.18203975046450377,0.17405644455527583,0.17316238438181392,0.1794720420139265,0.2228698276035341,0.23032842737303372
#neighbors (providers),0.08104564800854844,0.22774012740786506,0.20016767166084637,0.2047605284942572,0.13157815207778473,0.17387482623529493,0.30870085419226645,0.14717620139519372,0.17762124342017985,0.348881242235254,0.20024753467894132,0.17782677524522375,0.22413672154383857,0.24114653747157413,0.16377984344815608,0.11551021568986848,0.14281892865319923,0.175420103398768,0.2236210175581628,0.2535907871061459,0.1650894010878444,0.13349799704495485,0.18143522353489996,0.1731753529682082,0.2231201962853412,0.19100311473361922,0.17173000035857253,0.21588806196152227,0.30815253411723503,0.1694019244894802,0.18965870929610293,0.16698136973321603,0.14839754954728862,0.1666953233434386,0.1942691329253361,0.12686237936815561,0.2071962431902641,0.14844616320852716,0.19061216790331725,0.0924162445280833,0.30808380437593724,0.16913147207720208,0.15978454481429974,0.18428852572603852,0.17867195100481018,0.14289943629017032,0.17890136856672098,0.19331303732425756,0.11410971198886553,0.14682109198007606,0.17591842361339946,0.1781188522012372,0.17299392823712947,0.15279571093796343,0.2603535155137571,0.22095034747773545,0.17848016387886165,0.2848365505085809,0.27170443521460574,0.18744921255333555,0.22027549705326513,0.1753589483275675,0.12507837171874184,0.2838377345089279,0.13499673841993187,0.17903332316217285,0.12137784211165764,0.19406270476634915,0.14682470351295737,0.08731347132714942,0.0995086739340552,0.13717062001858385,0.1768071484938605,0.13981159396286277,0.12824635200238682,0.4336469746842572,0.12577934815986896,0.17016396097002343,0.14198942995245825,0.13452331631649594,0.1891344072323298,0.17621902803709943,0.15589154379742562,0.14459267692754146,0.18214087895382247,0.11471221520802302,0.17567300883812934,0.1259257033721123,0.13683214448780703,0.1500767660195626,0.1848118208602279,0.18211187624549782,0.1637707526603529,0.15553163197547254,0.1546339899340369,0.142929099208705,0.10791108624053855,0.1791209799712358,0.1508989588726404,0.3472405791886149,0.1318426030719067,0.18153512287754564,0.22708296636756814,0.1166387359677973,0.17216386248016252,0.14354637170485637,0.16580909867366164,0.19628288596561871,0.2712937159228268,0.2960499551915017,0.1624136648054842,0.08837576676638902,0.12770757746571879,0.1528776193572691,0.19346085222831133,0.19308699576552726,0.15885659365204283,0.10965687127489761,0.2004917906554313,0.18130468507879988,0.20621668360619683,0.1358477432188646,0.17414018236361173,0.1604425192573688,0.18992707726894534,0.16546535048528485,0.13932623633538424,0.19906145838260628,0.1853602883378647,0.2950344155117991,0.12029694430890435,0.1554955069724309,0.2871928011096887,0.14108472443805084,0.16198289063690058,0.3403005087632812,0.17288824514742127,0.18240957613910896,0.12905305027562264,0.17099666032083866,0.1911267788302135,0.21298908408546524,0.2243119434121816,0.16311730601019478,0.14702871343641424,0.20444795813261535,0.1531794555168836,0.2071962431902641,0.18863939481197103,0.1737919905789854
#IXPs (PeeringDB),0.1133970020905592,0.20689314453212865,0.1706220678949523,0.20824479301267812,0.18886292964177046,0.1725275988860537,0.2747751215929187,0.1369936023548383,0.13058893664867685,0.1591564111146399,0.2546511651036039,0.19403174849352425,0.12205725551872702,0.16327565621620277,0.17373159301681546,0.10937102439468056,0.17264986013027742,0.16794454810720802,0.12870798154381538,0.20144411387412425,0.15552593946550425,0.13319065560547905,0.16228903510102885,0.18685727697300322,0.18044374108453423,0.26275346474032735,0.20866739274240775,0.32411976528054864,0.2615569214497899,0.14759433909972478,0.16227443640798261,0.16757253695995963,0.1645499103133077,0.2074165848708209,0.19600471879808598,0.17742056130259146,0.091065515645383,0.19207142537778638,0.1659982730972863,0.24875940674302147,0.1890981512373747,0.19654090592931325,0.2449800561317555,0.18615826566554625,0.16375306089839325,0.14951873319462342,0.22052042448324702,0.1890675163906518,0.20900085409226954,0.15053028936099838,0.17278513564257472,0.20291793463059213,0.21187655754802015,0.15976078950379274,0.16143505797998975,0.1540014889749399,0.14395315549585663,0.25312386376520113,0.15173484234438497,0.1772404274426783,0.14980280912773977,0.15793321247153685,0.13937475231920063,0.19742775531153706,0.2162965092369248,0.18513540235923637,0.11145114859522216,0.20701339108208883,0.1670601282549248,0.10604672472062476,0.22319418730893462,0.17178767262682412,0.18852979065957395,0.18793950949442442,0.12696938537133085,0.20488638066701867,0.14412974209211324,0.16622160061429694,0.11212993126347906,0.15860826133159986,0.1990674252537293,0.15695488025970347,0.20823049166965935,0.1644228995847543,0.16644070746009818,0.20067787429975545,0.1707203567068205,0.2647023161391393,0.15528934923636858,0.11931568708868819,0.3289258176715942,0.16406212361055153,0.16190350869529674,0.1604317229235525,0.212483193985304,0.21685632761807772,0.17429813263350952,0.16221234738857354,0.14400724675584953,0.21185098087883333,0.16387875655441184,0.158220397019565,0.18360206504551196,0.1303214037942508,0.1784322183482499,0.17423047770802502,0.2530562323267994,0.15326389083517056,0.17994296940228235,0.14840500456072378,0.1883758084134232,0.10669901334331786,0.20000454743239215,0.16433312306754325,0.21630466829887393,0.19140654922759678,0.14541476312660345,0.10892261213821425,0.17737208441445781,0.14464122662527984,0.1672005432773214,0.14026659354044457,0.14997800983651066,0.19604889212389995,0.167912041964175,0.15133565818786063,0.20116646214052591,0.29263425683165606,0.15704026203436577,0.19567209520040704,0.13473481304959437,0.142402987325073,0.16192824963150845,0.18255256183537286,0.22404454737435864,0.16271847343034312,0.2571785735338904,0.1966279510731821,0.17811064376023544,0.18862636764860144,0.173270092332284,0.17916318994600966,0.19319232524707206,0.16492635560964633,0.15862888712141648,0.12548633629445682,0.12714197552103165,0.18678902675540662,0.12320518401963607,0.1600816400347611
#facilities (PeeringDB),0.10413898314933949,0.19804134964695322,0.15583405115378546,0.1430451413252959,0.16472543191861488,0.1586755953155955,0.21582266012937898,0.14787590868281847,0.09918570618262477,0.14931746303273258,0.17477404138392785,0.20690492905052543,0.09201572142760686,0.12251150864252447,0.15765907394692522,0.08350655095500656,0.15501850095764075,0.19255974994728903,0.18010065841924722,0.19278530565626276,0.1267397147286293,0.13427853113018967,0.15670913586670152,0.14707208364730126,0.06656944353388337,0.17957502108215487,0.1760740139551383,0.2827301204742455,0.1779066135145099,0.1635877272693142,0.16672140162168556,0.13102147423620758,0.13595059503864584,0.1844584030665184,0.1645721568997661,0.14664250807017165,0.19927212124511257,0.15744098458434547,0.1954985829003148,0.20723175758678536,0.13911904778843698,0.1869957455376384,0.1563527501553013,0.17089849442390584,0.14894286918028476,0.17426764489054292,0.20626811926623131,0.1754325662045507,0.1244268669524914,0.14322088561853716,0.11103253366435525,0.09554611336277247,0.1666859059426175,0.12787497099153308,0.1450561188830554,0.10191927919277527,0.1318792858811148,0.12176395706281999,0.12559297653430776,0.15789196750234938,0.18218971753192395,0.13572210199894583,0.11478389917173204,0.0642975784204327,0.14550830109632892,0.16510781806196873,0.16173764121949682,0.17626840228054982,0.14962460465517002,0.08363152068264941,0.1587805219028324,0.1336262788096714,0.1695023757024687,0.14071551154819553,0.11824406895553966,0.13459896204313584,0.1652456870562676,0.1454536172658622,0.16774355259128698,0.21250057545431253,0.16291626071819743,0.14605757052489884,0.12320764934971645,0.16042324294253685,0.11741188117060697,0.15349030956609933,0.18725985913660684,0.1512489471783248,0.15091514223939143,0.10926513776903737,0.21596635671968792,0.15805273404804462,0.15920368091546708,0.16536936788442036,0.17172537507971158,0.18280979554529792,0.2616861383901055,0.1338685203265074,0.11782933650192987,0.21479519591167223,0.14537194471390316,0.12489743166686398,0.19974561788403447,0.16038351904554438,0.15688894889531985,0.16609295702392282,0.1306875417648381,0.13522967837224506,0.13961760253396233,0.1439405757252446,0.14943668408846092,0.20673394221309113,0.19628858303260777,0.17699877216575885,0.12244107749327342,0.21057633930888173,0.14215168557453767,0.07604359749699745,0.12933318082142797,0.11980073449179982,0.2541844976936068,0.1453159906644834,0.12217450109237037,0.16194017994310383,0.1616038756768878,0.14422359812253838,0.09042367454536382,0.16834475105054242,0.16270374624677889,0.15365372647769868,0.16639263695224926,0.13428934334906684,0.09719605019244942,0.1621508551862386,0.15875100691358301,0.16453139429637134,0.15171971904763187,0.17016450766153965,0.16073340118790255,0.20965189071415166,0.1304148135847941,0.1195203056248471,0.11417264472186739,0.14924588461380736,0.11958897847356545,0.12447276822044051,0.15397289652447602,0.2688376089881139,0.13268697659218426,0.2038634045691383
Peering policy (PeeringDB),0.037952185505177136,0.022016668242247402,0.023438521289473296,0.01351874954593362,0.019596112371347174,0.020675215512073252,0.10894445963018462,0.029769177397079138,0.012363583476006018,0.018965137425948436,0.002229858944429613,0.018835273122180637,0.03642619714224358,0.014728037204700922,0.012473847587712621,0.04079745180600946,0.04307654322810782,0.0315331312802011,0.02388930507748368,0.009052102806097634,0.012732364504042325,0.010896323504000991,0.022775607609362924,0.017517558846053147,0.023113603674487206,0.02410506981353804,0.02008968872946871,0.038899966261674364,0.022599769390150307,0.008265258454208637,0.020404294777545837,0.022053253488303903,0.02308965971420429,0.04778259133937154,0.030291687650267123,0.02130787050105283,0.026389058737116035,0.012869498954811945,0.027004604062246744,0.07974446847852784,0.020496408326576405,0.021057510439572102,0.04164700706997768,0.04870462721225051,0.00807641314467356,0.020753911842235077,0.04860612424098365,0.016154252562104933,0.0449564019331859,0.009553126533588408,0.015493786525323842,0.02260264495226323,0.024812188406109745,0.015163147688185453,0.02651854914813513,0.014686749243896343,0.02141048809963901,0.06269160764902655,0.014415237308878967,0.012435794269203432,0.035790811137522374,0.01693872197698521,0.02610199791872754,0.05860031801838665,0.005408611035102555,0.0068324661578181125,0.018884080067362786,0.02856901002683126,0.0160545375832414,0.047353937905583475,0.026957062601869655,0.014175568430437054,0.029644794908597248,0.007989945337017112,0.014790266978369618,0.029143423070501363,0.012312802289233482,0.009666438183857238,0.008549421038477356,0.022599769390150307,0.012543473788448898,0.042025017850473294,0.027309913176955587,0.008901336723666093,0.020753911842235077,0.046219181662599695,0.015701765450126977,0.04703719125032555,0.01903968874753707,0.02107119466257017,0.029205944991930334,0.00898727671069141,0.025269509150671433,0.02581107008922494,0.022912119159095898,0.025881632904230817,0.03295490209755109,0.015788301477230114,0.010340523318907717,0.02836945658917523,0.02582003529267399,0.006667851390223469,0.01351874954593362,0.01093493692358985,0.009339646555739376,0.042025017850473294,0.03508761726646469,0.01385226468863915,0.035790811137522374,0.031871603669446184,0.02315080876755385,0.010896323504000991,0.03867480201270598,0.024294379889902507,0.03956572214387642,0.015788301477230114,0.0178376865557096,0.011425506172136732,0.01547287359465653,0.005885751198645992,0.04026985437202189,0.013818179480907787,0.014706388429783834,0.014831124017074225,0.03396418191945677,0.022547635068150974,0.03295490209755109,0.016844785256581066,0.0157273679067771,0.05860031801838665,0.031350131443063096,0.012773155638901737,0.025081876313994722,0.04535777042493314,0.02181206991093055,0.04703719125032555,0.035063516639780135,0.012890426397450794,0.022367448480934367,0.029735875546144337,0.010922368272170342,0.041332892410947716,0.02066538157183207,0.01722058051391455,0.03354030483548322,0.01099827500026325,0.01972006611805669,0.01101105428380641,0.030963944988977747,0.016288140605145298
Network type (PeeringDB),0.2119438756037059,0.23945416808790093,0.15253287496762422,0.30741346997664787,0.11617408228900344,0.16916418224414,0.3591543860267158,0.18205765564580464,0.10703518594765457,0.25145642396202905,0.12089640754888734,0.15533528721296688,0.12968110089647353,0.1313719411638173,0.14704732551463998,0.24843433567473974,0.15264850899197457,0.25389920398126026,0.29284906807355754,0.14728011937543495,0.10700252124669048,0.3941716901598407,0.16467444456985914,0.09575211170049044,0.1425412615894225,0.17393576090976914,0.12549036575779143,0.30743178986971076,0.16887961031815846,0.25980217409901607,0.35040127531057585,0.15529934745281837,0.13851222728635826,0.31596015674208333,0.2614368870337707,0.14032172758474667,0.28898729514284427,0.14661838366892696,0.13659447710614014,0.21753459856032092,0.1679586493016269,0.11311078379846691,0.2106234504783715,0.1790125620630712,0.11658646559281434,0.3114649940396499,0.1818883759825827,0.13849281975141567,0.1553202556279233,0.26928925073982324,0.144801026216577,0.13054786787082934,0.26513923856480387,0.18178554673426098,0.2900298783771718,0.11330613468349349,0.11410687883888165,0.33894235252284816,0.1261369924565342,0.16718031451711488,0.3490537810124963,0.14992950152770979,0.13203294596693532,0.2464032475655789,0.124656380057329,0.1518808824518749,0.34513968140741885,0.130143047736544,0.17917369475104405,0.1048998310085339,0.16946287918255984,0.15173998827852775,0.34949225392526273,0.2627392031395664,0.10903021060315823,0.28562203810921516,0.1183339893236883,0.15888680923795256,0.34249556020327354,0.12119893824424526,0.1817373792209881,0.19907839850694778,0.28343032326534856,0.2798065347698381,0.38516950536904404,0.17540966449622125,0.11098128390409837,0.1327035857554855,0.1351492236599791,0.12423697222492985,0.3165745822675836,0.1739008960078578,0.1613203109546655,0.32293481428647014,0.12242728819356108,0.14496629246442277,0.1004404164702442,0.13521336595790542,0.12592390398280395,0.29852275121361554,0.12320449298915324,0.11341533997407766,0.3263963202516463,0.12601274571155574,0.15513396416378492,0.15284421411559124,0.22296674637920633,0.14581468897750785,0.368123105899418,0.15412977854914398,0.12701160919771548,0.27829316679695204,0.16469835261501584,0.13116858607353246,0.3127013747987284,0.2706856989420682,0.12440934394405909,0.11538700516405456,0.1994832311589899,0.11072700789804255,0.30913723461229153,0.13907577795341813,0.1299865223355573,0.3206720577379885,0.3305867256698598,0.17837546066257923,0.29110235988058675,0.13422256888433368,0.1281368403886596,0.12841234126064813,0.17961388133183107,0.12668225942832,0.09752876125469954,0.16532244705054386,0.14201287975361865,0.20688131667472548,0.15509629841105393,0.18001893720931053,0.31969443008860826,0.16123700354546286,0.1450901807216577,0.23907383148961828,0.12140444984611376,0.11894207566614899,0.1279408443380271,0.15650358351718893,0.1343380800411448,0.26093578294643843,0.1540238216048508,0.1689851530046996
Traffic ratio (PeeringDB),0.14670084672536615,0.1731979952767295,0.08113531341732128,0.41684908312418295,0.05848395550346562,0.10438828630973875,0.3293673980126423,0.19202967770489568,0.08155143701512323,0.3218409957848609,0.150416556364133,0.15509311142928245,0.12774379660427476,0.05751240981371501,0.14752961688259444,0.07519036640169355,0.12680810340468682,0.1953545497738735,0.11349949354125487,0.15218885188795447,0.09378366898703644,0.0906583064243597,0.16043913447491093,0.1081992807399349,0.07105907475671518,0.15936281564806773,0.1915940137859947,0.3015645191049436,0.1550679617614868,0.18906523267476694,0.32144636747065664,0.08350170688888303,0.11877420593126693,0.31648399362834095,0.14314541772264092,0.1501880398774052,0.3258132953162744,0.1439461023638674,0.1535836293379955,0.1681456320149668,0.12715710601108776,0.10627881934877463,0.12846615623760144,0.09653995635485318,0.09747748996605748,0.2866902041413509,0.16575033242419987,0.12229431026602833,0.11114906253048772,0.11534077771526567,0.09281299397601667,0.11147473749259248,0.1506604253203557,0.12037858120231414,0.1304125570337159,0.0857835988485331,0.13052157277470197,0.1175198945466569,0.08923106694763519,0.1451856148991291,0.13318666895618114,0.07621525075480848,0.14854242268650159,0.3293482059099659,0.16554679184782303,0.07408610455538325,0.33668562203851393,0.09406290356501049,0.13140322075206873,0.11595463082896143,0.29304200539374486,0.11978778715926469,0.3868394863751339,0.14913390251593758,0.1037393805201829,0.3173462639256794,0.15486747992384162,0.11474597296360414,0.3337671907064526,0.1518104907251816,0.1283761898707579,0.32146506584106327,0.14339883019315658,0.1863695655762912,0.15588781197431623,0.1299227547353179,0.11370063987267036,0.09312124166852014,0.07299462396052353,0.0906786847329153,0.3216701324224813,0.12502091445947033,0.08982372132129916,0.3296419390458987,0.12265529975996457,0.09858596680310064,0.09673833133059069,0.0756546081869543,0.12947613567545996,0.05035515641998882,0.08292593351223618,0.10957551717054843,0.3173019872952264,0.1030386291347276,0.09389266279963535,0.16750972335629472,0.07527228232384399,0.13067890562132722,0.3119103595590957,0.14829173765706782,0.1290370302725007,0.35778985193055496,0.10997951496083776,0.07815201636793949,0.33816114395496444,0.19969305937901233,0.08445720198842097,0.10110388617515434,0.16081937066331345,0.11003979118833129,0.09748861998788923,0.11893820929146652,0.09575269158231893,0.3155430767282976,0.10303227233396818,0.10323213254326641,0.28720503192365554,0.2894314671149197,0.11455650224081573,0.049839718246111185,0.19724082599449522,0.14366332831750847,0.08696319188420674,0.13103794445117217,0.2947060853023027,0.38942374380697375,0.16349501797298582,0.14675293350511331,0.12421804453851504,0.1701677810194743,0.15308128317670078,0.13474413059591123,0.07717643499758642,0.09721420550795752,0.10084889892348071,0.3083280253826205,0.11048764520347418,0.2900645657363432,0.17259103572055973,0.11498220031244595
Traffic volume (PeeringDB),0.23671083574428087,0.05443577462382617,0.0866974829850436,0.284919557023348,0.10711296157972448,0.08282515786849354,0.15518237544722924,0.103711848204389,0.056526479478760605,0.17326248801459396,0.09345491625503814,0.0728413158685658,0.17449731887461867,0.09294352208899048,0.06984969536327743,0.4444495140604141,0.09682541053929561,0.08188175896763752,0.3117584620111796,0.11537504647029781,0.05445435776530988,0.21079876643962842,0.06582060236620907,0.05274809811201219,0.09766636614308138,0.09824372834597238,0.07527047586651578,0.14201883627086934,0.09275627287455826,0.08471687525526161,0.30190699944771954,0.11618950403684182,0.05333736766951624,0.3385565566894298,0.09758277127156606,0.07091581974832369,0.1693711373103857,0.16978280319349998,0.09432205196418075,0.3733475250338355,0.1521061787130196,0.07702349285147805,0.31259747359042506,0.1034452684846733,0.09446419125333003,0.18434771866101846,0.12235600617798004,0.07555561963103313,0.1710192235008592,0.12552922429251315,0.0588217228924607,0.2672171879948233,0.26226984342781207,0.05850544042238415,0.2678874819261544,0.09973569114611307,0.046438496510978575,0.3668372651993586,0.12649285104595712,0.08687085172617515,0.26013216369774694,0.10836677596070927,0.0670622841958776,0.3249812131298836,0.07764490666624232,0.05597998059896686,0.33228309944693346,0.1017319905076785,0.07119786505977367,0.12804206218619912,0.08071964284615522,0.07462890195665164,0.28744307773348243,0.07181832278127896,0.06724082763573586,0.23995964872637396,0.07072024826925385,0.13088655598767676,0.21353968571261853,0.18986709157657006,0.08596148697516603,0.3210475063273399,0.1705475734157612,0.07604055171115758,0.3773530036846349,0.08391335951874748,0.09750536884692454,0.1284685870566267,0.056206011710987935,0.04492537939628483,0.1890692116247226,0.12507297041545315,0.09959436248945068,0.14388149178173984,0.10802253098825008,0.07607181377744462,0.16712738669650312,0.06873962961309023,0.075548197764178,0.14336432926469517,0.11296652989848352,0.08950649786067191,0.2556290546947195,0.10138526199818174,0.0950608627745423,0.12948773915527637,0.0922670177771367,0.09938758919027503,0.21927170743609908,0.07517124615325747,0.06591997574569117,0.3388703786775549,0.09277009377496463,0.07430374457823669,0.387277748682554,0.08426957094583865,0.0881779509916562,0.22096772988307467,0.11143998394259233,0.0656952681911401,0.1312998599911652,0.12799933287226273,0.05743607037951186,0.22880031341408957,0.11789834163990894,0.10187428178176372,0.1809770128419232,0.0920773325191635,0.0980639027252701,0.35760875026460026,0.19264225382269523,0.05028634979633125,0.17300825208786644,0.11731417667660549,0.07503671472116112,0.17638894768493774,0.06979644332362941,0.07419686494249397,0.12197221360380452,0.18769614946154095,0.0641424275601758,0.25313178415855325,0.09813290904969839,0.07984888456947353,0.13238351720397185,0.06682316624033861,0.06649547024684796,0.28018296885190674,0.11084008399669726,0.07378927523632857
Scope (PeeringDB),0.08781176216763809,0.17522862561465702,0.11870169409467259,0.22834163755227327,0.10345947955846967,0.17827951775340076,0.2851985498897229,0.27980978622263625,0.09944119927222829,0.19691068503265963,0.294962681832149,0.1298709359087825,0.16092151645081218,0.1132290648980934,0.19387408041681298,0.24147104897349997,0.15838604499692088,0.19555920910949776,0.45723833233458266,0.23104470760672186,0.08783710954290574,0.36141549638450754,0.12554055368067357,0.10765645500764183,0.09844794357151204,0.15129313100500874,0.1401458343495353,0.3250257611209384,0.1220198002771267,0.1497123843843642,0.13456520003690975,0.1017811619303013,0.14325116079287337,0.17330710942476638,0.3232398633124888,0.13993393067001075,0.15901916649230113,0.1672920960204078,0.13664163787830522,0.3856216860795938,0.1516763123606819,0.14090084355016688,0.18667293834257184,0.14553321449685516,0.12517537754757016,0.35201602364133955,0.1779714652985466,0.17376070068119562,0.12419623643612993,0.1921688202664641,0.11958898530925388,0.11114070597309911,0.17236655744699042,0.11216162280581524,0.08819680029416259,0.10150664004190867,0.11973295375208587,0.3419356737894029,0.14382032947564044,0.1506267261818328,0.29149472699377127,0.2722195119656638,0.13146965025070353,0.10202615186961295,0.1505578329916541,0.14536971294023623,0.4086969783424931,0.1840319637471176,0.13981956827926076,0.10453485603669596,0.2997755346655273,0.16609738131481197,0.20040301818951597,0.16390922891710338,0.1046047124426208,0.1601475571361283,0.1714397372058394,0.14147714227231015,0.146978762689071,0.2825896125357617,0.15071404173334516,0.4003156668693467,0.15509114380313993,0.13792215875212446,0.22989367439321284,0.1405715588158058,0.1265832905237282,0.23389441333137073,0.10271967970598911,0.10286664757701283,0.3774218089763184,0.10733468041584687,0.15993187420188412,0.3350450311371871,0.19877844319666643,0.139758131413021,0.21477163709140684,0.14825023078992444,0.1431259934232045,0.36740765639195183,0.10809292072405015,0.10763997393158124,0.2837746309704009,0.15319576297646578,0.15516443337120017,0.1621755759144854,0.1230013507360683,0.1466688825138061,0.2802241400189647,0.16696730230038817,0.1425291457776229,0.3000024924658558,0.14429990914293836,0.09870312959583315,0.4319496931556426,0.31089174811501596,0.11553935700354338,0.16021903792917086,0.14698501880953255,0.1161233142794166,0.2872146408776637,0.10843123463781129,0.09820616262590633,0.42233258760157855,0.145750212035098,0.11315707707402635,0.25672994532244126,0.13183550728395824,0.1660605540458766,0.1860569076085071,0.18460707962950212,0.12885454956438414,0.13678725999769223,0.1462250420954521,0.20996571026050356,0.18300929181716355,0.1349037811733759,0.12330032239192572,0.3299153520340949,0.29923736908435267,0.11677528512355666,0.15055155468360626,0.10801662736355272,0.14082160618335912,0.11674064377178055,0.16256140476681663,0.11580761288924987,0.2731316004409025,0.17380361027891755,0.14586900459534508
Personal ASN,0.029166102093979476,0.004936941558958,0.006878590502814861,0.017506076426725824,0.004786639409897956,0.003103340405573345,0.004786639409897956,0.004786639409897956,0.001447355562980311,0.004786639409897956,0.004936941558958,0.004936941558958,0.017506076426725824,0.001447355562980311,0.001447355562980311,0.017506076426725824,0.001447355562980311,0.004936941558958,0.006878590502814861,0.004936941558958,0.003103340405573345,0.004786639409897956,0.013109264363431036,0.004936941558958,0.004786639409897956,0.001447355562980311,0.003103340405573345,0.006878590502814861,0.001447355562980311,0.003103340405573345,0.004786639409897956,0.004936941558958,0.003103340405573345,0.017506076426725824,0.008897527161854471,0.004936941558958,0.004786639409897956,0.004936941558958,0.003103340405573345,0.004786639409897956,0.008897527161854471,0.003103340405573345,0.006878590502814861,0.017506076426725824,0.003103340405573345,0.004786639409897956,0.013109264363431036,0.004936941558958,0.006878590502814861,0.008897527161854471,0.003103340405573345,0.004786639409897956,0.008897527161854471,0.008897527161854471,0.004786639409897956,0.004936941558958,0.006878590502814861,0.006878590502814861,0.008897527161854471,0.006878590502814861,0.004786639409897956,0.013109264363431036,0.003103340405573345,0.004786639409897956,0.004936941558958,0.001447355562980311,0.004786639409897956,0.004936941558958,0.008897527161854471,0.006878590502814861,0.001447355562980311,0.003103340405573345,0.004786639409897956,0.013109264363431036,0.006878590502814861,0.004786639409897956,0.008897527161854471,0.001447355562980311,0.006878590502814861,0.001447355562980311,0.004936941558958,0.006878590502814861,0.001447355562980311,0.004936941558958,0.004786639409897956,0.013109264363431036,0.003103340405573345,0.006878590502814861,0.004936941558958,0.004936941558958,0.006878590502814861,0.001447355562980311,0.003103340405573345,0.006878590502814861,0.004936941558958,0.00019128054032352643,0.004786639409897956,0.001447355562980311,0.001447355562980311,0.004786639409897956,0.008897527161854471,0.008897527161854471,0.017506076426725824,0.001447355562980311,0.003103340405573345,0.017506076426725824,0.013109264363431036,0.003103340405573345,0.006878590502814861,0.004936941558958,0.003103340405573345,0.004786639409897956,0.004936941558958,0.006878590502814861,0.017506076426725824,0.004936941558958,0.003103340405573345,0.006878590502814861,0.004786639409897956,0.001447355562980311,0.006878590502814861,0.001447355562980311,0.004936941558958,0.006878590502814861,0.004786639409897956,0.001447355562980311,0.029166102093979476,0.004936941558958,0.006878590502814861,0.004786639409897956,0.008897527161854471,0.001447355562980311,0.004786639409897956,0.004786639409897956,0.006878590502814861,0.004786639409897956,0.008897527161854471,0.015286715314169155,0.004786639409897956,0.008897527161854471,0.003103340405573345,0.004786639409897956,0.008897527161854471,0.003103340405573345,0.004786639409897956,0.004936941558958,0.003103340405573345,0.004786639409897956,0.001447355562980311,0.00019128054032352643
