,X,Y,ASN,Peer IP,Continent,Colors
102.67.56.1,-40.896435,-7.9417405,328474,102.67.56.1,Africa,0
103.102.5.1,-40.287777,-6.432047,131477,103.102.5.1,Asia,1
103.200.115.1,-30.137344,-5.062079,64271,103.200.115.1,North America,2
103.212.68.10,-35.589844,-4.4958615,55720,103.212.68.10,Asia,1
104.218.61.163,-39.641396,-6.416407,140984,104.218.61.163,Asia,1
104.244.75.140,0.40685338,-35.741222,140731,104.244.75.140,Asia,1
109.248.43.5,21.413277,-27.04678,202297,109.248.43.5,Europe,3
12.0.1.63,1.7086269,-42.490616,7018,12.0.1.63,North America,2
130.117.255.1,-4.7239604,-39.13878,174,130.117.255.1,North America,2
138.122.60.1,-13.389003,-26.673325,61573,138.122.60.1,South America,4
147.75.35.135,0.79405415,-35.274982,34553,147.75.35.135,North America,2
154.11.12.212,-0.54582465,-41.9306,852,154.11.12.212,North America,2
154.11.15.28,-0.18756984,-41.78249,852,154.11.15.28,North America,2
161.129.152.2,-38.28012,-5.741443,13830,161.129.152.2,North America,2
165.16.221.66,-34.36931,-14.753934,37721,165.16.221.66,Africa,0
165.254.255.2,1.1751857,-45.236717,15562,165.254.255.2,Europe,3
168.195.130.2,20.972614,-27.102707,263702,168.195.130.2,South America,4
168.195.131.1,0.9310804,-44.967384,263702,168.195.131.1,South America,4
176.12.110.8,1.1603737,-42.615562,50300,176.12.110.8,Europe,3
177.221.140.1,0.86469567,-46.07622,270014,177.221.140.1,South America,4
178.208.11.4,-33.457798,-3.5521274,50628,178.208.11.4,Europe,3
185.115.244.25,-4.8087378,-39.460888,28824,185.115.244.25,Europe,3
185.138.53.0,-38.551872,-6.7596984,48821,185.138.53.0,Europe,3
185.142.156.156,24.944553,-25.579054,48147,185.142.156.156,Asia,1
185.152.34.255,14.682243,-27.678608,61292,185.152.34.255,Europe,3
185.181.60.126,16.106075,-27.93581,207564,185.181.60.126,Europe,3
185.193.84.191,-15.484993,-29.09708,29504,185.193.84.191,Europe,3
185.197.132.7,-14.786827,-26.447311,206313,185.197.132.7,Europe,3
185.210.224.254,-15.708049,-28.392075,49432,185.210.224.254,Europe,3
185.218.193.138,1.9240102,-4.8019032,211722,185.218.193.138,Europe,3
185.223.213.254,-10.068505,-31.790573,47251,185.223.213.254,Europe,3
187.16.208.144,-36.730797,-1.2894666,24482,187.16.208.144,Asia,1
187.16.210.177,0.79835397,-45.963593,52814,187.16.210.177,South America,4
187.16.210.50,0.79836416,-45.94831,61595,187.16.210.50,South America,4
187.16.216.102,0.99689394,-45.184967,53070,187.16.216.102,South America,4
187.16.216.121,0.96562207,-45.055325,42473,187.16.216.121,Europe,3
187.16.216.127,0.8324848,-3.20551,25933,187.16.216.127,South America,4
187.16.216.131,-2.9515774,-37.035744,28634,187.16.216.131,South America,4
187.16.216.20,-1.1493767,-2.7788603,28571,187.16.216.20,South America,4
187.16.216.209,-2.9514713,-37.03617,28634,187.16.216.209,South America,4
187.16.216.219,14.951117,-29.305391,14840,187.16.216.219,South America,4
187.16.217.110,-12.803334,-26.879803,23106,187.16.217.110,South America,4
187.16.217.161,-36.735374,-1.9351842,13786,187.16.217.161,North America,2
187.16.217.17,-36.43013,-3.460583,22548,187.16.217.17,South America,4
187.16.217.186,-36.809166,-1.4632114,1828,187.16.217.186,North America,2
187.16.217.238,25.162043,-25.459156,7195,187.16.217.238,South America,4
187.16.217.27,25.886686,-25.35277,28329,187.16.217.27,South America,4
187.16.217.48,1.2063102,-42.88279,16735,187.16.217.48,South America,4
187.16.217.59,-12.837003,-26.898293,23106,187.16.217.59,South America,4
187.16.218.21,-0.7573373,-5.641709,52888,187.16.218.21,South America,4
187.16.219.162,-5.0116715,-39.25835,52863,187.16.219.162,South America,4
187.16.219.51,-12.504582,-25.908934,28186,187.16.219.51,South America,4
187.16.220.210,14.897776,-29.399273,263508,187.16.220.210,South America,4
187.16.220.214,-2.4942555,-6.1150746,53067,187.16.220.214,South America,4
187.16.220.216,0.9416701,-45.35408,52873,187.16.220.216,South America,4
187.16.220.80,-36.804516,-2.0974493,267613,187.16.220.80,South America,4
187.16.221.193,26.897663,-23.659504,37468,187.16.221.193,Africa,0
187.16.222.107,-40.691143,-6.5923276,263152,187.16.222.107,South America,4
187.16.222.229,-36.212593,-3.6449933,199524,187.16.222.229,Europe,3
187.16.222.45,-35.91314,-3.6514068,263237,187.16.222.45,South America,4
187.16.223.117,33.936127,3.3595972,262757,187.16.223.117,South America,4
187.16.223.133,-12.277673,-26.244478,28186,187.16.223.133,South America,4
187.16.223.214,0.37411708,-5.0716705,52871,187.16.223.214,South America,4
189.126.8.1,21.071669,-27.084475,269956,189.126.8.1,South America,4
190.210.113.192,-1.2064421,-3.6036615,16814,190.210.113.192,South America,4
192.65.185.119,0.98598444,-4.5521436,21320,192.65.185.119,Europe,3
192.65.185.130,-4.653619,-34.453175,559,192.65.185.130,Europe,3
192.65.185.137,-2.4942555,-6.1150746,3303,192.65.185.137,Europe,3
192.65.185.140,-34.657475,-4.0030313,29222,192.65.185.140,Europe,3
192.65.185.142,-9.882465,-31.899567,20932,192.65.185.142,Europe,3
192.65.185.157,-5.0479274,-39.13257,12350,192.65.185.157,Europe,3
192.65.185.165,28.191942,-25.740944,8220,192.65.185.165,Europe,3
192.65.185.195,-32.415245,0.030555476,15547,192.65.185.195,Europe,3
192.65.185.243,-1.0664574,-4.803082,15830,192.65.185.243,Europe,3
192.65.185.244,-17.720892,-25.48579,25091,192.65.185.244,Europe,3
192.65.185.3,-37.056,-5.3229837,513,192.65.185.3,Europe,3
193.0.0.56,-34.46329,-14.579674,3333,193.0.0.56,Europe,3
193.138.216.164,-14.115483,-25.350044,39351,193.138.216.164,Europe,3
193.148.249.191,-37.054733,-7.492801,49752,193.148.249.191,Europe,3
193.148.251.1,17.025991,-27.851307,34927,193.148.251.1,Europe,3
193.150.22.240,-9.880708,-31.904686,57381,193.150.22.240,Europe,3
193.160.39.1,-15.362374,-29.158451,57821,193.160.39.1,Europe,3
193.203.0.1,34.8785,2.7966847,1853,193.203.0.1,,5
193.203.0.101,31.986792,3.2368114,5588,193.203.0.101,Europe,3
193.203.0.104,31.085886,2.2417567,24953,193.203.0.104,Europe,3
193.203.0.11,30.23878,2.6689382,8447,193.203.0.11,Europe,3
193.203.0.124,31.45348,-1.2684816,34347,193.203.0.124,Europe,3
193.203.0.131,30.681967,-0.37747917,21013,193.203.0.131,Europe,3
193.203.0.134,30.728884,-0.98344874,39912,193.203.0.134,Europe,3
193.203.0.136,31.870256,-0.33357903,21385,193.203.0.136,Europe,3
193.203.0.15,31.45348,-1.2684816,5403,193.203.0.15,Europe,3
193.203.0.157,-14.351318,-27.7578,35369,193.203.0.157,Europe,3
193.203.0.16,3.0492265,-6.2762575,6798,193.203.0.16,Europe,3
193.203.0.17,4.1770115,-3.8461235,8245,193.203.0.17,Europe,3
193.203.0.172,0.37411708,-5.0716705,21320,193.203.0.172,Europe,3
193.203.0.182,-10.759872,-25.663689,48362,193.203.0.182,Europe,3
193.203.0.185,17.683088,-27.704912,6939,193.203.0.185,North America,2
193.203.0.19,-14.996242,-23.516438,47147,193.203.0.19,Europe,3
193.203.0.192,-15.750502,-25.378355,47692,193.203.0.192,Europe,3
193.203.0.194,-0.54117227,-2.9529922,32934,193.203.0.194,North America,2
193.203.0.205,-1.1493767,-2.7788603,32934,193.203.0.205,North America,2
193.203.0.21,-0.08930888,-1.9984388,8447,193.203.0.21,Europe,3
193.203.0.213,39.321373,-77.696594,51184,193.203.0.213,Europe,3
193.203.0.245,86.36762,-27.301275,59890,193.203.0.245,Europe,3
193.203.0.26,-0.5432005,-5.9741054,8387,193.203.0.26,Europe,3
193.203.0.3,-2.8591685,-4.856363,2686,193.203.0.3,North America,2
193.203.0.33,-2.4942555,-6.1150746,42,193.203.0.33,North America,2
193.203.0.45,-18.69288,-22.669376,8218,193.203.0.45,Europe,3
193.203.0.5,-2.8591685,-4.856363,5403,193.203.0.5,Europe,3
193.203.0.55,28.230972,-25.71498,8220,193.203.0.55,Europe,3
193.203.0.63,-39.198467,-6.1098075,6720,193.203.0.63,Europe,3
193.203.0.64,34.983166,1.9212935,6730,193.203.0.64,Europe,3
193.203.0.81,33.46997,2.8232481,20751,193.203.0.81,Europe,3
193.203.0.86,34.131947,1.7657382,12577,193.203.0.86,Europe,3
193.203.0.87,33.39901,1.8376498,21360,193.203.0.87,Europe,3
193.203.0.91,-14.420018,-25.536648,13237,193.203.0.91,Europe,3
193.239.116.10,33.2366,2.4975994,35332,193.239.116.10,Europe,3
193.239.116.17,13.726075,-29.380754,20562,193.239.116.17,Europe,3
193.239.116.18,32.123203,1.6907932,31383,193.239.116.18,Europe,3
193.239.116.27,32.449677,1.4636782,13101,193.239.116.27,Europe,3
193.239.116.5,30.23878,2.6689382,24753,193.239.116.5,Europe,3
193.239.116.98,31.986792,3.2368114,39591,193.239.116.98,Europe,3
193.239.117.127,-15.105645,-28.42364,207910,193.239.117.127,Europe,3
193.239.117.18,-13.613583,-28.06536,205206,193.239.117.18,Europe,3
193.239.117.196,31.986792,3.2368114,213392,193.239.117.196,Europe,3
193.239.117.69,-39.224274,-6.825866,137490,193.239.117.69,Europe,3
193.239.118.106,-4.9369917,-38.99509,42541,193.239.118.106,Europe,3
193.239.118.134,33.236492,-1.1976886,197301,193.239.118.134,Europe,3
193.239.118.166,0.4078207,-35.741993,51999,193.239.118.166,,5
193.239.118.216,-14.758844,-27.670998,34927,193.239.118.216,Europe,3
193.239.118.220,-39.964863,-6.5402303,209650,193.239.118.220,Europe,3
193.242.98.13,28.230972,-25.71498,8220,193.242.98.13,Europe,3
193.242.98.137,33.236492,-1.1976886,15699,193.242.98.137,Europe,3
193.242.98.141,-34.9997,-4.0751767,29680,193.242.98.141,Europe,3
193.242.98.143,34.29965,0.82058924,35699,193.242.98.143,Europe,3
193.242.98.144,32.515812,0.4307648,49835,193.242.98.144,Europe,3
193.242.98.160,32.27934,-1.4905111,43578,193.242.98.160,Europe,3
193.242.98.19,32.306316,-0.40328732,766,193.242.98.19,Europe,3
193.242.98.38,33.942287,-2.838254,13041,193.242.98.38,Europe,3
193.242.98.4,32.364853,-3.0500674,16030,193.242.98.4,Europe,3
193.242.98.98,39.026695,8.020783,60082,193.242.98.98,Europe,3
193.43.214.253,-38.28919,-6.103752,44097,193.43.214.253,Europe,3
194.25.5.148,1.3800547,-41.125378,3320,194.25.5.148,Europe,3
194.28.99.120,-16.154722,-27.489702,34872,194.28.99.120,Europe,3
194.50.19.118,-41.265938,-6.8475165,140984,194.50.19.118,Asia,1
194.50.19.4,14.773251,-29.026602,202365,194.50.19.4,Asia,1
194.50.92.251,-15.087999,-28.392569,58057,194.50.92.251,Europe,3
194.50.94.1,-15.216753,-28.35763,61218,194.50.94.1,Europe,3
194.50.99.254,-34.47844,-14.579498,34800,194.50.99.254,Europe,3
194.50.99.88,16.837423,-27.80364,58057,194.50.99.88,Europe,3
194.68.123.104,28.230972,-25.71498,8220,194.68.123.104,Europe,3
194.68.123.111,0.11053089,-3.2883248,3301,194.68.123.111,Europe,3
194.68.123.116,-0.2846733,-2.5434415,3303,194.68.123.116,Europe,3
194.68.123.136,-13.473997,-26.373438,6667,194.68.123.136,Europe,3
194.68.123.138,-1.8138584,-5.026348,13189,194.68.123.138,Europe,3
194.68.123.149,0.58457255,-5.8909597,2116,194.68.123.149,Europe,3
194.68.123.152,0.58457255,-5.8909597,16086,194.68.123.152,Europe,3
194.68.123.156,-0.43853748,-4.976071,39651,194.68.123.156,Europe,3
194.68.123.157,-16.331165,-31.495918,9002,194.68.123.157,Europe,3
194.68.123.164,0.32068878,-6.595555,3327,194.68.123.164,Europe,3
194.68.123.18,-14.30516,-27.490551,42473,194.68.123.18,Europe,3
194.68.123.187,18.543016,-27.537523,6939,194.68.123.187,North America,2
194.68.123.191,-5.043861,-39.108746,199524,194.68.123.191,Europe,3
194.68.123.22,-1.8138584,-5.026348,31027,194.68.123.22,Europe,3
194.68.123.226,-37.53975,0.024349468,24482,194.68.123.226,Asia,1
194.68.123.24,-2.4942555,-6.1150746,2603,194.68.123.24,Europe,3
194.68.123.35,24.802607,-27.312004,31133,194.68.123.35,Europe,3
194.68.123.41,-1.3207564,-6.730781,3292,194.68.123.41,Europe,3
194.68.123.69,-15.014461,-28.57008,208478,194.68.123.69,Europe,3
194.68.123.73,-1.3207564,-6.730781,8674,194.68.123.73,Europe,3
194.68.123.9,-2.8591685,-4.856363,714,194.68.123.9,North America,2
195.208.208.147,-34.382107,-14.732884,28917,195.208.208.147,Europe,3
195.208.208.188,-1.8138584,-5.026348,6866,195.208.208.188,Asia,1
195.208.208.223,-33.97132,-1.218571,20764,195.208.208.223,Europe,3
195.208.208.30,24.867226,-27.3024,8359,195.208.208.30,Europe,3
195.208.208.36,-38.964348,-6.1669784,2895,195.208.208.36,Europe,3
195.208.208.44,32.94612,2.1580477,3267,195.208.208.44,Europe,3
195.208.208.59,33.521343,3.3358727,8470,195.208.208.59,Europe,3
195.208.209.109,-39.86934,0.8653863,24482,195.208.209.109,Asia,1
195.208.209.200,-35.02034,-3.3318293,199524,195.208.209.200,Europe,3
195.208.209.4,-13.694669,-26.774446,41095,195.208.209.4,Europe,3
195.208.209.55,33.889874,2.3367653,29479,195.208.209.55,Europe,3
195.208.209.66,-3.0044148,-37.359848,35598,195.208.209.66,Europe,3
195.208.209.93,-17.803574,-25.431982,25091,195.208.209.93,Europe,3
195.208.210.19,30.828213,0.62464815,2854,195.208.210.19,Europe,3
195.208.210.33,-35.718323,-7.2168293,47441,195.208.210.33,North America,2
195.208.210.40,18.543016,-27.537521,6939,195.208.210.40,North America,2
195.208.210.52,-36.964867,-4.81864,41722,195.208.210.52,Europe,3
195.47.235.100,-37.798107,-7.3938684,6881,195.47.235.100,Europe,3
195.66.224.101,29.898535,1.4349811,5503,195.66.224.101,Europe,3
195.66.224.108,31.986792,3.2368114,5400,195.66.224.108,Europe,3
195.66.224.110,26.938402,-27.505014,3303,195.66.224.110,Europe,3
195.66.224.111,-2.2609596,-39.659702,8607,195.66.224.111,Europe,3
195.66.224.131,-2.3317864,-35.170525,28792,195.66.224.131,Europe,3
195.66.224.133,31.085886,2.2417567,22822,195.66.224.133,North America,2
195.66.224.135,31.986792,3.2368114,31727,195.66.224.135,Europe,3
195.66.224.136,30.77168,3.8364878,13285,195.66.224.136,Europe,3
195.66.224.137,2.087527,-41.172096,3320,195.66.224.137,Europe,3
195.66.224.138,3.2112682,-44.145382,2914,195.66.224.138,North America,2
195.66.224.159,33.162807,-0.38139567,8966,195.66.224.159,Asia,1
195.66.224.167,1.8845099,-42.64282,3491,195.66.224.167,North America,2
195.66.224.172,34.38471,0.025999378,8422,195.66.224.172,Europe,3
195.66.224.175,-35.682014,-1.5417187,13030,195.66.224.175,Europe,3
195.66.224.176,26.33378,-25.97233,9318,195.66.224.176,Asia,1
195.66.224.177,17.163395,-27.947607,4637,195.66.224.177,Asia,1
195.66.224.193,16.808153,-26.88592,9002,195.66.224.193,Europe,3
195.66.224.208,32.613075,-0.5720788,34245,195.66.224.208,Europe,3
195.66.224.21,18.648594,-27.51597,6939,195.66.224.21,North America,2
195.66.224.223,32.80233,-0.34248614,29550,195.66.224.223,Europe,3
195.66.224.232,32.515812,0.4307648,35228,195.66.224.232,Europe,3
195.66.224.31,28.415989,-24.487268,32787,195.66.224.31,North America,2
195.66.224.46,31.36167,-0.4278816,8708,195.66.224.46,Europe,3
195.66.224.49,28.199995,-25.737612,8220,195.66.224.49,Europe,3
195.66.224.59,35.261898,-0.11893373,24931,195.66.224.59,Europe,3
195.66.224.64,32.515812,0.4307648,3292,195.66.224.64,Europe,3
195.66.224.68,33.236492,-1.1976886,30844,195.66.224.68,Europe,3
195.66.224.76,16.721012,-28.93854,6461,195.66.224.76,North America,2
195.66.224.81,-36.48015,-0.41110748,1828,195.66.224.81,North America,2
195.66.224.82,33.859554,-0.5756513,15830,195.66.224.82,Europe,3
195.66.224.83,0.8189715,-35.260662,5511,195.66.224.83,Europe,3
195.66.224.85,34.133457,-1.9501399,6730,195.66.224.85,Europe,3
195.66.224.89,2.1330068,-41.8737,6830,195.66.224.89,Europe,3
195.66.224.93,35.086143,-2.2898839,8851,195.66.224.93,Europe,3
195.66.225.216,-11.279989,-27.549156,25160,195.66.225.216,Europe,3
195.66.225.238,5.749971,-3.8490584,42,195.66.225.238,North America,2
195.66.225.32,-18.44369,-29.168936,6908,195.66.225.32,Europe,3
195.66.225.35,-12.825063,-24.924656,1239,195.66.225.35,North America,2
195.66.225.48,-13.739146,-24.297028,62167,195.66.225.48,Europe,3
195.66.225.54,27.373318,-25.110462,4134,195.66.225.54,Asia,1
195.66.225.7,-1.0664574,-4.803082,34790,195.66.225.7,Europe,3
195.66.226.113,0.8717152,-43.432476,42473,195.66.226.113,Europe,3
195.66.226.123,0.11053089,-3.2883248,60171,195.66.226.123,Europe,3
195.66.226.13,-4.8430843,-39.000313,8896,195.66.226.13,Europe,3
195.66.226.161,-1.2064421,-3.6036615,21320,195.66.226.161,Europe,3
195.66.226.18,13.164434,-29.544415,37721,195.66.226.18,Africa,0
195.66.226.205,0.36756185,-2.4700072,6866,195.66.226.205,Asia,1
195.66.226.212,0.53396624,-45.660767,7489,195.66.226.212,North America,2
195.66.226.31,-12.223354,-22.959505,12779,195.66.226.31,Europe,3
195.66.226.38,-38.064842,-2.3440247,24482,195.66.226.38,Asia,1
195.66.226.84,-39.200825,-3.7683427,60501,195.66.226.84,Europe,3
195.66.226.97,-14.02827,-25.196493,39122,195.66.226.97,Europe,3
195.66.227.104,-13.1856985,-28.472157,207044,195.66.227.104,Europe,3
195.66.227.105,12.530036,-28.333807,34927,195.66.227.105,Europe,3
195.66.227.120,-4.8943796,-39.33767,57695,195.66.227.120,North America,2
195.66.227.148,-34.178806,-0.8035913,14630,195.66.227.148,North America,2
195.66.227.153,-0.052336153,-4.0302935,35228,195.66.227.153,Europe,3
195.66.227.163,-4.7218304,-39.201546,1299,195.66.227.163,Europe,3
195.66.227.169,-0.10890036,-6.613666,35228,195.66.227.169,Europe,3
195.66.227.193,-5.016668,-39.042477,6233,195.66.227.193,North America,2
195.66.227.195,-1.0642565,-43.533314,3170,195.66.227.195,Europe,3
195.66.227.27,13.654347,-28.787014,37680,195.66.227.27,Africa,0
195.66.227.42,-1.5206658,-5.747561,2856,195.66.227.42,Europe,3
195.66.227.58,27.865957,-27.16872,199283,195.66.227.58,Europe,3
195.66.227.75,-1.3207564,-6.730781,62955,195.66.227.75,North America,2
195.66.227.90,-34.553524,0.2129911,51185,195.66.227.90,Europe,3
195.66.227.96,-2.0263975,-4.0308795,56444,195.66.227.96,Europe,3
196.60.8.133,-2.0263975,-4.0308795,8075,196.60.8.133,North America,2
196.60.8.139,-2.4942555,-6.1150746,32653,196.60.8.139,Africa,0
196.60.8.152,2.0073667,-42.728886,3491,196.60.8.152,North America,2
196.60.8.156,-2.8591685,-4.856363,37314,196.60.8.156,Africa,0
196.60.8.171,13.794223,-26.931993,37680,196.60.8.171,Africa,0
196.60.8.172,-1.3207564,-6.730781,327754,196.60.8.172,Africa,0
196.60.8.185,-14.426151,-29.663364,37497,196.60.8.185,Africa,0
196.60.8.188,27.164352,-24.20918,37100,196.60.8.188,Africa,0
196.60.8.190,-14.477957,-26.986313,37239,196.60.8.190,Africa,0
196.60.8.199,12.386468,-27.665228,37640,196.60.8.199,Africa,0
196.60.8.203,-2.0263975,-4.0308795,16637,196.60.8.203,Africa,0
196.60.8.215,27.471169,-23.998043,30844,196.60.8.215,Europe,3
196.60.8.216,-2.8591685,-4.856363,2018,196.60.8.216,Africa,0
196.60.8.22,-40.88352,-8.082513,327960,196.60.8.22,Africa,0
196.60.8.232,27.49901,-26.942608,37662,196.60.8.232,Africa,0
196.60.8.237,-2.0263975,-4.0308795,37546,196.60.8.237,Africa,0
196.60.8.44,14.516521,-27.094486,327983,196.60.8.44,Africa,0
196.60.8.60,-5.7374306,-39.885223,37468,196.60.8.60,Africa,0
196.60.9.137,15.19323,-27.596582,328137,196.60.9.137,Africa,0
196.60.9.155,14.677188,-27.096575,328320,196.60.9.155,Africa,0
196.60.9.161,34.983166,1.9212935,714,196.60.9.161,North America,2
196.60.9.165,13.093598,-26.800161,57695,196.60.9.165,North America,2
196.60.9.188,-38.421997,-6.00264,199524,196.60.9.188,Europe,3
196.60.9.230,19.497532,-27.27717,37721,196.60.9.230,Africa,0
196.60.9.37,14.675624,-27.09619,328137,196.60.9.37,Africa,0
196.60.9.88,33.049988,2.005335,328220,196.60.9.88,Africa,0
197.157.79.173,-35.771698,-0.5335733,37271,197.157.79.173,Africa,0
198.32.160.103,-1.0107797,-37.735096,13030,198.32.160.103,Europe,3
198.32.160.107,33.83797,1.8058507,29838,198.32.160.107,North America,2
198.32.160.12,0.45235622,-43.02838,199524,198.32.160.12,Europe,3
198.32.160.121,31.399223,1.25686,10310,198.32.160.121,North America,2
198.32.160.124,31.857012,1.0999761,46450,198.32.160.124,North America,2
198.32.160.137,0.4443264,-41.2475,19151,198.32.160.137,North America,2
198.32.160.15,31.78216,1.5460889,22691,198.32.160.15,North America,2
198.32.160.168,-33.901794,-4.29405,51185,198.32.160.168,Europe,3
198.32.160.170,0.7878182,-42.83864,14061,198.32.160.170,North America,2
198.32.160.175,31.417206,1.0102788,15695,198.32.160.175,Europe,3
198.32.160.182,-16.331375,-31.495901,9002,198.32.160.182,Europe,3
198.32.160.187,14.944597,-29.402082,6233,198.32.160.187,North America,2
198.32.160.221,27.101536,-25.505562,11164,198.32.160.221,North America,2
198.32.160.224,31.986792,3.2368114,714,198.32.160.224,North America,2
198.32.160.242,-36.394184,-1.1089962,24482,198.32.160.242,Asia,1
198.32.160.25,27.34736,-25.098377,2516,198.32.160.25,Asia,1
198.32.160.39,-35.816628,-1.3075134,9304,198.32.160.39,Asia,1
198.32.160.42,3.0752041,-42.10612,2497,198.32.160.42,Asia,1
198.32.160.45,29.898535,1.4349811,8966,198.32.160.45,Asia,1
198.32.160.47,29.898535,1.4349811,20940,198.32.160.47,Europe,3
198.32.160.58,-0.6250904,-42.80527,21700,198.32.160.58,North America,2
198.32.160.60,30.77168,3.8364878,22691,198.32.160.60,North America,2
198.32.160.61,18.543013,-27.537523,6939,198.32.160.61,North America,2
198.32.160.87,31.986792,3.2368114,11403,198.32.160.87,North America,2
198.32.161.10,28.230978,-25.714972,8220,198.32.161.10,Europe,3
198.32.161.23,14.670195,-29.361923,137409,198.32.161.23,Oceania,6
198.32.176.101,34.43642,3.1417558,3292,198.32.176.101,Europe,3
198.32.176.128,27.101536,-25.505562,11164,198.32.176.128,North America,2
198.32.176.14,2.9142637,-44.112823,2914,198.32.176.14,North America,2
198.32.176.147,1.2041763,-43.42839,14061,198.32.176.147,North America,2
198.32.176.160,27.712334,-24.416859,9505,198.32.176.160,Asia,1
198.32.176.164,0.65575665,-41.698627,19151,198.32.176.164,North America,2
198.32.176.177,-36.541294,-3.0355353,7575,198.32.176.177,Oceania,6
198.32.176.20,17.206503,-27.80377,6939,198.32.176.20,North America,2
198.32.176.214,0.78350645,-43.099545,14907,198.32.176.214,North America,2
198.32.176.226,0.75875485,-42.982292,199524,198.32.176.226,Europe,3
198.32.176.237,32.42988,-1.0709515,714,198.32.176.237,North America,2
198.32.176.24,3.3449895,-42.402588,2497,198.32.176.24,Asia,1
198.32.176.3,-35.506245,-3.4374504,1280,198.32.176.3,North America,2
198.32.176.53,34.114315,-1.0039333,42,198.32.176.53,North America,2
198.32.176.70,2.3234904,-43.44384,6762,198.32.176.70,Europe,3
198.32.242.115,34.114315,-1.0039333,10310,198.32.242.115,North America,2
198.32.242.176,18.543013,-27.537523,6939,198.32.242.176,North America,2
198.32.242.183,26.969564,-27.518127,6774,198.32.242.183,Europe,3
198.32.242.188,34.38471,0.025999378,8075,198.32.242.188,North America,2
198.32.242.200,34.753178,-0.57637846,32934,198.32.242.200,North America,2
198.32.242.213,31.645239,0.092280276,33132,198.32.242.213,North America,2
198.32.242.254,-13.533858,-26.125433,52320,198.32.242.254,South America,4
198.32.242.55,0.26230958,-43.78208,20080,198.32.242.55,North America,2
198.32.243.125,33.23886,-0.035787307,32934,198.32.243.125,North America,2
198.32.243.133,0.7581254,-42.961395,199524,198.32.243.133,Europe,3
198.32.243.161,27.485138,-24.11845,262206,198.32.243.161,North America,2
198.32.243.174,33.778812,0.07021727,10310,198.32.243.174,North America,2
198.32.243.181,-33.765522,-4.7588067,51185,198.32.243.181,Europe,3
198.32.243.189,27.537323,-24.74119,32098,198.32.243.189,North America,2
198.32.243.217,24.721708,-25.577982,37468,198.32.243.217,Africa,0
198.32.243.219,-35.652584,-4.8307624,393950,198.32.243.219,North America,2
198.32.243.47,24.642904,-25.826096,7195,198.32.243.47,South America,4
198.32.243.99,33.23161,-3.2522695,714,198.32.243.99,North America,2
198.58.198.252,-34.38035,-14.736336,1403,198.58.198.252,North America,2
2.56.11.1,-12.960283,-28.834257,34854,2.56.11.1,Europe,3
200.40.162.202,14.883698,-29.473482,6057,200.40.162.202,South America,4
200.7.84.35,35.17608,-1.5417258,28000,200.7.84.35,South America,4
2001:12f8::102,4.247276,22.633566,53070,2001:12f8::102,South America,4
2001:12f8::121,3.70552,23.357843,42473,2001:12f8::121,Europe,3
2001:12f8::127,35.70894,-1.1075118,25933,2001:12f8::127,South America,4
2001:12f8::20,6.8569403,26.746775,28571,2001:12f8::20,South America,4
2001:12f8::208:144,2.1834414,23.766436,24482,2001:12f8::208:144,Asia,1
2001:12f8::210:177,6.6889586,26.84634,52814,2001:12f8::210:177,South America,4
2001:12f8::210:50,3.8398948,23.188343,61595,2001:12f8::210:50,South America,4
2001:12f8::217:110,4.2433214,22.750046,23106,2001:12f8::217:110,South America,4
2001:12f8::217:161,2.961095,24.388603,13786,2001:12f8::217:161,North America,2
2001:12f8::217:186,2.2847595,23.954077,1828,2001:12f8::217:186,North America,2
2001:12f8::217:238,35.17608,-1.5417258,7195,2001:12f8::217:238,South America,4
2001:12f8::217:48,-1.3075055,25.945642,16735,2001:12f8::217:48,South America,4
2001:12f8::217:59,4.2288747,22.733437,23106,2001:12f8::217:59,South America,4
2001:12f8::219,-24.148867,23.788242,14840,2001:12f8::219,South America,4
2001:12f8::219:162,-22.942505,20.663134,52863,2001:12f8::219:162,South America,4
2001:12f8::219:51,3.1961024,23.699524,28186,2001:12f8::219:51,South America,4
2001:12f8::220:210,3.9450912,21.740202,263508,2001:12f8::220:210,South America,4
2001:12f8::220:214,4.101472,21.935211,53067,2001:12f8::220:214,South America,4
2001:12f8::220:216,3.419101,24.61304,52873,2001:12f8::220:216,South America,4
2001:12f8::220:80,3.2183414,24.032925,267613,2001:12f8::220:80,South America,4
2001:12f8::221:193,40.15936,6.3545885,37468,2001:12f8::221:193,Africa,0
2001:12f8::221:238,38.499832,5.1972594,262317,2001:12f8::221:238,South America,4
2001:12f8::222:107,5.8051863,31.643135,263152,2001:12f8::222:107,South America,4
2001:12f8::222:229,4.146667,22.665995,199524,2001:12f8::222:229,Europe,3
2001:12f8::222:45,-23.01212,20.642145,263237,2001:12f8::222:45,South America,4
2001:13c7:7001:4032::35,-22.706568,20.710506,28000,2001:13c7:7001:4032::35,South America,4
2001:1890:111d:1::63,-1.3695953,23.92479,7018,2001:1890:111d:1::63,North America,2
2001:19f0:5001:1cb5:5400:1ff:fed6:7f3f,38.122303,7.008413,48292,2001:19f0:5001:1cb5:5400:1ff:fed6:7f3f,Asia,1
2001:200:0:fe00::12a9:0,4.678864,27.302185,4777,2001:200:0:fe00::12a9:0,Oceania,6
2001:200:0:fe00::6249:0,-6.7298694,33.0944,25152,2001:200:0:fe00::6249:0,Europe,3
2001:200:0:fe00::9c1:0,-1.6618656,21.730824,2497,2001:200:0:fe00::9c1:0,Asia,1
2001:43f8:6d0::133,38.106686,5.936717,8075,2001:43f8:6d0::133,North America,2
2001:43f8:6d0::139,39.978355,5.7467723,32653,2001:43f8:6d0::139,Africa,0
2001:43f8:6d0::15,37.712845,7.7085276,37100,2001:43f8:6d0::15,Africa,0
2001:43f8:6d0::156,37.090855,6.323861,37314,2001:43f8:6d0::156,Africa,0
2001:43f8:6d0::190,-1.5473098,28.125418,37239,2001:43f8:6d0::190,Africa,0
2001:43f8:6d0::199,-10.1649275,35.359913,37640,2001:43f8:6d0::199,Africa,0
2001:43f8:6d0::1b,-0.38095048,22.595915,3491,2001:43f8:6d0::1b,North America,2
2001:43f8:6d0::203,38.995922,5.853286,16637,2001:43f8:6d0::203,Africa,0
2001:43f8:6d0::215,37.712845,7.7085276,30844,2001:43f8:6d0::215,Europe,3
2001:43f8:6d0::216,37.712845,7.7085276,2018,2001:43f8:6d0::216,Africa,0
2001:43f8:6d0::22,-9.906488,36.149906,327960,2001:43f8:6d0::22,Africa,0
2001:43f8:6d0::232,38.553524,4.698288,37662,2001:43f8:6d0::232,Africa,0
2001:43f8:6d0::44,-10.434368,34.90881,327983,2001:43f8:6d0::44,Africa,0
2001:43f8:6d0::60,2.687693,24.28883,37468,2001:43f8:6d0::60,Africa,0
2001:43f8:6d0::9:137,-23.064243,25.022232,328137,2001:43f8:6d0::9:137,Africa,0
2001:43f8:6d0::9:161,36.53359,9.063916,714,2001:43f8:6d0::9:161,North America,2
2001:43f8:6d0::9:165,-10.392029,36.334232,57695,2001:43f8:6d0::9:165,North America,2
2001:43f8:6d0::9:188,-8.315138,34.440407,199524,2001:43f8:6d0::9:188,Europe,3
2001:43f8:6d0::9:230,36.97225,7.2112956,37721,2001:43f8:6d0::9:230,Africa,0
2001:43f8:6d0::9:37,-23.064404,25.022535,328137,2001:43f8:6d0::9:37,Africa,0
2001:43f8:6d0::9:66,-10.956673,35.886215,328206,2001:43f8:6d0::9:66,Africa,0
2001:4950::5,-8.798826,33.573788,20205,2001:4950::5,North America,2
2001:4da8:f000::25,3.9422011,27.957502,28824,2001:4da8:f000::25,Europe,3
2001:504:0:6::6774:1,39.17903,7.085359,6774,2001:504:0:6::6774:1,Europe,3
2001:504:0:6::6939:1,0.32712418,18.938702,6939,2001:504:0:6::6939:1,North America,2
2001:504:0:6::714:1,39.026695,8.020783,714,2001:504:0:6::714:1,North America,2
2001:504:0:6::8075:1,36.97225,7.2112956,8075,2001:504:0:6::8075:1,North America,2
2001:504:0:6::8075:2,39.49438,6.1588297,8075,2001:504:0:6::8075:2,North America,2
2001:504:1::a500:2497:1,-1.8090991,21.522715,2497,2001:504:1::a500:2497:1,Asia,1
2001:504:1::a500:6233:1,-8.059212,34.080505,6233,2001:504:1::a500:6233:1,North America,2
2001:504:1::a500:6939:1,0.3293955,18.960148,6939,2001:504:1::a500:6939:1,North America,2
2001:504:1::a500:714:1,37.090855,6.323861,714,2001:504:1::a500:714:1,North America,2
2001:504:1::a500:8220:1,35.269516,7.4628506,8220,2001:504:1::a500:8220:1,Europe,3
2001:504:1::a500:8966:1,37.537006,9.391968,8966,2001:504:1::a500:8966:1,Asia,1
2001:504:1::a500:9002:1,-6.4949303,22.150537,9002,2001:504:1::a500:9002:1,Europe,3
2001:504:1::a500:9304:1,-3.8878615,28.757874,9304,2001:504:1::a500:9304:1,Asia,1
2001:504:1::a501:1164:1,39.072987,9.102427,11164,2001:504:1::a501:1164:1,North America,2
2001:504:1::a501:3030:1,-20.62967,23.350763,13030,2001:504:1::a501:3030:1,Europe,3
2001:504:1::a501:310:1,38.265835,8.476382,10310,2001:504:1::a501:310:1,North America,2
2001:504:1::a501:9151:1,0.107938625,26.212376,19151,2001:504:1::a501:9151:1,North America,2
2001:504:1::a502:1700:1,-5.4619555,32.105057,21700,2001:504:1::a502:1700:1,North America,2
2001:504:1::a502:4482:1,-2.4799776,25.683693,24482,2001:504:1::a502:4482:1,Asia,1
2001:504:1::a502:940:1,35.759453,6.176837,20940,2001:504:1::a502:940:1,Europe,3
2001:504:1::a504:6450:1,37.751667,6.78206,46450,2001:504:1::a504:6450:1,North America,2
2001:504:1::a505:1185:1,-24.14597,23.785736,51185,2001:504:1::a505:1185:1,Europe,3
2001:504:1::a506:2567:2,-1.3273169,26.220966,14061,2001:504:1::a506:2567:2,North America,2
2001:504:1::a519:9524:1,-5.5520997,31.623207,199524,2001:504:1::a519:9524:1,Europe,3
2001:504::6:0:19:9524:1,-1.4412874,26.447533,199524,2001:504::6:0:19:9524:1,Europe,3
2001:504::6:0:1:310:1,39.69427,6.7348857,10310,2001:504::6:0:1:310:1,North America,2
2001:504::6:0:1:310:2,38.587067,6.7644176,10310,2001:504::6:0:1:310:2,North America,2
2001:504::6:0:1:7195:1,37.213467,5.479103,7195,2001:504::6:0:1:7195:1,South America,4
2001:504::6:0:26:2206:1,36.53359,9.063916,262206,2001:504::6:0:26:2206:1,North America,2
2001:504::6:0:2:80:1,-7.1317253,33.39247,20080,2001:504::6:0:2:80:1,North America,2
2001:504::6:0:3:2098:1,38.265835,8.476382,32098,2001:504::6:0:3:2098:1,North America,2
2001:504::6:0:3:3132:1,39.927517,7.68036,33132,2001:504::6:0:3:3132:1,North America,2
2001:504::6:0:3:7468:1,35.97516,8.12187,37468,2001:504::6:0:3:7468:1,Africa,0
2001:504::6:0:5:1185:1,-24.143877,23.784473,51185,2001:504::6:0:5:1185:1,Europe,3
2001:504::6:0:5:2320:1,-1.3522334,25.862726,52320,2001:504::6:0:5:2320:1,South America,4
2001:504:d::1,-2.0053759,26.49349,1280,2001:504:d::1,North America,2
2001:504:d::10,0.2751271,18.836874,6939,2001:504:d::10,North America,2
2001:504:d::19:9524:1,-1.2163715,26.569155,199524,2001:504:d::19:9524:1,Europe,3
2001:504:d::1:1164:2,39.955143,8.547901,11164,2001:504:d::1:1164:2,North America,2
2001:504:d::1:4061:1,-1.0333135,25.820713,14061,2001:504:d::1:4061:1,North America,2
2001:504:d::1:4907:1,-3.479022,28.03735,14907,2001:504:d::1:4907:1,North America,2
2001:504:d::2,-1.6756107,21.665552,2497,2001:504:d::2,Asia,1
2001:504:d::46,-0.13145721,23.660131,6762,2001:504:d::46,Europe,3
2001:504:d::6,0.9106032,21.758429,2914,2001:504:d::6,North America,2
2001:504:d::714:1,36.399197,7.9967713,714,2001:504:d::714:1,North America,2
2001:504:d::9151:1,-0.2592049,25.960876,19151,2001:504:d::9151:1,North America,2
2001:504:d::a0,35.431835,8.039755,9505,2001:504:d::a0,Asia,1
2001:504:d::ae,39.927517,7.68036,9264,2001:504:d::ae,Asia,1
2001:504:d::b1,-5.918955,32.570152,7575,2001:504:d::b1,Oceania,6
2001:550:2:67::42:2,-0.2625835,27.29235,54574,2001:550:2:67::42:2,North America,2
2001:56a:8002:12::3,-0.42947963,25.219397,852,2001:56a:8002:12::3,North America,2
2001:56b:2:21::3,-1.13705,25.011145,852,2001:56b:2:21::3,North America,2
2001:678:254:1::1,6.2568684,26.771544,47251,2001:678:254:1::1,Europe,3
2001:678:aa4::5,37.746178,4.844061,202297,2001:678:aa4::5,Europe,3
2001:678:cec:f000:871e:cafa:c52e:7198,-7.122669,33.729485,60557,2001:678:cec:f000:871e:cafa:c52e:7198,Europe,3
2001:67c:21ec:5000:5800:ff:fe7e:6ded,-7.0274696,27.66133,56662,2001:67c:21ec:5000:5800:ff:fe7e:6ded,Europe,3
2001:67c:24c::c,3.6268857,27.271881,49420,2001:67c:24c::c,Europe,3
2001:67c:24e4:240::1,-9.711563,37.852215,57381,2001:67c:24e4:240::1,Europe,3
2001:67c:26f4::1,-10.057053,36.650314,57821,2001:67c:26f4::1,Europe,3
2001:67c:ec:253::1,5.2242594,26.78356,44097,2001:67c:ec:253::1,Europe,3
2001:728:1808::2,3.9694512,25.970774,15562,2001:728:1808::2,Europe,3
2001:7f8:13::a500:3280:1,-34.47415,-14.579735,3280,2001:7f8:13::a500:3280:1,Europe,3
2001:7f8:13::a503:4927:1,-4.6857576,28.600548,34927,2001:7f8:13::a503:4927:1,Europe,3
2001:7f8:13::a505:1999:1,-8.5990925,35.180103,51999,2001:7f8:13::a505:1999:1,,5
2001:7f8:13::a513:7490:2,-7.089251,32.58159,137490,2001:7f8:13::a513:7490:2,Europe,3
2001:7f8:13::a520:5206:1,-0.803603,30.131472,205206,2001:7f8:13::a520:5206:1,Europe,3
2001:7f8:13::a520:7910:1,4.011511,27.541298,207910,2001:7f8:13::a520:7910:1,Europe,3
2001:7f8:13::a520:9650:1,4.9140363,26.760843,209650,2001:7f8:13::a520:9650:1,Europe,3
2001:7f8:17::1aee:1,-1.1921642,27.967081,6894,2001:7f8:17::1aee:1,Europe,3
2001:7f8:17::1afc:1,0.98180217,29.541164,6908,2001:7f8:17::1afc:1,Europe,3
2001:7f8:17::201a:1,-1.9565521,32.068054,8218,2001:7f8:17::201a:1,Europe,3
2001:7f8:17::2ca:3,36.448402,6.4241424,714,2001:7f8:17::2ca:3,North America,2
2001:7f8:17::3:3f90:1,36.84927,4.9677806,212880,2001:7f8:17::3:3f90:1,Europe,3
2001:7f8:17::3d4c:1,-22.140783,23.729563,15692,2001:7f8:17::3d4c:1,Europe,3
2001:7f8:17::89c2:1,-0.9000807,30.078651,35266,2001:7f8:17::89c2:1,Europe,3
2001:7f8:17::89f1:1,6.2371607,-2.2553744,35313,2001:7f8:17::89f1:1,Asia,1
2001:7f8:17::903c:1,-0.06112761,28.44271,36924,2001:7f8:17::903c:1,Africa,0
2001:7f8:1::a500:1103:2,-3.8806555,25.34919,1103,2001:7f8:1::a500:1103:2,Europe,3
2001:7f8:1::a500:1140:1,4.1946955,26.96664,1140,2001:7f8:1::a500:1140:1,Europe,3
2001:7f8:1::a500:1273:1,-0.83255404,23.253984,1273,2001:7f8:1::a500:1273:1,,5
2001:7f8:1::a500:19:9524:1,-4.8896422,28.922192,199524,2001:7f8:1::a500:19:9524:1,Europe,3
2001:7f8:1::a500:19:9938:1,-7.022729,32.432896,199938,2001:7f8:1::a500:19:9938:1,Europe,3
2001:7f8:1::a500:3214:1,-7.4319158,33.058456,3214,2001:7f8:1::a500:3214:1,Europe,3
2001:7f8:1::a500:6233:1,-3.787202,28.164951,6233,2001:7f8:1::a500:6233:1,North America,2
2001:7f8:1::a500:6453:1,0.25735816,23.232237,6453,2001:7f8:1::a500:6453:1,North America,2
2001:7f8:1::a500:6461:1,-20.328342,26.496008,6461,2001:7f8:1::a500:6461:1,North America,2
2001:7f8:1::a500:6830:2,-1.481902,23.545746,6830,2001:7f8:1::a500:6830:2,Europe,3
2001:7f8:1::a500:6866:1,6.2371607,-2.2553744,6866,2001:7f8:1::a500:6866:1,Asia,1
2001:7f8:1::a500:6908:1,1.3338946,29.978872,6908,2001:7f8:1::a500:6908:1,Europe,3
2001:7f8:1::a500:6939:1,-1.9078716,17.854824,6939,2001:7f8:1::a500:6939:1,North America,2
2001:7f8:1::a500:714:1,6.3354387,-5.407163,714,2001:7f8:1::a500:714:1,North America,2
2001:7f8:1::a500:8218:2,-1.8677195,32.51347,8218,2001:7f8:1::a500:8218:2,Europe,3
2001:7f8:1::a500:8220:1,6.3354387,-5.407163,8220,2001:7f8:1::a500:8220:1,Europe,3
2001:7f8:1::a500:8283:1,-22.86279,20.656532,8283,2001:7f8:1::a500:8283:1,Europe,3
2001:7f8:1::a500:8455:1,-3.497445,26.474806,8455,2001:7f8:1::a500:8455:1,Europe,3
2001:7f8:1::a500:8708:1,6.2371607,-2.2553744,8708,2001:7f8:1::a500:8708:1,Europe,3
2001:7f8:1::a500:8966:1,7.3754315,-3.7405922,8966,2001:7f8:1::a500:8966:1,Asia,1
2001:7f8:1::a501:2779:1,7.3754315,-3.7405922,12779,2001:7f8:1::a501:2779:1,Europe,3
2001:7f8:1::a501:2859:1,93.21501,-15.296283,12859,2001:7f8:1::a501:2859:1,Europe,3
2001:7f8:1::a501:2859:2,77.504166,-49.95902,12859,2001:7f8:1::a501:2859:2,Europe,3
2001:7f8:1::a501:4907:1,-3.2736993,26.933838,14907,2001:7f8:1::a501:4907:1,North America,2
2001:7f8:1::a501:5435:1,-7.021168,33.0811,15435,2001:7f8:1::a501:5435:1,Europe,3
2001:7f8:1::a502:1263:1,7.3754315,-3.7405922,21263,2001:7f8:1::a502:1263:1,Europe,3
2001:7f8:1::a502:1320:1,7.3754315,-3.7405922,21320,2001:7f8:1::a502:1320:1,Europe,3
2001:7f8:1::a502:4482:1,-23.037222,21.555477,24482,2001:7f8:1::a502:4482:1,Asia,1
2001:7f8:1::a502:495:1,6.3354387,-5.407163,20495,2001:7f8:1::a502:495:1,Europe,3
2001:7f8:1::a502:5160:1,-3.6703558,27.044525,25160,2001:7f8:1::a502:5160:1,Europe,3
2001:7f8:1::a502:9467:1,-5.0376706,25.699821,29467,2001:7f8:1::a502:9467:1,Europe,3
2001:7f8:1::a503:1027:1,7.3754315,-3.7405922,31027,2001:7f8:1::a503:1027:1,Europe,3
2001:7f8:1::a503:2934:1,6.3354387,-5.407163,32934,2001:7f8:1::a503:2934:1,North America,2
2001:7f8:1::a503:2934:2,6.2371607,-2.2553744,32934,2001:7f8:1::a503:2934:2,North America,2
2001:7f8:1::a503:4019:1,1.7619795,33.527325,34019,2001:7f8:1::a503:4019:1,Europe,3
2001:7f8:1::a503:7721:1,-21.777544,19.88636,37721,2001:7f8:1::a503:7721:1,Africa,0
2001:7f8:1::a504:1327:1,6.3354387,-5.407163,41327,2001:7f8:1::a504:1327:1,Europe,3
2001:7f8:1::a504:4684:1,6.3354387,-5.407163,44684,2001:7f8:1::a504:4684:1,Europe,3
2001:7f8:1::a504:7147:1,-9.809244,26.03335,47147,2001:7f8:1::a504:7147:1,Europe,3
2001:7f8:1::a504:9544:1,6.3354387,-5.407163,49544,2001:7f8:1::a504:9544:1,Europe,3
2001:7f8:1::a505:1088:1,-0.4680191,27.590725,51088,2001:7f8:1::a505:1088:1,Europe,3
2001:7f8:1::a505:1185:1,-23.173405,21.160938,51185,2001:7f8:1::a505:1185:1,Europe,3
2001:7f8:1::a505:673:1,-0.8997536,28.751055,50673,2001:7f8:1::a505:673:1,Europe,3
2001:7f8:1::a505:763:1,2.894366,25.477335,50763,2001:7f8:1::a505:763:1,Europe,3
2001:7f8:1::a505:9605:1,-4.15851,26.306644,59605,2001:7f8:1::a505:9605:1,Asia,1
2001:7f8:1::a506:501:1,-24.493439,20.91233,60501,2001:7f8:1::a506:501:1,Europe,3
2001:7f8:1c:24a::201:1,0.19703352,28.211996,513,2001:7f8:1c:24a::201:1,Europe,3
2001:7f8:1c:24a::201c:1,7.3754315,-3.7405922,8220,2001:7f8:1c:24a::201c:1,Europe,3
2001:7f8:1c:24a::22f:1,-23.184765,20.864136,559,2001:7f8:1c:24a::22f:1,Europe,3
2001:7f8:1c:24a::3cbb:1,-6.4895062,37.41286,15547,2001:7f8:1c:24a::3cbb:1,Europe,3
2001:7f8:1c:24a::51c4:1,-4.624684,26.95217,20932,2001:7f8:1c:24a::51c4:1,Europe,3
2001:7f8:1c:24a::51e5:1,6.2371607,-2.2553744,21320,2001:7f8:1c:24a::51e5:1,Europe,3
2001:7f8:1c:24a::6203:1,-20.35024,22.75514,25091,2001:7f8:1c:24a::6203:1,Europe,3
2001:7f8:1c:24a::7226:1,-3.2986023,28.35108,29222,2001:7f8:1c:24a::7226:1,Europe,3
2001:7f8:20:101::208:147,-7.068943,32.953728,28917,2001:7f8:20:101::208:147,Europe,3
2001:7f8:20:101::208:168,7.3754315,-3.7405922,41617,2001:7f8:20:101::208:168,Europe,3
2001:7f8:20:101::208:188,7.3754315,-3.7405922,6866,2001:7f8:20:101::208:188,Asia,1
2001:7f8:20:101::208:223,-1.8742454,29.229145,20764,2001:7f8:20:101::208:223,Europe,3
2001:7f8:20:101::208:44,7.3754315,-3.7405922,3267,2001:7f8:20:101::208:44,Europe,3
2001:7f8:20:101::208:59,6.3354387,-5.407163,8470,2001:7f8:20:101::208:59,Europe,3
2001:7f8:20:101::209:109,-10.259292,22.289145,24482,2001:7f8:20:101::209:109,Asia,1
2001:7f8:20:101::209:200,-1.765921,28.118868,199524,2001:7f8:20:101::209:200,Europe,3
2001:7f8:20:101::209:66,-18.917635,26.610233,35598,2001:7f8:20:101::209:66,Europe,3
2001:7f8:20:101::209:93,-4.6080456,20.06959,25091,2001:7f8:20:101::209:93,Europe,3
2001:7f8:20:101::210:19,6.3354387,-5.407163,2854,2001:7f8:20:101::210:19,Europe,3
2001:7f8:20:101::210:33,3.9914467,27.232378,47441,2001:7f8:20:101::210:33,North America,2
2001:7f8:20:101::210:40,-23.733036,25.42871,6939,2001:7f8:20:101::210:40,North America,2
2001:7f8:20:101::210:52,0.5187868,28.44225,41722,2001:7f8:20:101::210:52,Europe,3
2001:7f8:24::10c,-3.8008153,24.720926,50869,2001:7f8:24::10c,Europe,3
2001:7f8:24::20,-23.064384,25.022486,21232,2001:7f8:24::20,Europe,3
2001:7f8:24::26,-2.2896023,28.522497,59890,2001:7f8:24::26,Europe,3
2001:7f8:24::28,-7.2316504,24.715492,48362,2001:7f8:24::28,Europe,3
2001:7f8:24::39,12.241224,-95.20891,51184,2001:7f8:24::39,Europe,3
2001:7f8:24::3c,-8.23968,35.35079,202194,2001:7f8:24::3c,Europe,3
2001:7f8:24::44,-8.741407,36.3271,12307,2001:7f8:24::44,Europe,3
2001:7f8:24::5,-9.851711,26.102215,47147,2001:7f8:24::5,Europe,3
2001:7f8:24::5a,-0.2861574,30.550991,59414,2001:7f8:24::5a,Europe,3
2001:7f8:24::5e,6.3354387,-5.407163,1836,2001:7f8:24::5e,Europe,3
2001:7f8:24::6,-23.200504,20.979963,8758,2001:7f8:24::6,Europe,3
2001:7f8:24::67,4.624942,26.817356,196621,2001:7f8:24::67,Europe,3
2001:7f8:24::6d,-5.0826683,27.927479,198385,2001:7f8:24::6d,Europe,3
2001:7f8:24::73,-20.264614,26.226171,6461,2001:7f8:24::73,North America,2
2001:7f8:24::74,-1.5489678,32.791695,8218,2001:7f8:24::74,Europe,3
2001:7f8:24::75,-4.592764,20.101519,25091,2001:7f8:24::75,Europe,3
2001:7f8:24::7e,-7.493163,-94.93442,20612,2001:7f8:24::7e,Europe,3
2001:7f8:24::7f,4.151694,26.901308,20612,2001:7f8:24::7f,Europe,3
2001:7f8:24::82,-6.4290247,26.856216,58299,2001:7f8:24::82,Europe,3
2001:7f8:24::8d,-8.173584,36.62579,59891,2001:7f8:24::8d,Europe,3
2001:7f8:24::9,-6.2553787,32.43091,29691,2001:7f8:24::9,Europe,3
2001:7f8:24::95,-6.60385,37.283043,15547,2001:7f8:24::95,Europe,3
2001:7f8:24::9d,-7.7158785,33.760197,48550,2001:7f8:24::9d,Europe,3
2001:7f8:24::ac,7.3754315,-3.7405922,8220,2001:7f8:24::ac,Europe,3
2001:7f8:24::b1,-6.3900514,33.000847,58057,2001:7f8:24::b1,Europe,3
2001:7f8:24::b4,-7.8669357,31.18272,62167,2001:7f8:24::b4,Europe,3
2001:7f8:24::c5,-8.344114,35.851616,51873,2001:7f8:24::c5,Europe,3
2001:7f8:24::c7,-34.462063,-14.579883,198249,2001:7f8:24::c7,Europe,3
2001:7f8:24::cd,-10.259292,22.289145,24482,2001:7f8:24::cd,Asia,1
2001:7f8:24::d8,-8.834438,36.85176,202032,2001:7f8:24::d8,Europe,3
2001:7f8:24::db,-23.269938,19.468796,60501,2001:7f8:24::db,Europe,3
2001:7f8:24::e9,1.7439065,33.543022,34019,2001:7f8:24::e9,Europe,3
2001:7f8:24::ec,-5.302327,27.501778,34927,2001:7f8:24::ec,Europe,3
2001:7f8:24::f,-1.3835369,28.661222,15623,2001:7f8:24::f,Europe,3
2001:7f8:24::f6,-7.8634825,33.789062,51786,2001:7f8:24::f6,Europe,3
2001:7f8:2a::1:1:0:766,7.3754315,-3.7405922,766,2001:7f8:2a::1:1:0:766,Europe,3
2001:7f8:2a::1:1:0:8220,6.2371607,-2.2553744,8220,2001:7f8:2a::1:1:0:8220,Europe,3
2001:7f8:2a::1:1:1:3041,6.3354387,-5.407163,13041,2001:7f8:2a::1:1:1:3041,Europe,3
2001:7f8:2a::1:1:6:82,7.3754315,-3.7405922,60082,2001:7f8:2a::1:1:6:82,Europe,3
2001:7f8:2a::2:1:2:940,7.3754315,-3.7405922,20940,2001:7f8:2a::2:1:2:940,Europe,3
2001:7f8:2a::2:1:2:9680,-0.7460497,28.384441,29680,2001:7f8:2a::2:1:2:9680,Europe,3
2001:7f8:30::1:1:0:1853,6.3354387,-5.407163,1853,2001:7f8:30::1:1:0:1853,,5
2001:7f8:30::1:1:0:6720,5.650432,26.771984,6720,2001:7f8:30::1:1:0:6720,Europe,3
2001:7f8:30::1:1:0:8218,-1.5489678,32.791695,8218,2001:7f8:30::1:1:0:8218,Europe,3
2001:7f8:30::1:1:0:8220,7.3754315,-3.7405922,8220,2001:7f8:30::1:1:0:8220,Europe,3
2001:7f8:30::1:1:0:8447,7.3754315,-3.7405922,8447,2001:7f8:30::1:1:0:8447,Europe,3
2001:7f8:30::1:1:4:7147,-9.808282,26.027628,47147,2001:7f8:30::1:1:4:7147,Europe,3
2001:7f8:30::2:1:0:2686,7.3754315,-3.7405922,2686,2001:7f8:30::2:1:0:2686,North America,2
2001:7f8:30::2:1:0:6939,-1.9116275,17.854143,6939,2001:7f8:30::2:1:0:6939,North America,2
2001:7f8:30::2:1:0:8447,6.3354387,-5.407163,8447,2001:7f8:30::2:1:0:8447,Europe,3
2001:7f8:30::2:1:1:3030,-4.328612,22.988203,13030,2001:7f8:30::2:1:1:3030,Europe,3
2001:7f8:30::2:1:2:1385,6.2371607,-2.2553744,21385,2001:7f8:30::2:1:2:1385,Europe,3
2001:7f8:30::2:1:2:965,5.7676253,-3.585206,21320,2001:7f8:30::2:1:2:965,Europe,3
2001:7f8:30::2:1:3:2934,7.3754315,-3.7405922,32934,2001:7f8:30::2:1:3:2934,North America,2
2001:7f8:30::2:1:3:5369,0.06308248,28.423027,35369,2001:7f8:30::2:1:3:5369,Europe,3
2001:7f8:30::2:1:3:9912,6.3354387,-5.407163,39912,2001:7f8:30::2:1:3:9912,Europe,3
2001:7f8:30::2:1:4:7692,-4.7535872,27.314552,47692,2001:7f8:30::2:1:4:7692,Europe,3
2001:7f8:30::2:1:4:8362,-7.386511,24.665564,48362,2001:7f8:30::2:1:4:8362,Europe,3
2001:7f8:30::2:1:5:1184,-9.75464,29.24807,51184,2001:7f8:30::2:1:5:1184,Europe,3
2001:7f8:30::2:1:5:9890,94.3477,0.52575433,59890,2001:7f8:30::2:1:5:9890,Europe,3
2001:7f8:30::2:1:67:30,33.861195,0.43933728,6730,2001:7f8:30::2:1:67:30,Europe,3
2001:7f8:30::2:2:3:2934,1.6580266,-3.097588,32934,2001:7f8:30::2:2:3:2934,North America,2
2001:7f8:4::1026:1,1.8061299,-3.8024576,4134,2001:7f8:4::1026:1,Asia,1
2001:7f8:4::121d:2,-20.386597,26.018906,4637,2001:7f8:4::121d:2,Asia,1
2001:7f8:4::1518:1,1.8898324,-4.1693425,5400,2001:7f8:4::1518:1,Europe,3
2001:7f8:4::1859:1,-2.0725448,27.705696,6233,2001:7f8:4::1859:1,North America,2
2001:7f8:4::193d:1,-20.264614,26.226171,6461,2001:7f8:4::193d:1,North America,2
2001:7f8:4::1aae:4,-1.3160865,23.824665,6830,2001:7f8:4::1aae:4,Europe,3
2001:7f8:4::1ad2:1,1.765181,-3.5448306,6866,2001:7f8:4::1ad2:1,Asia,1
2001:7f8:4::1afc:1,1.149669,29.837812,6908,2001:7f8:4::1afc:1,Europe,3
2001:7f8:4::1b1b:1,-0.108981736,18.772139,6939,2001:7f8:4::1b1b:1,North America,2
2001:7f8:4::1d41:1,-7.0623336,32.25678,7489,2001:7f8:4::1d41:1,North America,2
2001:7f8:4::201c:1,1.5965033,-2.84521,8220,2001:7f8:4::201c:1,Europe,3
2001:7f8:4::219f:1,-7.8060985,34.181458,8607,2001:7f8:4::219f:1,Europe,3
2001:7f8:4::2204:1,1.9012642,-4.4350715,8708,2001:7f8:4::2204:1,Europe,3
2001:7f8:4::22c0:1,-2.4745052,27.603737,8896,2001:7f8:4::22c0:1,Europe,3
2001:7f8:4::2306:1,1.9654764,-5.2483535,8966,2001:7f8:4::2306:1,Asia,1
2001:7f8:4::232a:1,-6.4632006,22.190382,9002,2001:7f8:4::232a:1,Europe,3
2001:7f8:4::31eb:1,-22.542385,21.042044,12779,2001:7f8:4::31eb:1,Europe,3
2001:7f8:4::32e6:1,-4.277457,23.115364,13030,2001:7f8:4::32e6:1,Europe,3
2001:7f8:4::3926:1,-9.829271,36.24865,14630,2001:7f8:4::3926:1,North America,2
2001:7f8:4::3:28c4:1,-0.4409184,30.105543,207044,2001:7f8:4::3:28c4:1,Europe,3
2001:7f8:4::3:a73:1,-21.029148,23.46577,199283,2001:7f8:4::3:a73:1,Europe,3
2001:7f8:4::4d7:1,-2.4641583,23.234793,1239,2001:7f8:4::4d7:1,North America,2
2001:7f8:4::513:1,0.95853335,23.19918,1299,2001:7f8:4::513:1,Europe,3
2001:7f8:4::5348:1,3.3994837,-1.9861728,21320,2001:7f8:4::5348:1,Europe,3
2001:7f8:4::5fa2:1,-2.6284537,25.848536,24482,2001:7f8:4::5fa2:1,Asia,1
2001:7f8:4::6248:1,-3.6685927,27.044764,25160,2001:7f8:4::6248:1,Europe,3
2001:7f8:4::724:1,1.7080835,23.772293,1828,2001:7f8:4::724:1,North America,2
2001:7f8:4::7992:1,-3.1732717,26.752552,31122,2001:7f8:4::7992:1,Europe,3
2001:7f8:4::886f:1,-6.908476,32.04671,34927,2001:7f8:4::886f:1,Europe,3
2001:7f8:4::9359:1,-21.45529,20.675474,37721,2001:7f8:4::9359:1,Africa,0
2001:7f8:4::98d2:1,-4.1345286,26.567245,39122,2001:7f8:4::98d2:1,Europe,3
2001:7f8:4::a5e9:1,-1.8999316,26.863129,42473,2001:7f8:4::a5e9:1,Europe,3
2001:7f8:4::b28:6,3.4649992,-4.9974036,2856,2001:7f8:4::b28:6,Europe,3
2001:7f8:4::b62:1,1.00112,21.594822,2914,2001:7f8:4::b62:1,North America,2
2001:7f8:4::c7f1:1,-23.058685,20.682415,51185,2001:7f8:4::c7f1:1,Europe,3
2001:7f8:4::cf8:1,-22.852892,21.246922,3320,2001:7f8:4::cf8:1,Europe,3
2001:7f8:4::da3:1,-0.7059231,22.897915,3491,2001:7f8:4::da3:1,North America,2
2001:7f8:4::e15f:1,-6.990193,32.331944,57695,2001:7f8:4::e15f:1,North America,2
2001:7f8:4::e2c9:1,-7.0989623,32.302444,58057,2001:7f8:4::e2c9:1,Europe,3
2001:7f8:4::ec55:1,-24.47461,20.584274,60501,2001:7f8:4::ec55:1,Europe,3
2001:7f8:4::ee11:1,-0.8826321,30.02747,3170,2001:7f8:4::ee11:1,Europe,3
2001:7f8:4::f2d7:1,-7.000084,30.989838,62167,2001:7f8:4::f2d7:1,Europe,3
2001:7f8:54:5::54,3.4649992,-4.9974036,8966,2001:7f8:54:5::54,Asia,1
2001:7f8:54:5::7,-2.2920864,32.418808,8218,2001:7f8:54:5::7,Europe,3
2001:7f8:54::1,-2.2920864,32.418808,8218,2001:7f8:54::1,Europe,3
2001:7f8:54::123,-4.475019,25.65335,198290,2001:7f8:54::123,Europe,3
2001:7f8:54::156,-6.4895062,37.41286,15547,2001:7f8:54::156,Europe,3
2001:7f8:54::172,-7.7112427,33.643543,58308,2001:7f8:54::172,Europe,3
2001:7f8:54::177,-22.482805,21.103828,12779,2001:7f8:54::177,Europe,3
2001:7f8:54::178,4.1008873,-2.0135863,8966,2001:7f8:54::178,Asia,1
2001:7f8:54::1:143,-20.419544,22.307117,50628,2001:7f8:54::1:143,Europe,3
2001:7f8:54::1:175,-7.708946,33.010956,199524,2001:7f8:54::1:175,Europe,3
2001:7f8:54::1:176,2.7968378,-4.114306,714,2001:7f8:54::1:176,North America,2
2001:7f8:54::1:180,-18.748877,26.80323,6461,2001:7f8:54::1:180,North America,2
2001:7f8:54::1:204,-15.591924,-28.328821,42275,2001:7f8:54::1:204,Europe,3
2001:7f8:54::1:228,-0.40537822,27.7169,39533,2001:7f8:54::1:228,Europe,3
2001:7f8:54::1:239,-20.254114,25.277058,37721,2001:7f8:54::1:239,Africa,0
2001:7f8:54::1:46,-3.994973,26.215063,56665,2001:7f8:54::1:46,Europe,3
2001:7f8:54::1:83,-4.5911407,20.096973,25091,2001:7f8:54::1:83,Europe,3
2001:7f8:54::205,-4.2774906,26.65416,29075,2001:7f8:54::205,Europe,3
2001:7f8:54::228,-2.628661,25.84911,24482,2001:7f8:54::228,Asia,1
2001:7f8:54::240,3.4649992,-4.9974036,43100,2001:7f8:54::240,Europe,3
2001:7f8:54::246,1.259735,27.819166,2613,2001:7f8:54::246,Europe,3
2001:7f8:54::249,-1.4193729,27.828001,49434,2001:7f8:54::249,Europe,3
2001:7f8:54::27,2.849361,29.366415,57199,2001:7f8:54::27,Europe,3
2001:7f8:54::32,-7.6947746,33.13399,34177,2001:7f8:54::32,Europe,3
2001:7f8:54::34,3.5765886,27.360125,35360,2001:7f8:54::34,Europe,3
2001:7f8:54::36,-20.428484,22.306822,16347,2001:7f8:54::36,Europe,3
2001:7f8:54::55,3.7232695,27.333935,35600,2001:7f8:54::55,Europe,3
2001:7f8:54::58,3.4649992,-4.9974036,8220,2001:7f8:54::58,Europe,3
2001:7f8:54::61,-0.9155416,29.85965,8426,2001:7f8:54::61,Europe,3
2001:7f8:54::71,1.8530284,33.472775,34019,2001:7f8:54::71,Europe,3
2001:7f8:54::89,2.5057435,-1.9727969,15830,2001:7f8:54::89,Europe,3
2001:7f8:54::97,-8.932955,35.412903,41157,2001:7f8:54::97,Europe,3
2001:7f8:64:225::1,-20.304901,25.398016,39107,2001:7f8:64:225::1,Europe,3
2001:7f8:64:225::1:310:2,3.4649992,-4.9974036,10310,2001:7f8:64:225::1:310:2,North America,2
2001:7f8:64:225::3233:1,3.984393,-6.2529945,3233,2001:7f8:64:225::3233:1,Europe,3
2001:7f8:64:225::3:9668:1,3.4649992,-4.9974036,39668,2001:7f8:64:225::3:9668:1,Europe,3
2001:7f8:64:225::4:8571:1,-5.5655146,33.1552,48571,2001:7f8:64:225::4:8571:1,Europe,3
2001:7f8:64:225::5705:0:1,-10.218043,37.18764,57050,2001:7f8:64:225::5705:0:1,Europe,3
2001:7f8:64:225::5:6430:1,-11.011076,36.828495,56430,2001:7f8:64:225::5:6430:1,Europe,3
2001:7f8:64:225::6830:1,3.4649992,-4.9974036,6830,2001:7f8:64:225::6830:1,Europe,3
2001:7f8:64:225::8075:1,3.1742976,-1.3406309,8075,2001:7f8:64:225::8075:1,North America,2
2001:7f8:64:225::8220:1,4.581784,-4.927929,8220,2001:7f8:64:225::8220:1,Europe,3
2001:7f8::1525:0:1,3.161183,-3.210094,5413,2001:7f8::1525:0:1,Europe,3
2001:7f8::1859:0:1,-4.81675,27.274296,6233,2001:7f8::1859:0:1,North America,2
2001:7f8::193d:0:1,-20.264622,26.225588,6461,2001:7f8::193d:0:1,North America,2
2001:7f8::1a0b:0:1,85.417465,-40.187885,6667,2001:7f8::1a0b:0:1,Europe,3
2001:7f8::1a6a:0:1,0.11698045,23.768742,6762,2001:7f8::1a6a:0:1,Europe,3
2001:7f8::1a76:0:1,3.161183,-3.210094,6774,2001:7f8::1a76:0:1,Europe,3
2001:7f8::1ad2:0:1,4.1008873,-2.0135863,6866,2001:7f8::1ad2:0:1,Asia,1
2001:7f8::1afc:0:1,1.3291954,30.029955,6908,2001:7f8::1afc:0:1,Europe,3
2001:7f8::1b1b:0:1,0.50320935,18.51468,6939,2001:7f8::1b1b:0:1,North America,2
2001:7f8::201a:0:1,-1.5489678,32.791695,8218,2001:7f8::201a:0:1,Europe,3
2001:7f8::201c:0:1,3.4649992,-4.9974036,8220,2001:7f8::201c:0:1,Europe,3
2001:7f8::201c:0:2,3.161183,-3.210094,8220,2001:7f8::201c:0:2,Europe,3
2001:7f8::20a7:0:1,2.5057435,-1.9727969,8359,2001:7f8::20a7:0:1,Europe,3
2001:7f8::20ad:0:1,4.4057364,-2.8370368,8365,2001:7f8::20ad:0:1,Europe,3
2001:7f8::2204:0:1,4.5393076,-3.6942117,8708,2001:7f8::2204:0:1,Europe,3
2001:7f8::223b:0:1,3.4649992,-4.9974036,8763,2001:7f8::223b:0:1,Europe,3
2001:7f8::229:0:1,-5.436492,25.854128,553,2001:7f8::229:0:1,Europe,3
2001:7f8::2306:0:1,3.161183,-3.210094,8966,2001:7f8::2306:0:1,Asia,1
2001:7f8::232a:0:1,-6.4157143,22.260853,9002,2001:7f8::232a:0:1,Europe,3
2001:7f8::2a8:0:1,-1.4507896,26.986063,680,2001:7f8::2a8:0:1,Europe,3
2001:7f8::3043:0:1,4.1770115,-3.8461235,12355,2001:7f8::3043:0:1,Europe,3
2001:7f8::30b6:0:1,-14.897747,-25.791397,12470,2001:7f8::30b6:0:1,Europe,3
2001:7f8::31eb:0:1,-22.541372,21.048267,12779,2001:7f8::31eb:0:1,Europe,3
2001:7f8::32e6:0:1,-4.328612,22.988203,13030,2001:7f8::32e6:0:1,Europe,3
2001:7f8::36ed:0:1,-2.9076915,26.391806,14061,2001:7f8::36ed:0:1,North America,2
2001:7f8::3:2138:0:2,4.386204,26.60164,205112,2001:7f8::3:2138:0:2,Europe,3
2001:7f8::3:2614:0:1,3.782878,28.303423,206356,2001:7f8::3:2614:0:1,Europe,3
2001:7f8::3:26a3:0:1,-23.203188,21.14196,206499,2001:7f8::3:26a3:0:1,Europe,3
2001:7f8::3:2afd:0:1,-6.366879,28.304081,207613,2001:7f8::3:2afd:0:1,Europe,3
2001:7f8::3:30ce:0:1,5.27771,25.782204,209102,2001:7f8::3:30ce:0:1,Europe,3
2001:7f8::3:409f:0:1,-7.004452,28.369068,213151,2001:7f8::3:409f:0:1,Europe,3
2001:7f8::3:b64:0:2,-5.0487533,27.986269,199524,2001:7f8::3:b64:0:2,Europe,3
2001:7f8::47e3:0:1,4.5425344,-4.250001,18403,2001:7f8::47e3:0:1,Asia,1
2001:7f8::4d7:0:1,-2.3179483,23.87435,1239,2001:7f8::4d7:0:1,North America,2
2001:7f8::514b:0:1,-5.773764,25.310377,20811,2001:7f8::514b:0:1,Europe,3
2001:7f8::51e5:0:1,3.161183,-3.210094,21320,2001:7f8::51e5:0:1,Europe,3
2001:7f8::530f:0:1,4.4057364,-2.8370368,21263,2001:7f8::530f:0:1,Europe,3
2001:7f8::53a4:0:1,-9.093247,35.47005,21412,2001:7f8::53a4:0:1,Europe,3
2001:7f8::5fa2:0:1,-10.426697,22.149702,24482,2001:7f8::5fa2:0:1,Asia,1
2001:7f8::6181:0:1,-4.3394327,25.760408,24961,2001:7f8::6181:0:1,Europe,3
2001:7f8::6284:0:1,-6.0526175,28.01695,25220,2001:7f8::6284:0:1,Europe,3
2001:7f8::71d4:0:1,-4.99758,27.536116,29140,2001:7f8::71d4:0:1,Europe,3
2001:7f8::7933:0:1,3.4649992,-4.9974036,31027,2001:7f8::7933:0:1,Europe,3
2001:7f8::8463:0:1,4.4057364,-2.8370368,33891,2001:7f8::8463:0:1,Europe,3
2001:7f8::84e3:0:1,1.6548429,33.64685,34019,2001:7f8::84e3:0:1,Europe,3
2001:7f8::85f0:0:1,-3.0067945,26.629465,34288,2001:7f8::85f0:0:1,Europe,3
2001:7f8::886f:0:1,-5.6079574,27.139875,34927,2001:7f8::886f:0:1,Europe,3
2001:7f8::89f1:0:1,3.161183,-3.210094,35313,2001:7f8::89f1:0:1,Asia,1
2001:7f8::89f8:0:1,3.161183,-3.210094,35320,2001:7f8::89f8:0:1,Europe,3
2001:7f8::8b7e:0:1,-6.393356,34.95643,35710,2001:7f8::8b7e:0:1,Europe,3
2001:7f8::9359:0:1,-23.156149,20.7984,37721,2001:7f8::9359:0:1,Africa,0
2001:7f8::a16f:0:1,4.024128,-1.4234167,41327,2001:7f8::a16f:0:1,Europe,3
2001:7f8::a5e9:0:3,-9.809854,25.962828,47147,2001:7f8::a5e9:0:3,Europe,3
2001:7f8::a6d4:0:1,2.5057435,-1.9727969,42708,2001:7f8::a6d4:0:1,Europe,3
2001:7f8::b29:0:1,3.161183,-3.210094,2857,2001:7f8::b29:0:1,Europe,3
2001:7f8::b62:0:1,0.99792063,21.589943,2914,2001:7f8::b62:0:1,North America,2
2001:7f8::ba4c:0:1,-4.753145,27.314573,47692,2001:7f8::ba4c:0:1,Europe,3
2001:7f8::bcea:0:1,-7.386511,24.665564,48362,2001:7f8::bcea:0:1,Europe,3
2001:7f8::be06:0:1,-23.0131,21.220516,48646,2001:7f8::be06:0:1,Europe,3
2001:7f8::bf17:0:2,-5.2344174,27.537157,48919,2001:7f8::bf17:0:2,Europe,3
2001:7f8::c221:0:1,-6.7016244,28.074875,49697,2001:7f8::c221:0:1,Europe,3
2001:7f8::c7f0:0:1,-9.754641,29.248653,51184,2001:7f8::c7f0:0:1,Europe,3
2001:7f8::c7f1:0:1,-23.171188,21.158117,51185,2001:7f8::c7f1:0:1,Europe,3
2001:7f8::c8e:0:1,-6.2853107,28.441645,3214,2001:7f8::c8e:0:1,Europe,3
2001:7f8::e15f:0:1,5.3544426,25.955185,57695,2001:7f8::e15f:0:1,North America,2
2001:7f8::e2c9:0:1,-7.1731973,28.130386,58057,2001:7f8::e2c9:0:1,Europe,3
2001:7f8::e3bb:0:1,-6.830203,26.742891,58299,2001:7f8::e3bb:0:1,Europe,3
2001:7f8::eb09:0:1,0.8311089,-3.7531335,60169,2001:7f8::eb09:0:1,Europe,3
2001:7f8::ec55:0:1,-24.493439,20.91233,60501,2001:7f8::ec55:0:1,Europe,3
2001:7f8::fbdb:0:1,5.1613383,25.192413,64475,2001:7f8::fbdb:0:1,Europe,3
2001:7f8:b:100:1d1:a519:9524:55,-9.379752,34.732872,199524,2001:7f8:b:100:1d1:a519:9524:55,Europe,3
2001:7f8:b:100:1d1:a520:1333:74,3.7000172,26.052237,201333,2001:7f8:b:100:1d1:a520:1333:74,Europe,3
2001:7f8:b:100:1d1:a520:2032:192,-10.012601,35.754032,202032,2001:7f8:b:100:1d1:a520:2032:192,Europe,3
2001:7f8:b:100:1d1:a5d0:5396:4,-23.06431,25.022211,5396,2001:7f8:b:100:1d1:a5d0:5396:4,Europe,3
2001:7f8:b:100:1d1:a5d0:5602:10,1.0598906,-4.918488,5602,2001:7f8:b:100:1d1:a5d0:5602:10,Europe,3
2001:7f8:b:100:1d1:a5d0:6939:125,0.21405755,18.750124,6939,2001:7f8:b:100:1d1:a5d0:6939:125,North America,2
2001:7f8:b:100:1d1:a5d0:8220:68,1.2898018,-5.6010985,8220,2001:7f8:b:100:1d1:a5d0:8220:68,Europe,3
2001:7f8:b:100:1d1:a5d1:2637:86,-0.48095834,27.943527,12637,2001:7f8:b:100:1d1:a5d1:2637:86,Europe,3
2001:7f8:b:100:1d1:a5d1:2779:65,-4.17245,26.044592,12779,2001:7f8:b:100:1d1:a5d1:2779:65,Europe,3
2001:7f8:b:100:1d1:a5d1:5605:120,-5.012283,27.405746,15605,2001:7f8:b:100:1d1:a5d1:5605:120,Europe,3
2001:7f8:b:100:1d1:a5d2:4482:158,-10.301624,22.25198,24482,2001:7f8:b:100:1d1:a5d2:4482:158,Asia,1
2001:7f8:b:100:1d1:a5d2:811:88,-5.51614,24.956743,20811,2001:7f8:b:100:1d1:a5d2:811:88,Europe,3
2001:7f8:b:100:1d1:a5d2:912:54,-8.009785,36.07635,20912,2001:7f8:b:100:1d1:a5d2:912:54,Europe,3
2001:7f8:b:100:1d1:a5d2:965:183,0.8620174,-4.0241246,21320,2001:7f8:b:100:1d1:a5d2:965:183,Europe,3
2001:7f8:b:100:1d1:a5d4:1327:51,-3.8986058,26.116577,41327,2001:7f8:b:100:1d1:a5d4:1327:51,Europe,3
2001:7f8:b:100:1d1:a5d4:9605:127,-0.084027395,28.137196,49605,2001:7f8:b:100:1d1:a5d4:9605:127,Europe,3
2001:7f8:b:100:1d1:a5d4:9709:219,-23.06418,25.021324,49709,2001:7f8:b:100:1d1:a5d4:9709:219,Europe,3
2001:7f8:b:100:1d1:a5d5:1185:102,-22.64524,20.827526,51185,2001:7f8:b:100:1d1:a5d5:1185:102,Europe,3
2001:7f8:b:100:1d1:a5d5:7111:13,-6.5224,32.965813,57111,2001:7f8:b:100:1d1:a5d5:7111:13,Europe,3
2001:7f8:b:100:1d1:a5d5:7463:216,-18.910444,26.648724,57463,2001:7f8:b:100:1d1:a5d5:7463:216,Europe,3
2001:7f8:b:100:1d1:a5d5:877:225,-2.927894,27.599821,50877,2001:7f8:b:100:1d1:a5d5:877:225,Europe,3
2001:7f8:b:100:1d1:a5d6:501:138,-23.879454,19.732655,60501,2001:7f8:b:100:1d1:a5d6:501:138,Europe,3
2001:7f8:d:ff::104,-0.8646674,-2.101231,8220,2001:7f8:d:ff::104,Europe,3
2001:7f8:d:ff::136,-2.3336112,27.33996,6667,2001:7f8:d:ff::136,Europe,3
2001:7f8:d:ff::152,-0.60160017,-3.3539069,16086,2001:7f8:d:ff::152,Europe,3
2001:7f8:d:ff::157,-6.4949303,22.150537,9002,2001:7f8:d:ff::157,Europe,3
2001:7f8:d:ff::164,-0.8646674,-2.101231,3327,2001:7f8:d:ff::164,Europe,3
2001:7f8:d:ff::18,-2.2307427,28.142328,42473,2001:7f8:d:ff::18,Europe,3
2001:7f8:d:ff::187,-1.9107883,17.854229,6939,2001:7f8:d:ff::187,North America,2
2001:7f8:d:ff::191,-8.530753,35.118336,199524,2001:7f8:d:ff::191,Europe,3
2001:7f8:d:ff::22,-1.2082108,-3.3039913,31027,2001:7f8:d:ff::22,Europe,3
2001:7f8:d:ff::226,-22.54308,21.428215,24482,2001:7f8:d:ff::226,Asia,1
2001:7f8:d:ff::35,0.36756185,-2.4700072,31133,2001:7f8:d:ff::35,Europe,3
2001:7f8:d:ff::41,-1.1068149,-4.2570944,3292,2001:7f8:d:ff::41,Europe,3
2001:7f8:d:ff::9,0.038750928,-4.4769096,714,2001:7f8:d:ff::9,North America,2
2001:7f8:e7:c232::6358,-22.140799,23.727957,58057,2001:7f8:e7:c232::6358,Europe,3
2001:7f8:e7:c232::63fe,-7.5890656,34.33364,34800,2001:7f8:e7:c232::63fe,Europe,3
2001:978:4::b,0.8344438,23.306967,174,2001:978:4::b,North America,2
2001:de8:4::13:3210:1,3.067216,25.84607,133210,2001:de8:4::13:3210:1,Asia,1
2001:de8:4::13:7409:1,-22.352768,25.014965,137409,2001:de8:4::13:7409:1,Oceania,6
2001:de8:4::19:9524:1,-23.063549,25.020067,199524,2001:de8:4::19:9524:1,Europe,3
2001:de8:4::1:4061:2,-0.5883664,26.62623,14061,2001:de8:4::1:4061:2,North America,2
2001:de8:4::1:4907:1,-3.803975,28.89716,14907,2001:de8:4::1:4907:1,North America,2
2001:de8:4::1:8106:1,-3.3119922,25.756784,18106,2001:de8:4::1:8106:1,Asia,1
2001:de8:4::3491:1,-0.3505378,22.692348,3491,2001:de8:4::3491:1,North America,2
2001:de8:4::4775:1,-0.16389325,-5.383569,4775,2001:de8:4::4775:1,Asia,1
2001:de8:4::5:8500:1,-0.46042123,-3.9394934,58500,2001:de8:4::5:8500:1,Asia,1
2001:de8:4::5:8952:1,-20.37485,25.383512,58952,2001:de8:4::5:8952:1,Asia,1
2001:de8:4::714:1,-0.622082,-4.4976764,714,2001:de8:4::714:1,North America,2
2001:de8:4::8075:1,-0.49815646,-3.972458,8075,2001:de8:4::8075:1,North America,2
2001:de8:4::8220:1,0.2976848,-4.647756,8220,2001:de8:4::8220:1,Europe,3
2001:de8:4::9930:1,0.58457255,-5.8909597,9930,2001:de8:4::9930:1,Asia,1
2003:0:f000:4000::1,-22.82893,21.25201,3320,2003:0:f000:4000::1,Europe,3
202.249.2.169,3.2093263,-41.766403,2497,202.249.2.169,Asia,1
202.249.2.183,-1.1068149,-4.2570944,42,202.249.2.183,North America,2
202.249.2.185,-35.222942,-4.0296345,25152,202.249.2.185,Europe,3
202.249.2.20,-30.153978,-5.058152,4777,202.249.2.20,Oceania,6
202.69.160.152,-35.79805,-1.7490169,17639,202.69.160.152,Asia,1
203.119.104.1,-39.67027,-5.737256,4608,203.119.104.1,Oceania,6
203.123.48.6,-41.1722,-6.6460247,37989,203.123.48.6,Asia,1
208.51.134.248,-5.0525765,-39.113655,3549,208.51.134.248,North America,2
208.80.153.193,0.36094517,-43.02664,14907,208.80.153.193,North America,2
217.151.205.144,-14.508869,-27.49141,20514,217.151.205.144,Europe,3
217.29.66.10,-0.7989792,-43.85972,5602,217.29.66.10,Europe,3
217.29.66.102,-34.879436,0.4878106,51185,217.29.66.102,Europe,3
217.29.66.120,-34.329975,-2.2356238,15605,217.29.66.120,Europe,3
217.29.66.125,18.543016,-27.537523,6939,217.29.66.125,North America,2
217.29.66.127,-14.531725,-26.460938,49605,217.29.66.127,Europe,3
217.29.66.131,0.11053089,-3.2883248,32934,217.29.66.131,North America,2
217.29.66.138,11.141778,-28.264225,60501,217.29.66.138,Europe,3
217.29.66.158,-39.869453,0.8657365,24482,217.29.66.158,Asia,1
217.29.66.183,0.2522659,-4.1551595,21320,217.29.66.183,Europe,3
217.29.66.192,15.089172,-28.79573,202032,217.29.66.192,Europe,3
217.29.66.216,23.986153,-25.918367,57463,217.29.66.216,Europe,3
217.29.66.218,-0.8800002,-5.4212456,203201,217.29.66.218,Europe,3
217.29.66.219,15.10809,-28.533184,49709,217.29.66.219,Europe,3
217.29.66.225,-14.099825,-26.426538,50877,217.29.66.225,Europe,3
217.29.66.233,-9.888411,-31.897724,8660,217.29.66.233,Europe,3
217.29.66.24,-0.15425116,-5.7677546,9026,217.29.66.24,Europe,3
217.29.66.4,-0.6586931,-43.584885,5396,217.29.66.4,Europe,3
217.29.66.5,-4.869648,-39.345127,5392,217.29.66.5,Europe,3
217.29.66.62,-0.43853748,-4.976071,8816,217.29.66.62,Europe,3
217.29.66.65,-12.2303095,-22.965769,12779,217.29.66.65,Europe,3
217.29.66.68,28.230972,-25.71498,8220,217.29.66.68,Europe,3
217.29.66.86,0.54787433,-43.404198,12637,217.29.66.86,Europe,3
217.29.66.87,-2.8591685,-4.856363,29449,217.29.66.87,Europe,3
217.29.66.88,-15.069307,-25.417654,20811,217.29.66.88,Europe,3
217.29.67.12,-1.5156852,-5.7581353,51333,217.29.67.12,Europe,3
217.29.67.13,0.016615886,-45.818752,57111,217.29.67.13,Europe,3
217.29.67.24,0.20382535,-44.186462,199181,217.29.67.24,Europe,3
217.29.67.36,-2.4942555,-6.1150746,62166,217.29.67.36,Europe,3
217.29.67.51,-13.477286,-25.55309,41327,217.29.67.51,Europe,3
217.29.67.54,-1.1563083,-44.066746,20912,217.29.67.54,Europe,3
217.29.67.55,0.043057594,-43.97698,199524,217.29.67.55,Europe,3
217.29.67.74,0.87674236,-44.64722,201333,217.29.67.74,Europe,3
217.76.0.17,-40.68809,-6.395567,43733,217.76.0.17,Asia,1
23.129.32.61,-41.07397,-6.6293526,49134,23.129.32.61,Europe,3
23.139.160.31,-35.849,-7.1872363,26073,23.139.160.31,North America,2
2401:d9c0::1,6.8578806,26.83426,64271,2401:d9c0::1,North America,2
2405:3200:0:23::,-4.0419445,26.359884,17639,2405:3200:0:23::,Asia,1
2405:fc00::6,-6.8195486,33.99888,37989,2405:fc00::6,Asia,1
2406:840:eb89::1,-3.8270278,25.551243,140731,2406:840:eb89::1,Asia,1
2406:f400:8:34::1,3.4320095,25.543392,38001,2406:f400:8:34::1,Asia,1
2602:fed2:fc0:5e::1,6.758871,26.909388,49134,2602:fed2:fc0:5e::1,Europe,3
2604:fbc0:1:1::,-6.943997,33.36587,13830,2604:fbc0:1:1::,North America,2
2606:6d00:eb0::252,56.375042,-65.98216,1403,2606:6d00:eb0::252,North America,2
2607:fad8::1:9,-1.5608643,26.559095,22652,2607:fad8::1:9,North America,2
2620:0:860:ffff::2,-3.1585867,27.924337,14907,2620:0:860:ffff::2,North America,2
27.111.228.107,-3.24557,-3.6602747,714,27.111.228.107,North America,2
27.111.228.162,-3.24557,-3.6602747,62955,27.111.228.162,North America,2
27.111.228.170,-3.24557,-3.6602747,136168,27.111.228.170,Asia,1
27.111.228.186,-30.120651,-5.0609117,14907,27.111.228.186,North America,2
27.111.228.201,-36.539585,-3.0949235,14061,27.111.228.201,North America,2
27.111.228.222,-36.27837,-2.8171713,199524,27.111.228.222,Europe,3
27.111.228.226,-2.3104377,-2.8302047,4775,27.111.228.226,Asia,1
27.111.228.43,2.0459213,-42.736965,3491,27.111.228.43,North America,2
27.111.228.46,-2.3104377,-2.8302047,9658,27.111.228.46,Asia,1
27.111.228.57,-1.9230285,-1.958205,8075,27.111.228.57,North America,2
27.111.228.6,-35.468727,-1.0966921,18106,27.111.228.6,Asia,1
27.111.229.109,13.525328,-27.279663,58952,27.111.229.109,Asia,1
27.111.229.123,28.230972,-25.71498,8220,27.111.229.123,Europe,3
27.111.229.143,-3.24557,-3.6602747,58500,27.111.229.143,Asia,1
27.111.229.174,-2.3104377,-2.8302047,38496,27.111.229.174,Asia,1
27.111.229.2,-3.7782803,-5.270974,9930,27.111.229.2,Asia,1
27.111.229.213,-4.6340547,-33.403587,137409,27.111.229.213,Oceania,6
27.111.229.219,-3.24557,-3.6602747,45896,27.111.229.219,Asia,1
27.111.229.239,-2.3104377,-2.8302047,17639,27.111.229.239,Asia,1
27.111.230.35,-39.427254,-5.368314,133210,27.111.230.35,Asia,1
2800:40:0:3::,-2.3104377,-2.8302047,16814,2800:40:0:3::,South America,4
2800:a0:401:c828:a2ca:2000::ca,-22.438305,19.266937,6057,2800:a0:401:c828:a2ca:2000::ca,South America,4
2803:3b80:1ee3:1000::1,-4.029384,-1.7933162,263702,2803:3b80:1ee3:1000::1,South America,4
2803:4dc0:50::1,7.0238376,26.81019,265721,2803:4dc0:50::1,North America,2
2803:a9e0::1,5.819959,31.612816,270014,2803:a9e0::1,South America,4
2803:c0::1,7.669481,26.76959,264756,2803:c0::1,South America,4
2803:cd60:1:1::1,5.9137206,29.051926,64116,2803:cd60:1:1::1,South America,4
2a00:1c10:10::8,-22.697908,20.754335,50300,2a00:1c10:10::8,Europe,3
2a00:1ca8:2a::e0,4.4247346,27.38205,202365,2a00:1ca8:2a::e0,Asia,1
2a00:1e68:112::1,3.1734946,27.622753,42861,2a00:1e68:112::1,Europe,3
2a00:1f28:0:1::2,6.496909,26.841578,43733,2a00:1f28:0:1::2,Asia,1
2a00:5884::6,3.4528344,26.116869,204092,2a00:5884::6,Europe,3
2a01:360:0:6::2,-4.0559816,25.731739,34549,2a01:360:0:6::2,Europe,3
2a01:367:c1f2::82,-22.684427,20.761415,211954,2a01:367:c1f2::82,Europe,3
2a01:4f8:c17:ec87::310c:46de,-34.47806,-14.57423,44393,2a01:4f8:c17:ec87::310c:46de,Europe,3
2a01:678::2,0.07896189,28.257383,29608,2a01:678::2,Europe,3
2a02:20c8:1f::12,-4.0712433,28.194674,50304,2a02:20c8:1f::12,Europe,3
2a02:38::2,-9.112595,35.73162,6881,2a02:38::2,Europe,3
2a02:47a0:a::1,4.977671,26.823547,49673,2a02:47a0:a::1,Europe,3
2a02:ed03:ffff::1,-23.064434,25.020475,61292,2a02:ed03:ffff::1,Europe,3
2a03:1b20:1:ff01::5,-5.458356,27.630836,39351,2a03:1b20:1:ff01::5,Europe,3
2a03:90c0:186::11a,-7.7139297,34.638515,46997,2a03:90c0:186::11a,North America,2
2a03:94e0:ffff:185:181:60::126,-22.140896,23.733305,207564,2a03:94e0:ffff:185:181:60::126,Europe,3
2a06:1287:3308:cafe::1,4.960774,26.746447,206499,2a06:1287:3308:cafe::1,Europe,3
2a06:e881:2000:7::1,-5.6592155,27.822935,206313,2a06:e881:2000:7::1,Europe,3
2a07:1c44:3100::1,-4.971107,28.257645,205593,2a07:1c44:3100::1,Europe,3
2a07:4280:0:48::156,6.673061,26.810799,48147,2a07:4280:0:48::156,Asia,1
2a07:59c6:ee00:9589::1,7.5284634,26.789703,139589,2a07:59c6:ee00:9589::1,Asia,1
2a07:a40::,-8.643602,35.05107,48821,2a07:a40::,Europe,3
2a09:4bc7:d021::,-7.280623,33.90802,131477,2a09:4bc7:d021::,Asia,1
2a09:4c0:100:5eb1::7ae9,6.325972,27.095976,60474,2a09:4c0:100:5eb1::7ae9,Europe,3
2a09:4c0:100:5eb1::7af2,-7.1130276,34.32917,35619,2a09:4c0:100:5eb1::7af2,,5
2a09:4c0:100:5eb1::7af5,34.983166,1.9212935,47422,2a09:4c0:100:5eb1::7af5,Europe,3
2a09:4c0:100:5eb1::7afb,-6.125385,32.095047,58057,2a09:4c0:100:5eb1::7afb,Europe,3
2a09:4c0:303:c232::5cfb,-8.560183,35.220024,58057,2a09:4c0:303:c232::5cfb,Europe,3
2a09:d180::2,-6.06949,34.606712,35710,2a09:d180::2,Europe,3
2a0a:3640:0:d::191,-7.9600563,34.584183,29504,2a0a:3640:0:d::191,Europe,3
2a0b:3b00::4,-20.419544,22.30712,50628,2a0b:3b00::4,Europe,3
2a0b:5cc0:0:ffff::254,4.963544,26.730146,49432,2a0b:5cc0:0:ffff::254,Europe,3
2a0b:a700:3::21,7.660878,26.774982,211722,2a0b:a700:3::21,Europe,3
2a0b:cbc0:2::1,3.6887548,30.213129,57199,2a0b:cbc0:2::1,Europe,3
2a0c:9a40:1009::1,-10.387604,36.49327,34927,2a0c:9a40:1009::1,Europe,3
2a0c:9a40:1038::1,-9.57575,38.209686,34927,2a0c:9a40:1038::1,Europe,3
2a0c:9a40:1::612,-8.438556,34.97548,49752,2a0c:9a40:1::612,Europe,3
2a0c:b640:ffff::28:99:112:120,-6.2051606,28.185137,34872,2a0c:b640:ffff::28:99:112:120,Europe,3
2a0c:b641:402::1,-14.697148,-27.502739,208709,2a0c:b641:402::1,Europe,3
2a0c:b642:fc0::1,-9.8708515,36.686993,34854,2a0c:b642:fc0::1,Europe,3
2a0d:f407:101:dead::1,4.3580756,26.571148,205148,2a0d:f407:101:dead::1,,5
2a0e:8f02:2000::6,-9.083208,35.711895,213045,2a0e:8f02:2000::6,Europe,3
2a0e:fd40:1::1,-8.082719,34.532825,44103,2a0e:fd40:1::1,Europe,3
2c0f:ee00::98:210,67.10179,-74.549355,37721,2c0f:ee00::98:210,Africa,0
2c0f:fa90:200:3:6::e,-2.3599215,27.05838,37271,2c0f:fa90:200:3:6::e,Africa,0
31.169.49.228,-4.8350143,-39.002636,50304,31.169.49.228,Europe,3
37.49.232.54,26.2514,-27.017752,8966,37.49.232.54,Asia,1
37.49.232.7,-17.551392,-22.590488,8218,37.49.232.7,Europe,3
37.49.236.1,-17.403997,-22.368982,8218,37.49.236.1,Europe,3
37.49.236.117,30.23878,2.6689382,57119,37.49.236.117,Europe,3
37.49.236.123,-34.29353,-2.1323671,198290,37.49.236.123,Europe,3
37.49.236.145,34.255505,2.4993882,49463,37.49.236.145,Europe,3
37.49.236.15,-35.479515,-4.5744424,204355,37.49.236.15,Europe,3
37.49.236.156,-32.415245,0.030555476,15547,37.49.236.156,Europe,3
37.49.236.172,-14.654223,-28.431974,58308,37.49.236.172,Europe,3
37.49.236.177,-12.21802,-22.950005,12779,37.49.236.177,Europe,3
37.49.236.178,26.251404,-27.01773,8966,37.49.236.178,Asia,1
37.49.236.205,-13.836812,-25.3679,29075,37.49.236.205,Europe,3
37.49.236.228,-38.286007,-1.2511494,24482,37.49.236.228,Asia,1
37.49.236.239,32.449677,1.4636782,60171,37.49.236.239,Europe,3
37.49.236.240,31.041426,0.81691396,43100,37.49.236.240,Europe,3
37.49.236.246,-40.797226,-6.637884,2613,37.49.236.246,Europe,3
37.49.236.249,0.46475175,-43.680157,49434,37.49.236.249,Europe,3
37.49.236.27,12.291687,-27.652903,57199,37.49.236.27,Europe,3
37.49.236.32,-13.18295,-27.328222,34177,37.49.236.32,Europe,3
37.49.236.34,-15.481985,-28.122507,35360,37.49.236.34,Europe,3
37.49.236.36,-12.991739,-28.108067,16347,37.49.236.36,Europe,3
37.49.236.55,11.616849,-27.890907,35600,37.49.236.55,Europe,3
37.49.236.58,28.328413,-25.615559,8220,37.49.236.58,Europe,3
37.49.236.61,-13.133431,-28.14069,8426,37.49.236.61,Europe,3
37.49.236.71,-4.9886756,-33.846928,34019,37.49.236.71,Europe,3
37.49.236.89,31.986792,3.2368114,15830,37.49.236.89,Europe,3
37.49.236.97,-0.4959717,-43.585583,41157,37.49.236.97,Europe,3
37.49.237.143,-34.23266,-3.496701,50628,37.49.237.143,Europe,3
37.49.237.175,-4.7331977,-39.196255,199524,37.49.237.175,Europe,3
37.49.237.176,30.23878,2.6689382,714,37.49.237.176,North America,2
37.49.237.180,24.70816,-26.259926,6461,37.49.237.180,North America,2
37.49.237.194,-34.468674,-14.5810995,204708,37.49.237.194,Europe,3
37.49.237.228,0.6027159,-43.91857,39533,37.49.237.228,Europe,3
37.49.237.231,-3.1331885,-36.61757,35426,37.49.237.231,Europe,3
37.49.237.239,12.529621,-27.72354,37721,37.49.237.239,Africa,0
37.49.237.46,-13.550434,-25.371796,56665,37.49.237.46,Europe,3
37.49.237.83,-17.712055,-25.482935,25091,37.49.237.83,Europe,3
38.19.140.162,-14.324635,-27.30229,54574,38.19.140.162,North America,2
43.251.115.197,-32.97022,-7.369001,132825,43.251.115.197,Oceania,6
45.116.179.212,-37.570793,-5.6595597,55720,45.116.179.212,Asia,1
45.134.89.1,17.041641,-27.846815,34927,45.134.89.1,Europe,3
45.14.68.30,32.059696,-0.71063155,139589,45.14.68.30,Asia,1
45.14.68.69,-15.602951,-28.320118,206499,45.14.68.69,Europe,3
45.146.4.16,-14.842727,-28.412296,44103,45.146.4.16,Europe,3
45.154.96.254,52.854347,-80.950745,208709,45.154.96.254,Europe,3
45.183.45.1,-34.380302,-14.736516,64116,45.183.45.1,South America,4
45.61.0.85,0.22013856,-43.09282,22652,45.61.0.85,North America,2
45.65.244.1,-40.578438,-6.403886,265721,45.65.244.1,North America,2
49.12.70.222,-34.47817,-14.5743685,44393,49.12.70.222,Europe,3
5.178.95.254,-13.6717,-28.892372,59919,5.178.95.254,Europe,3
5.188.4.211,-41.61858,-6.9723268,46997,5.188.4.211,North America,2
5.255.90.109,-15.376069,-28.842958,202365,5.255.90.109,Asia,1
5.57.80.113,-1.0030344,-37.68617,15692,5.57.80.113,Europe,3
5.57.80.146,32.27934,-1.4905111,49375,5.57.80.146,Europe,3
5.57.80.165,33.345905,0.85868514,35313,5.57.80.165,Asia,1
5.57.80.174,-2.3320086,-35.17071,28792,5.57.80.174,Europe,3
5.57.80.210,-17.404074,-22.666594,8218,5.57.80.210,Europe,3
5.57.81.174,34.509457,0.7895247,34790,5.57.81.174,Europe,3
5.57.81.186,-1.5059823,-41.943344,6894,5.57.81.186,Europe,3
5.57.81.21,-18.443447,-29.17459,6908,5.57.81.21,Europe,3
5.57.81.216,-0.9128671,-43.298183,35266,5.57.81.216,Europe,3
5.57.81.253,33.907787,0.8815064,59816,5.57.81.253,Europe,3
5.57.81.57,31.45348,-1.2684816,714,5.57.81.57,North America,2
5.57.81.76,-36.91247,-5.1379066,36924,5.57.81.76,Africa,0
64.246.96.5,-35.12961,-4.635008,20205,64.246.96.5,North America,2
72.22.223.9,-39.62537,-6.6628127,11708,72.22.223.9,North America,2
79.143.241.12,16.458748,-27.946617,29608,79.143.241.12,Europe,3
80.249.208.104,30.99973,-0.2126347,3292,80.249.208.104,Europe,3
80.249.208.106,1.6639876,-41.714592,6830,80.249.208.106,Europe,3
80.249.208.107,33.711754,-0.424664,20495,80.249.208.107,Europe,3
80.249.208.111,-34.800022,-2.1686323,30132,80.249.208.111,North America,2
80.249.208.112,33.236492,-1.1976886,41327,80.249.208.112,Europe,3
80.249.208.116,34.598095,-0.6724155,6730,80.249.208.116,Europe,3
80.249.208.122,17.264036,-28.363129,6461,80.249.208.122,North America,2
80.249.208.126,33.316677,0.22314401,24875,80.249.208.126,Europe,3
80.249.208.149,0.5212342,-43.102383,15435,80.249.208.149,Europe,3
80.249.208.160,34.92088,0.5693506,5466,80.249.208.160,Europe,3
80.249.208.162,32.515812,0.4307648,49544,80.249.208.162,Europe,3
80.249.208.165,33.345905,0.85868514,12414,80.249.208.165,Europe,3
80.249.208.171,35.21314,0.5804376,15703,80.249.208.171,Europe,3
80.249.208.180,32.95345,-2.3413992,9031,80.249.208.180,Europe,3
80.249.208.189,13.726075,-29.380754,20562,80.249.208.189,Europe,3
80.249.208.200,-14.485204,-26.566553,12859,80.249.208.200,Europe,3
80.249.208.208,16.223333,-29.780237,12956,80.249.208.208,Europe,3
80.249.208.209,0.72640824,-43.64047,51088,80.249.208.209,Europe,3
80.249.208.215,35.261898,-0.11893373,16265,80.249.208.215,Europe,3
80.249.208.233,33.144283,0.9399402,31027,80.249.208.233,Europe,3
80.249.208.236,28.203661,-25.734947,8220,80.249.208.236,Europe,3
80.249.208.250,31.741999,0.13259557,42,80.249.208.250,North America,2
80.249.208.34,-35.15459,-1.3627701,1103,80.249.208.34,Europe,3
80.249.208.49,-3.3108883,-36.2704,1140,80.249.208.49,Europe,3
80.249.208.51,32.95345,-2.3413992,8708,80.249.208.51,Europe,3
80.249.208.66,31.85325,-2.4956164,5583,80.249.208.66,Europe,3
80.249.208.87,26.969566,-27.518124,6774,80.249.208.87,Europe,3
80.249.208.95,32.95345,-2.3413992,5413,80.249.208.95,Europe,3
80.249.209.104,34.500538,-1.7622322,5524,80.249.209.104,Europe,3
80.249.209.115,31.18706,-2.2877586,32934,80.249.209.115,North America,2
80.249.209.119,32.95345,-2.3413992,13101,80.249.209.119,Europe,3
80.249.209.145,-18.439545,-29.170622,6908,80.249.209.145,Europe,3
80.249.209.150,18.543016,-27.537523,6939,80.249.209.150,North America,2
80.249.209.164,33.893284,-2.0200634,32934,80.249.209.164,North America,2
80.249.209.167,1.9670199,-42.8708,6453,80.249.209.167,North America,2
80.249.209.17,33.942287,-2.838254,12779,80.249.209.17,Europe,3
80.249.209.176,-34.791283,-2.012494,14907,80.249.209.176,North America,2
80.249.209.255,12.897365,-28.254513,3214,80.249.209.255,Europe,3
80.249.209.53,-17.404074,-22.666594,8218,80.249.209.53,Europe,3
80.249.209.74,34.636826,-2.580013,21263,80.249.209.74,Europe,3
80.249.209.89,26.2514,-27.017752,8966,80.249.209.89,Asia,1
80.249.210.134,-4.9870515,-33.845966,34019,80.249.210.134,Europe,3
80.249.210.137,31.85325,-2.4956164,21320,80.249.210.137,Europe,3
80.249.210.150,1.0495805,-42.540516,199524,80.249.210.150,Europe,3
80.249.210.153,-36.27628,0.97011864,24482,80.249.210.153,Asia,1
80.249.210.156,-5.00032,-39.02503,6233,80.249.210.156,North America,2
80.249.210.163,-34.341515,-1.030296,51185,80.249.210.163,Europe,3
80.249.210.189,13.164434,-29.544416,37721,80.249.210.189,Africa,0
80.249.210.208,-33.920654,-1.7839338,29467,80.249.210.208,Europe,3
80.249.210.70,-14.117865,-26.30503,50673,80.249.210.70,Europe,3
80.249.210.78,-35.708557,-1.2239705,59605,80.249.210.78,Asia,1
80.249.210.85,-21.251202,-64.544174,25160,80.249.210.85,Europe,3
80.249.210.89,39.072987,9.102427,31042,80.249.210.89,Europe,3
80.249.210.99,-2.0878384,-39.74649,50763,80.249.210.99,Europe,3
80.249.211.160,38.265835,8.476382,714,80.249.211.160,North America,2
80.249.211.161,-34.927498,-2.2307518,8283,80.249.211.161,Europe,3
80.249.211.198,38.283493,9.504943,6866,80.249.211.198,Asia,1
80.249.211.217,-34.67012,-1.5077459,8455,80.249.211.217,Europe,3
80.249.211.237,-14.5585575,-27.296661,199938,80.249.211.237,Europe,3
80.249.211.82,38.987648,6.2913527,200020,80.249.211.82,Europe,3
80.249.213.102,-15.055469,-23.394184,47147,80.249.213.102,Europe,3
80.249.213.107,-39.588127,-2.7360826,60501,80.249.213.107,Europe,3
80.249.213.136,39.279427,5.2241344,44684,80.249.213.136,Europe,3
80.249.214.179,37.746178,4.844061,199181,80.249.214.179,Europe,3
80.67.167.1,12.29103,-27.65289,57199,80.67.167.1,Europe,3
80.77.16.114,-13.681092,-25.522472,34549,80.77.16.114,Europe,3
80.81.192.100,36.97225,7.2112956,9063,80.81.192.100,Europe,3
80.81.192.11,39.279427,5.2241344,5413,80.81.192.11,Europe,3
80.81.192.113,26.114038,-25.812586,35320,80.81.192.113,Europe,3
80.81.192.121,-13.198095,-24.595182,1239,80.81.192.121,North America,2
80.81.192.123,36.972088,8.258886,8560,80.81.192.123,Europe,3
80.81.192.13,-18.537523,-22.665411,8218,80.81.192.13,Europe,3
80.81.192.138,39.17903,7.085359,15600,80.81.192.138,Europe,3
80.81.192.162,-14.081422,-25.841576,24961,80.81.192.162,Europe,3
80.81.192.168,38.57398,7.552041,20940,80.81.192.168,Europe,3
80.81.192.172,18.648596,-27.515968,6939,80.81.192.172,North America,2
80.81.192.173,37.27618,9.68799,21320,80.81.192.173,Europe,3
80.81.192.175,-14.638871,-25.258196,553,80.81.192.175,Europe,3
80.81.192.187,25.83666,-26.091877,33891,80.81.192.187,Europe,3
80.81.192.191,26.48552,-23.536861,8551,80.81.192.191,Asia,1
80.81.192.194,2.674656,-43.0196,6762,80.81.192.194,Europe,3
80.81.192.207,37.712845,7.7085276,12713,80.81.192.207,Europe,3
80.81.192.222,-4.734336,-39.188435,680,80.81.192.222,Europe,3
80.81.192.228,26.2514,-27.017752,8966,80.81.192.228,Asia,1
80.81.192.231,-9.884899,-31.900234,57695,80.81.192.231,North America,2
80.81.192.244,-18.44409,-29.163614,6908,80.81.192.244,Europe,3
80.81.192.250,38.283493,9.504943,21263,80.81.192.250,Europe,3
80.81.192.28,37.55283,8.795772,20940,80.81.192.28,Europe,3
80.81.192.3,39.507946,8.626286,21473,80.81.192.3,Europe,3
80.81.192.46,2.9342284,-44.44515,2914,80.81.192.46,North America,2
80.81.192.49,36.318657,5.472412,5430,80.81.192.49,Europe,3
80.81.192.52,37.213467,5.479103,60169,80.81.192.52,Europe,3
80.81.192.6,37.3352,8.605353,8365,80.81.192.6,Europe,3
80.81.192.61,28.203661,-25.734947,8220,80.81.192.61,Europe,3
80.81.192.69,36.11776,7.166812,8447,80.81.192.69,Europe,3
80.81.192.78,24.86725,-27.3024,8359,80.81.192.78,Europe,3
80.81.192.79,38.106686,5.936717,21385,80.81.192.79,Europe,3
80.81.192.83,36.11776,7.166812,13101,80.81.192.83,Europe,3
80.81.192.87,38.587067,6.7644176,8708,80.81.192.87,Europe,3
80.81.193.139,-10.759872,-25.663689,48362,80.81.193.139,Europe,3
80.81.193.141,-13.925586,-26.124489,14061,80.81.193.141,North America,2
80.81.193.145,-4.987245,-33.845695,34019,80.81.193.145,Europe,3
80.81.193.153,35.759453,6.176837,6866,80.81.193.153,Asia,1
80.81.193.18,-39.86916,0.8652967,24482,80.81.193.18,Asia,1
80.81.193.194,-34.317715,-1.7719684,48919,80.81.193.194,Europe,3
80.81.193.252,-13.993609,-25.741358,199524,80.81.193.252,Europe,3
80.81.193.61,28.328413,-25.615559,8220,80.81.193.61,Europe,3
80.81.193.65,40.186653,-91.74655,51184,80.81.193.65,Europe,3
80.81.194.100,-15.464427,-24.853874,47692,80.81.194.100,Europe,3
80.81.194.119,-34.69183,-1.618846,34288,80.81.194.119,Europe,3
80.81.194.131,-14.86788,-25.070318,20811,80.81.194.131,Europe,3
80.81.194.140,-14.779307,-25.402342,25220,80.81.194.140,Europe,3
80.81.194.186,-12.227982,-22.96549,12779,80.81.194.186,Europe,3
80.81.194.190,35.36768,6.8361964,31042,80.81.194.190,Europe,3
80.81.194.213,12.181056,-28.515251,3214,80.81.194.213,Europe,3
80.81.194.215,37.756783,6.7874246,42708,80.81.194.215,Europe,3
80.81.194.26,16.789753,-28.926277,6461,80.81.194.26,North America,2
80.81.194.40,36.40567,5.711539,32934,80.81.194.40,North America,2
80.81.194.45,-38.657494,-4.7072725,205112,80.81.194.45,Europe,3
80.81.194.59,-14.42692,-26.226864,29140,80.81.194.59,Europe,3
80.81.194.79,38.106686,5.936717,31027,80.81.194.79,Europe,3
80.81.194.83,25.769945,-26.584133,50384,80.81.194.83,Europe,3
80.81.195.14,-39.588127,-2.7360826,60501,80.81.195.14,Europe,3
80.81.195.143,-34.771854,0.19302984,51185,80.81.195.143,Europe,3
80.81.195.146,-41.42248,-7.0084386,209102,80.81.195.146,Europe,3
80.81.195.166,-15.212832,-23.35852,47147,80.81.195.166,Europe,3
80.81.195.171,-16.2088,-27.399086,64475,80.81.195.171,Europe,3
80.81.195.178,-36.78978,-7.642989,206356,80.81.195.178,Europe,3
80.81.195.219,-16.547928,-27.293285,58057,80.81.195.219,Europe,3
80.81.195.241,-38.231434,-3.7242577,49697,80.81.195.241,Europe,3
80.81.195.252,-0.32898217,-6.260316,18403,80.81.195.252,Asia,1
80.81.195.35,-15.7961,-26.629848,35710,80.81.195.35,Europe,3
80.81.195.40,39.927517,7.68036,32934,80.81.195.40,North America,2
80.81.195.98,-5.082392,-33.458134,6233,80.81.195.98,North America,2
80.81.196.120,12.016337,-28.304045,37721,80.81.196.120,Africa,0
80.81.196.146,40.36494,6.9360723,41327,80.81.196.146,Europe,3
80.81.196.156,-33.961334,-1.8819757,34927,80.81.196.156,Europe,3
80.81.196.189,-33.53153,-1.6072792,21412,80.81.196.189,Europe,3
80.81.196.197,-32.97774,-1.3937696,58299,80.81.196.197,Europe,3
80.81.196.225,-38.036156,-7.2817683,213151,80.81.196.225,Europe,3
80.81.196.239,36.754635,8.061392,59890,80.81.196.239,Europe,3
80.81.196.241,12.32215,-28.595833,206499,80.81.196.241,Europe,3
86.104.125.1,17.053633,-27.757265,39107,86.104.125.1,Europe,3
86.104.125.108,15.902979,-26.919758,33823,86.104.125.108,Europe,3
86.104.125.113,15.47423,-27.470243,35505,86.104.125.113,Europe,3
86.104.125.130,36.11776,7.166812,8075,86.104.125.130,North America,2
86.104.125.132,38.106686,5.936717,203929,86.104.125.132,Europe,3
86.104.125.145,15.613507,-28.076511,3233,86.104.125.145,Europe,3
86.104.125.156,0.8206452,-35.253174,48571,86.104.125.156,Europe,3
86.104.125.167,38.57398,7.552041,6830,86.104.125.167,Europe,3
86.104.125.170,16.53741,-27.15705,203574,86.104.125.170,Europe,3
86.104.125.47,0.93874973,-35.165356,39668,86.104.125.47,Europe,3
86.104.125.53,-14.584916,-28.968964,57050,86.104.125.53,Europe,3
86.104.125.59,-39.41604,-6.277926,56430,86.104.125.59,Europe,3
86.104.125.66,15.902815,-26.919632,35267,86.104.125.66,Europe,3
86.104.125.67,36.53359,9.063916,10310,86.104.125.67,North America,2
86.104.125.81,16.092596,-27.11339,31554,86.104.125.81,Europe,3
86.104.125.93,-1.1703919,-43.744545,31313,86.104.125.93,Europe,3
86.104.125.97,28.230972,-25.71498,8220,86.104.125.97,Europe,3
89.234.186.6,-9.885921,-31.89886,204092,89.234.186.6,Europe,3
91.132.202.2,-15.643762,-26.743618,35710,91.132.202.2,Europe,3
91.206.52.103,-39.389763,-6.035448,196621,91.206.52.103,Europe,3
91.206.52.109,-33.76178,-2.0048077,198385,91.206.52.109,Europe,3
91.206.52.115,16.789753,-28.926275,6461,91.206.52.115,North America,2
91.206.52.116,-18.684166,-22.879255,8218,91.206.52.116,Europe,3
91.206.52.117,-17.912386,-25.609474,25091,91.206.52.117,Europe,3
91.206.52.126,-34.4761,-14.575592,20612,91.206.52.126,Europe,3
91.206.52.127,-34.47625,-14.575575,20612,91.206.52.127,Europe,3
91.206.52.130,-32.822834,-1.9586995,58299,91.206.52.130,Europe,3
91.206.52.141,-37.341434,-8.304386,59891,91.206.52.141,Europe,3
91.206.52.149,-32.587887,-0.10717153,15547,91.206.52.149,Europe,3
91.206.52.15,-34.69925,-4.687515,15623,91.206.52.15,Europe,3
91.206.52.157,-38.428352,-6.465899,48550,91.206.52.157,Europe,3
91.206.52.17,-34.68605,-2.8089232,31424,91.206.52.17,Europe,3
91.206.52.172,28.32848,-25.615604,8220,91.206.52.172,Europe,3
91.206.52.177,-36.413025,-5.4949465,58057,91.206.52.177,Europe,3
91.206.52.180,-12.513777,-25.256657,62167,91.206.52.180,Europe,3
91.206.52.197,-35.16188,-4.8615937,51873,91.206.52.197,Europe,3
91.206.52.205,-39.869175,0.8657361,24482,91.206.52.205,Asia,1
91.206.52.216,15.420666,-28.006544,202032,91.206.52.216,Europe,3
91.206.52.219,11.141778,-28.264225,60501,91.206.52.219,Europe,3
91.206.52.233,-4.988588,-33.84704,34019,91.206.52.233,Europe,3
91.206.52.236,-12.798106,-28.662075,34927,91.206.52.236,Europe,3
91.206.52.246,-38.426094,-6.6778,51786,91.206.52.246,Europe,3
91.206.52.32,-37.22217,-7.378549,21232,91.206.52.32,Europe,3
91.206.52.38,25.741003,-88.85925,59890,91.206.52.38,Europe,3
91.206.52.40,-10.958729,-25.692745,48362,91.206.52.40,Europe,3
91.206.52.5,-14.890466,-23.209131,47147,91.206.52.5,Europe,3
91.206.52.57,70.776634,-60.438915,51184,91.206.52.57,Europe,3
91.206.52.60,-32.97019,-7.369872,202194,91.206.52.60,Europe,3
91.206.52.68,-37.24221,-7.724604,12307,91.206.52.68,Europe,3
91.206.52.9,-35.67361,-7.0438733,29691,91.206.52.9,Europe,3
91.206.52.90,-35.795547,-6.487686,59414,91.206.52.90,Europe,3
91.206.52.94,35.66948,8.67286,1836,91.206.52.94,Europe,3
91.206.53.12,-37.951847,-4.065655,50869,91.206.53.12,Europe,3
91.212.242.251,-15.389145,-28.39071,49420,91.212.242.251,Europe,3
93.159.141.1,-15.051359,-28.059505,49102,93.159.141.1,Europe,3
93.159.187.1,-15.547165,-28.23443,205148,93.159.187.1,,5
94.177.122.233,-40.569054,-4.2243857,60474,94.177.122.233,Europe,3
94.177.122.242,-41.608566,-4.622508,35619,94.177.122.242,,5
94.177.122.245,37.090855,6.323861,47422,94.177.122.245,Europe,3
94.177.122.251,-36.750225,-5.060021,58057,94.177.122.251,Europe,3
94.247.111.254,-40.30098,-6.558193,49673,94.247.111.254,Europe,3
97.107.176.1,7.7502856,-1.9991453,6391,97.107.176.1,North America,2
